object_type,source_catalog,source_id,scientific_name,host_object_id,host_name,ra_deg,dec_deg,distance_ly,apparent_magnitude,radius_earth,mass_earth,orbital_period_days,equilibrium_temperature_k,discovery_year,discovery_method,discovery_reference,visual_seed,visual_category,source_updated_at,raw_data
planet,NASA_EXOPLANET_ARCHIVE,GJ 674 b,GJ 674 b,0395986a-1498-4ff2-b1b7-d41442e38e4a,GJ 674,262.1700476,-46.8989826,14.836706,,3.33,,4.6938,531,2007,Radial Velocity, Bonfils et al. 2007 ,1104009695,rocky,2026-09-18T14:51:26.782Z,"{""pl_name"":""GJ 674 b"",""hostname"":""GJ 674"",""gaia_dr3_id"":""Gaia DR3 5951824121022278144"",""ra"":262.1700476,""dec"":-46.8989826,""sy_dist"":4.54896,""sy_gaiamag"":8.33063,""pl_rade"":3.33,""pl_radelim"":0,""pl_bmasse"":11.09,""pl_bmasselim"":0,""pl_bmassprov"":""Msini"",""pl_orbper"":4.6938,""pl_orbperlim"":0,""pl_orbsmax"":0.039,""pl_eqt"":530.8,""pl_eqtlim"":0,""disc_year"":2007,""discoverymethod"":""Radial Velocity"",""disc_refname"":""<a refstr=BONFILS_ET_AL__2007 href=https://ui.adsabs.harvard.edu/abs/2007A&A...474..293B/abstract target=ref> Bonfils et al. 2007 </a>"",""import_batch"":""astralys_nasa_confirmed_planets_20260918"",""discovery_status"":""confirmed"",""table"":""pscomppars"",""gaia_host_source_id"":""5951824121022278144"",""orbit_order"":1,""retrieved_at"":""2026-09-18T14:51:26.782Z"",""sky_position_kind"":""host_system_direction"",""visual_is_interpretation"":true,""best_mass_is_minimum"":true}"
planet,NASA_EXOPLANET_ARCHIVE,HD 69830 c,HD 69830 c,e2a14915-004a-411c-be6e-989717867a4f,HD 69830,124.6010091,-12.6364246,40.962258,,3.46,,31.56,567,2006,Radial Velocity, Lovis et al. 2006 ,1121289884,rocky,2026-09-18T14:51:26.782Z,"{""pl_name"":""HD 69830 c"",""hostname"":""HD 69830"",""gaia_dr3_id"":""Gaia DR3 5726982995343100928"",""ra"":124.6010091,""dec"":-12.6364246,""sy_dist"":12.5591,""sy_gaiamag"":5.75392,""pl_rade"":3.46,""pl_radelim"":0,""pl_bmasse"":11.8,""pl_bmasselim"":0,""pl_bmassprov"":""Msini"",""pl_orbper"":31.56,""pl_orbperlim"":0,""pl_orbsmax"":0.186,""pl_eqt"":567.04,""pl_eqtlim"":0,""disc_year"":2006,""discoverymethod"":""Radial Velocity"",""disc_refname"":""<a refstr=LOVIS_ET_AL__2006 href=https://ui.adsabs.harvard.edu/abs/2006Natur.441..305L/abstract target=ref> Lovis et al. 2006 </a>"",""import_batch"":""astralys_nasa_confirmed_planets_20260918"",""discovery_status"":""confirmed"",""table"":""pscomppars"",""gaia_host_source_id"":""5726982995343100928"",""orbit_order"":2,""retrieved_at"":""2026-09-18T14:51:26.782Z"",""sky_position_kind"":""host_system_direction"",""visual_is_interpretation"":true,""best_mass_is_minimum"":true}"
planet,NASA_EXOPLANET_ARCHIVE,GJ 3021 b,GJ 3021 b,c9e98e0b-e421-48b9-a896-ec9963ee1a62,GJ 3021,4.0634323,-79.8514218,57.259621,,13.1,,133.71,350,2000,Radial Velocity, Naef et al. 2001 ,762840933,gas,2026-09-18T14:51:26.782Z,"{""pl_name"":""GJ 3021 b"",""hostname"":""GJ 3021"",""gaia_dr3_id"":""Gaia DR3 4634528720388462592"",""ra"":4.0634323,""dec"":-79.8514218,""sy_dist"":17.5559,""sy_gaiamag"":6.39729,""pl_rade"":13.1,""pl_radelim"":0,""pl_bmasse"":1071.04,""pl_bmasselim"":0,""pl_bmassprov"":""Msini"",""pl_orbper"":133.71,""pl_orbperlim"":0,""pl_orbsmax"":0.49,""pl_eqt"":350,""pl_eqtlim"":0,""disc_year"":2000,""discoverymethod"":""Radial Velocity"",""disc_refname"":""<a refstr=NAEF_ET_AL__2001 href=https://ui.adsabs.harvard.edu/abs/2001A&A...375..205N/abstract target=ref> Naef et al. 2001 </a>"",""import_batch"":""astralys_nasa_confirmed_planets_20260918"",""discovery_status"":""confirmed"",""table"":""pscomppars"",""gaia_host_source_id"":""4634528720388462592"",""orbit_order"":1,""retrieved_at"":""2026-09-18T14:51:26.782Z"",""sky_position_kind"":""host_system_direction"",""visual_is_interpretation"":true,""best_mass_is_minimum"":true}"
planet,NASA_EXOPLANET_ARCHIVE,HD 221287 b,HD 221287 b,23282944-c06b-4522-944f-8dc6c08867d2,HD 221287,352.836223,-58.209754,182.396546,,13.1,,456.1,290,2007,Radial Velocity, Naef et al. 2007 ,1452514636,gas,2026-09-18T14:51:26.782Z,"{""pl_name"":""HD 221287 b"",""hostname"":""HD 221287"",""gaia_dr3_id"":""Gaia DR3 6489603813690967808"",""ra"":352.836223,""dec"":-58.209754,""sy_dist"":55.9231,""sy_gaiamag"":7.68153,""pl_rade"":13.1,""pl_radelim"":0,""pl_bmasse"":982.05,""pl_bmasselim"":0,""pl_bmassprov"":""Msini"",""pl_orbper"":456.1,""pl_orbperlim"":0,""pl_orbsmax"":1.25,""pl_eqt"":290.13,""pl_eqtlim"":0,""disc_year"":2007,""discoverymethod"":""Radial Velocity"",""disc_refname"":""<a refstr=NAEF_ET_AL__2007 href=https://ui.adsabs.harvard.edu/abs/2007A&A...470..721N/abstract target=ref> Naef et al. 2007 </a>"",""import_batch"":""astralys_nasa_confirmed_planets_20260918"",""discovery_status"":""confirmed"",""table"":""pscomppars"",""gaia_host_source_id"":""6489603813690967808"",""orbit_order"":1,""retrieved_at"":""2026-09-18T14:51:26.782Z"",""sky_position_kind"":""host_system_direction"",""visual_is_interpretation"":true,""best_mass_is_minimum"":true}"
planet,NASA_EXOPLANET_ARCHIVE,HD 107148 b,HD 107148 b,d4413e2c-5d8d-4fc7-b2a1-c237becc11d7,HD 107148,184.8059773,-3.3199927,161.171944,,9.6,,48.056,583,2005,Radial Velocity, Butler et al. 2006 ,1826476584,gas,2026-09-18T14:51:26.782Z,"{""pl_name"":""HD 107148 b"",""hostname"":""HD 107148"",""gaia_dr3_id"":""Gaia DR3 3693358861640279296"",""ra"":184.8059773,""dec"":-3.3199927,""sy_dist"":49.4156,""sy_gaiamag"":7.85111,""pl_rade"":9.6,""pl_radelim"":0,""pl_bmasse"":66.741,""pl_bmasselim"":0,""pl_bmassprov"":""Msini"",""pl_orbper"":48.056,""pl_orbperlim"":0,""pl_orbsmax"":0.269,""pl_eqt"":582.78,""pl_eqtlim"":0,""disc_year"":2005,""discoverymethod"":""Radial Velocity"",""disc_refname"":""<a refstr=BUTLER_ET_AL__2006 href=https://ui.adsabs.harvard.edu/abs/2006ApJ...646..505B/abstract target=ref> Butler et al. 2006 </a>"",""import_batch"":""astralys_nasa_confirmed_planets_20260918"",""discovery_status"":""confirmed"",""table"":""pscomppars"",""gaia_host_source_id"":""3693358861640279296"",""orbit_order"":2,""retrieved_at"":""2026-09-18T14:51:26.782Z"",""sky_position_kind"":""host_system_direction"",""visual_is_interpretation"":true,""best_mass_is_minimum"":true}"
planet,NASA_EXOPLANET_ARCHIVE,HD 179949 b,HD 179949 b,f13df77f-ba56-4f03-a002-022527ac3252,HD 179949,288.8890182,-24.1797939,89.553631,,13.9,,3.092514,1591,2000,Radial Velocity, Tinney et al. 2001 ,1205219825,gas,2026-09-18T14:51:26.782Z,"{""pl_name"":""HD 179949 b"",""hostname"":""HD 179949"",""gaia_dr3_id"":""Gaia DR3 6770313530317154560"",""ra"":288.8890182,""dec"":-24.1797939,""sy_dist"":27.4573,""sy_gaiamag"":6.1106,""pl_rade"":13.9,""pl_radelim"":0,""pl_bmasse"":291.12,""pl_bmasselim"":0,""pl_bmassprov"":""Msini"",""pl_orbper"":3.092514,""pl_orbperlim"":0,""pl_orbsmax"":0.0443,""pl_eqt"":1590.53,""pl_eqtlim"":0,""disc_year"":2000,""discoverymethod"":""Radial Velocity"",""disc_refname"":""<a refstr=TINNEY_ET_AL__2001 href=https://ui.adsabs.harvard.edu/abs/2001ApJ...551..507T/abstract target=ref> Tinney et al. 2001 </a>"",""import_batch"":""astralys_nasa_confirmed_planets_20260918"",""discovery_status"":""confirmed"",""table"":""pscomppars"",""gaia_host_source_id"":""6770313530317154560"",""orbit_order"":1,""retrieved_at"":""2026-09-18T14:51:26.782Z"",""sky_position_kind"":""host_system_direction"",""visual_is_interpretation"":true,""best_mass_is_minimum"":true}"
planet,NASA_EXOPLANET_ARCHIVE,HD 27442 b,HD 27442 b,7d9d6372-22fb-46a0-928a-b687ccd21fa1,HD 27442,64.1205476,-59.3028771,59.590006,,13.5,,428.1,370,2000,Radial Velocity, Butler et al. 2001 ,1706245125,gas,2026-09-18T14:51:26.782Z,"{""pl_name"":""HD 27442 b"",""hostname"":""HD 27442"",""gaia_dr3_id"":""Gaia DR3 4678664766393829504"",""ra"":64.1205476,""dec"":-59.3028771,""sy_dist"":18.2704,""sy_gaiamag"":4.14532,""pl_rade"":13.5,""pl_radelim"":0,""pl_bmasse"":495.8,""pl_bmasselim"":0,""pl_bmassprov"":""Msini"",""pl_orbper"":428.1,""pl_orbperlim"":0,""pl_orbsmax"":1.271,""pl_eqt"":369.62,""pl_eqtlim"":0,""disc_year"":2000,""discoverymethod"":""Radial Velocity"",""disc_refname"":""<a refstr=BUTLER_ET_AL__2001 href=https://ui.adsabs.harvard.edu/abs/2001ApJ...555..410B/abstract target=ref> Butler et al. 2001 </a>"",""import_batch"":""astralys_nasa_confirmed_planets_20260918"",""discovery_status"":""confirmed"",""table"":""pscomppars"",""gaia_host_source_id"":""4678664766393829504"",""orbit_order"":1,""retrieved_at"":""2026-09-18T14:51:26.782Z"",""sky_position_kind"":""host_system_direction"",""visual_is_interpretation"":true,""best_mass_is_minimum"":true}"
planet,NASA_EXOPLANET_ARCHIVE,HD 46375 b,HD 46375 b,686b1069-35c8-412b-896c-8d394ff7b81c,HD 46375,98.3030763,5.4625071,96.388557,,10,,3.023573,1221,2000,Radial Velocity, Marcy et al. 2000 ,285771324,gas,2026-09-18T14:51:26.782Z,"{""pl_name"":""HD 46375 b"",""hostname"":""HD 46375"",""gaia_dr3_id"":""Gaia DR3 3131777319158581376"",""ra"":98.3030763,""dec"":5.4625071,""sy_dist"":29.5529,""sy_gaiamag"":7.69533,""pl_rade"":10,""pl_radelim"":0,""pl_bmasse"":71.8,""pl_bmasselim"":0,""pl_bmassprov"":""Msini"",""pl_orbper"":3.023573,""pl_orbperlim"":0,""pl_orbsmax"":0.0398,""pl_eqt"":1221.4,""pl_eqtlim"":0,""disc_year"":2000,""discoverymethod"":""Radial Velocity"",""disc_refname"":""<a refstr=MARCY_ET_AL__2000 href=https://ui.adsabs.harvard.edu/abs/2000ApJ...536L..43M/abstract target=ref> Marcy et al. 2000 </a>"",""import_batch"":""astralys_nasa_confirmed_planets_20260918"",""discovery_status"":""confirmed"",""table"":""pscomppars"",""gaia_host_source_id"":""3131777319158581376"",""orbit_order"":1,""retrieved_at"":""2026-09-18T14:51:26.782Z"",""sky_position_kind"":""host_system_direction"",""visual_is_interpretation"":true,""best_mass_is_minimum"":true}"
planet,NASA_EXOPLANET_ARCHIVE,HD 109749 b,HD 109749 b,535c1195-f0d3-41ad-ba3d-da84718d05f9,HD 109749,189.3173489,-40.8121458,205.746054,,11.1,,5.239891,1251,2005,Radial Velocity, Fischer et al. 2006 ,1243007484,gas,2026-09-18T14:51:26.782Z,"{""pl_name"":""HD 109749 b"",""hostname"":""HD 109749"",""gaia_dr3_id"":""Gaia DR3 6147000074988843264"",""ra"":189.3173489,""dec"":-40.8121458,""sy_dist"":63.0821,""sy_gaiamag"":8.02456,""pl_rade"":11.1,""pl_radelim"":0,""pl_bmasse"":85.8141,""pl_bmasselim"":0,""pl_bmassprov"":""Msini"",""pl_orbper"":5.239891,""pl_orbperlim"":0,""pl_orbsmax"":0.0615,""pl_eqt"":1250.83,""pl_eqtlim"":0,""disc_year"":2005,""discoverymethod"":""Radial Velocity"",""disc_refname"":""<a refstr=FISCHER_ET_AL__2006 href=https://ui.adsabs.harvard.edu/abs/2006ApJ...637.1094F/abstract target=ref> Fischer et al. 2006 </a>"",""import_batch"":""astralys_nasa_confirmed_planets_20260918"",""discovery_status"":""confirmed"",""table"":""pscomppars"",""gaia_host_source_id"":""6147000074988843264"",""orbit_order"":1,""retrieved_at"":""2026-09-18T14:51:26.782Z"",""sky_position_kind"":""host_system_direction"",""visual_is_interpretation"":true,""best_mass_is_minimum"":true}"
planet,NASA_EXOPLANET_ARCHIVE,HD 149143 b,HD 149143 b,9da050c8-52b0-4215-aa20-f0c4dd587769,HD 149143,248.2126715,2.0844547,239.007443,,13.6,,4.07182,1472,2005,Radial Velocity, da Silva et al. 2006 ,1706566052,gas,2026-09-18T14:51:26.782Z,"{""pl_name"":""HD 149143 b"",""hostname"":""HD 149143"",""gaia_dr3_id"":""Gaia DR3 4432401099808805888"",""ra"":248.2126715,""dec"":2.0844547,""sy_dist"":73.2801,""sy_gaiamag"":7.74081,""pl_rade"":13.6,""pl_radelim"":0,""pl_bmasse"":422.7139,""pl_bmasselim"":0,""pl_bmassprov"":""Msini"",""pl_orbper"":4.07182,""pl_orbperlim"":0,""pl_orbsmax"":0.053,""pl_eqt"":1471.9,""pl_eqtlim"":0,""disc_year"":2005,""discoverymethod"":""Radial Velocity"",""disc_refname"":""<a refstr=DA_SILVA_ET_AL__2006 href=https://ui.adsabs.harvard.edu/abs/2006A&A...446..717D/abstract target=ref> da Silva et al. 2006 </a>"",""import_batch"":""astralys_nasa_confirmed_planets_20260918"",""discovery_status"":""confirmed"",""table"":""pscomppars"",""gaia_host_source_id"":""4432401099808805888"",""orbit_order"":1,""retrieved_at"":""2026-09-18T14:51:26.782Z"",""sky_position_kind"":""host_system_direction"",""visual_is_interpretation"":true,""best_mass_is_minimum"":true}"
planet,NASA_EXOPLANET_ARCHIVE,HD 224693 b,HD 224693 b,a23b00c7-fdfd-4d99-adba-2b7598e07437,HD 224693,359.9749837,-22.4279999,304.960752,,14,,26.6904,903,2006,Radial Velocity, Johnson et al. 2006 ,324709923,gas,2026-09-18T14:51:26.782Z,"{""pl_name"":""HD 224693 b"",""hostname"":""HD 224693"",""gaia_dr3_id"":""Gaia DR3 2340155679036275200"",""ra"":359.9749837,""dec"":-22.4279999,""sy_dist"":93.5015,""sy_gaiamag"":8.08528,""pl_rade"":14,""pl_radelim"":0,""pl_bmasse"":222.481,""pl_bmasselim"":0,""pl_bmassprov"":""Msini"",""pl_orbper"":26.6904,""pl_orbperlim"":0,""pl_orbsmax"":0.191,""pl_eqt"":903.45,""pl_eqtlim"":0,""disc_year"":2006,""discoverymethod"":""Radial Velocity"",""disc_refname"":""<a refstr=JOHNSON_ET_AL__2006 href=https://ui.adsabs.harvard.edu/abs/2006ApJ...647..600J/abstract target=ref> Johnson et al. 2006 </a>"",""import_batch"":""astralys_nasa_confirmed_planets_20260918"",""discovery_status"":""confirmed"",""table"":""pscomppars"",""gaia_host_source_id"":""2340155679036275200"",""orbit_order"":1,""retrieved_at"":""2026-09-18T14:51:26.782Z"",""sky_position_kind"":""host_system_direction"",""visual_is_interpretation"":true,""best_mass_is_minimum"":true}"
planet,NASA_EXOPLANET_ARCHIVE,HIP 14810 b,HIP 14810 b,f6bb6d20-917a-4d45-b262-a8234842366d,HIP 14810,47.809275,21.0971302,164.643549,,13,,6.673892,1048,2005,Radial Velocity, Butler et al. 2006 ,938196298,gas,2026-09-18T14:51:26.782Z,"{""pl_name"":""HIP 14810 b"",""hostname"":""HIP 14810"",""gaia_dr3_id"":""Gaia DR3 60684353135617792"",""ra"":47.809275,""dec"":21.0971302,""sy_dist"":50.48,""sy_gaiamag"":8.33307,""pl_rade"":13,""pl_radelim"":0,""pl_bmasse"":1239.537,""pl_bmasselim"":0,""pl_bmassprov"":""Msini"",""pl_orbper"":6.673892,""pl_orbperlim"":0,""pl_orbsmax"":0.0696,""pl_eqt"":1048.2,""pl_eqtlim"":0,""disc_year"":2005,""discoverymethod"":""Radial Velocity"",""disc_refname"":""<a refstr=BUTLER_ET_AL__2006 href=https://ui.adsabs.harvard.edu/abs/2006ApJ...646..505B/abstract target=ref> Butler et al. 2006 </a>"",""import_batch"":""astralys_nasa_confirmed_planets_20260918"",""discovery_status"":""confirmed"",""table"":""pscomppars"",""gaia_host_source_id"":""60684353135617792"",""orbit_order"":1,""retrieved_at"":""2026-09-18T14:51:26.782Z"",""sky_position_kind"":""host_system_direction"",""visual_is_interpretation"":true,""best_mass_is_minimum"":true}"
planet,NASA_EXOPLANET_ARCHIVE,HIP 14810 d,HIP 14810 d,f6bb6d20-917a-4d45-b262-a8234842366d,HIP 14810,47.809275,21.0971302,164.643549,,14.1,,981.8,199,2009,Radial Velocity, Wright et al. 2009 ,837530584,gas,2026-09-18T14:51:26.782Z,"{""pl_name"":""HIP 14810 d"",""hostname"":""HIP 14810"",""gaia_dr3_id"":""Gaia DR3 60684353135617792"",""ra"":47.809275,""dec"":21.0971302,""sy_dist"":50.48,""sy_gaiamag"":8.33307,""pl_rade"":14.1,""pl_radelim"":0,""pl_bmasse"":187.5197,""pl_bmasselim"":0,""pl_bmassprov"":""Msini"",""pl_orbper"":981.8,""pl_orbperlim"":0,""pl_orbsmax"":1.94,""pl_eqt"":198.54,""pl_eqtlim"":0,""disc_year"":2009,""discoverymethod"":""Radial Velocity"",""disc_refname"":""<a refstr=WRIGHT_ET_AL__2009 href=https://ui.adsabs.harvard.edu/abs/2009ApJ...699L..97W/abstract target=ref> Wright et al. 2009 </a>"",""import_batch"":""astralys_nasa_confirmed_planets_20260918"",""discovery_status"":""confirmed"",""table"":""pscomppars"",""gaia_host_source_id"":""60684353135617792"",""orbit_order"":3,""retrieved_at"":""2026-09-18T14:51:26.782Z"",""sky_position_kind"":""host_system_direction"",""visual_is_interpretation"":true,""best_mass_is_minimum"":true}"
planet,NASA_EXOPLANET_ARCHIVE,HD 207832 b,HD 207832 b,b0f3aeef-7cb2-4395-b7fe-b2ac3043fa84,HD 207832,328.1517893,-26.0271749,192.200795,,14.2,,160.07,340,2012,Radial Velocity, Haghighipour et al. 2012 ,1636317821,gas,2026-09-18T14:51:26.782Z,"{""pl_name"":""HD 207832 b"",""hostname"":""HD 207832"",""gaia_dr3_id"":""Gaia DR3 6812056381881853056"",""ra"":328.1517893,""dec"":-26.0271749,""sy_dist"":58.9291,""sy_gaiamag"":8.61176,""pl_rade"":14.2,""pl_radelim"":0,""pl_bmasse"":177.9848,""pl_bmasselim"":0,""pl_bmassprov"":""Msini"",""pl_orbper"":160.07,""pl_orbperlim"":0,""pl_orbsmax"":0.586,""pl_eqt"":340.28,""pl_eqtlim"":0,""disc_year"":2012,""discoverymethod"":""Radial Velocity"",""disc_refname"":""<a refstr=HAGHIGHIPOUR_ET_AL__2012 href=https://ui.adsabs.harvard.edu/abs/2012ApJ...756...91H/abstract target=ref> Haghighipour et al. 2012 </a>"",""import_batch"":""astralys_nasa_confirmed_planets_20260918"",""discovery_status"":""confirmed"",""table"":""pscomppars"",""gaia_host_source_id"":""6812056381881853056"",""orbit_order"":1,""retrieved_at"":""2026-09-18T14:51:26.782Z"",""sky_position_kind"":""host_system_direction"",""visual_is_interpretation"":true,""best_mass_is_minimum"":true}"
planet,NASA_EXOPLANET_ARCHIVE,HD 37605 c,HD 37605 c,b8483a6a-25d2-415b-b059-8d935ec2eae2,HD 37605,85.0074276,6.0595116,152.596651,,13.1,,2720,127,2012,Radial Velocity, Wang et al. 2012 ,1644087551,gas,2026-09-18T14:51:26.782Z,"{""pl_name"":""HD 37605 c"",""hostname"":""HD 37605"",""gaia_dr3_id"":""Gaia DR3 3332911492327546368"",""ra"":85.0074276,""dec"":6.0595116,""sy_dist"":46.7864,""sy_gaiamag"":8.46192,""pl_rade"":13.1,""pl_radelim"":0,""pl_bmasse"":1013.8777,""pl_bmasselim"":0,""pl_bmassprov"":""Msini"",""pl_orbper"":2720,""pl_orbperlim"":0,""pl_orbsmax"":3.74,""pl_eqt"":126.75,""pl_eqtlim"":0,""disc_year"":2012,""discoverymethod"":""Radial Velocity"",""disc_refname"":""<a refstr=WANG_ET_AL__2012 href=https://ui.adsabs.harvard.edu/abs/2012ApJ...761...46W/abstract target=ref> Wang et al. 2012 </a>"",""import_batch"":""astralys_nasa_confirmed_planets_20260918"",""discovery_status"":""confirmed"",""table"":""pscomppars"",""gaia_host_source_id"":""3332911492327546368"",""orbit_order"":2,""retrieved_at"":""2026-09-18T14:51:26.782Z"",""sky_position_kind"":""host_system_direction"",""visual_is_interpretation"":true,""best_mass_is_minimum"":true}"
planet,NASA_EXOPLANET_ARCHIVE,HD 1605 c,HD 1605 c,4c6ddefe-34a6-4dc5-994d-29f45b20a349,HD 1605,5.1317548,30.9750611,289.641857,,13,,2149,234,2015,Radial Velocity,Harakawa et al. 2015,223519410,gas,2026-09-18T14:51:26.782Z,"{""pl_name"":""HD 1605 c"",""hostname"":""HD 1605"",""gaia_dr3_id"":""Gaia DR3 2862328869351558272"",""ra"":5.1317548,""dec"":30.9750611,""sy_dist"":88.8047,""sy_gaiamag"":7.25688,""pl_rade"":13,""pl_radelim"":0,""pl_bmasse"":1150.5446,""pl_bmasselim"":0,""pl_bmassprov"":""Msini"",""pl_orbper"":2149,""pl_orbperlim"":0,""pl_orbsmax"":3.584,""pl_eqt"":233.88,""pl_eqtlim"":0,""disc_year"":2015,""discoverymethod"":""Radial Velocity"",""disc_refname"":""<a refstr=HARAKAWA_ET_AL__2015 href=https://ui.adsabs.harvard.edu/abs/2015ApJ...806....5H/abstract target=ref>Harakawa et al. 2015</a>"",""import_batch"":""astralys_nasa_confirmed_planets_20260918"",""discovery_status"":""confirmed"",""table"":""pscomppars"",""gaia_host_source_id"":""2862328869351558272"",""orbit_order"":2,""retrieved_at"":""2026-09-18T14:51:26.782Z"",""sky_position_kind"":""host_system_direction"",""visual_is_interpretation"":true,""best_mass_is_minimum"":true}"
planet,NASA_EXOPLANET_ARCHIVE,HD 148164 c,HD 148164 c,f75f8777-e76c-4516-b083-85d1287bc58b,HD 148164,246.4351678,11.9190729,251.782973,,12.8,,5062,136,2018,Radial Velocity,Ment et al. 2018,1241986663,gas,2026-09-18T14:51:26.782Z,"{""pl_name"":""HD 148164 c"",""hostname"":""HD 148164"",""gaia_dr3_id"":""Gaia DR3 4459907547841472128"",""ra"":246.4351678,""dec"":11.9190729,""sy_dist"":77.1971,""sy_gaiamag"":8.0907,""pl_rade"":12.8,""pl_radelim"":0,""pl_bmasse"":1640.0028,""pl_bmasselim"":0,""pl_bmassprov"":""Msini"",""pl_orbper"":5062,""pl_orbperlim"":0,""pl_orbsmax"":6.15,""pl_eqt"":135.77,""pl_eqtlim"":0,""disc_year"":2018,""discoverymethod"":""Radial Velocity"",""disc_refname"":""<a refstr=MENT_ET_AL__2018 href=https://ui.adsabs.harvard.edu/abs/2018AJ....156..213M/abstract target=ref>Ment et al. 2018</a>"",""import_batch"":""astralys_nasa_confirmed_planets_20260918"",""discovery_status"":""confirmed"",""table"":""pscomppars"",""gaia_host_source_id"":""4459907547841472128"",""orbit_order"":2,""retrieved_at"":""2026-09-18T14:51:26.782Z"",""sky_position_kind"":""host_system_direction"",""visual_is_interpretation"":true,""best_mass_is_minimum"":true}"
planet,NASA_EXOPLANET_ARCHIVE,HD 211810 b,HD 211810 b,7e6b79c6-eaf9-437d-a2cc-af7831eec735,HD 211810,334.5286724,61.1349912,210.811909,,14,,1558,178,2018,Radial Velocity,Ment et al. 2018,1209712152,gas,2026-09-18T14:51:26.782Z,"{""pl_name"":""HD 211810 b"",""hostname"":""HD 211810"",""gaia_dr3_id"":""Gaia DR3 2201556328489610752"",""ra"":334.5286724,""dec"":61.1349912,""sy_dist"":64.6353,""sy_gaiamag"":8.417831,""pl_rade"":14,""pl_radelim"":0,""pl_bmasse"":212.9461,""pl_bmasselim"":0,""pl_bmassprov"":""Msini"",""pl_orbper"":1558,""pl_orbperlim"":0,""pl_orbsmax"":2.656,""pl_eqt"":177.77,""pl_eqtlim"":0,""disc_year"":2018,""discoverymethod"":""Radial Velocity"",""disc_refname"":""<a refstr=MENT_ET_AL__2018 href=https://ui.adsabs.harvard.edu/abs/2018AJ....156..213M/abstract target=ref>Ment et al. 2018</a>"",""import_batch"":""astralys_nasa_confirmed_planets_20260918"",""discovery_status"":""confirmed"",""table"":""pscomppars"",""gaia_host_source_id"":""2201556328489610752"",""orbit_order"":1,""retrieved_at"":""2026-09-18T14:51:26.782Z"",""sky_position_kind"":""host_system_direction"",""visual_is_interpretation"":true,""best_mass_is_minimum"":true}"
planet,NASA_EXOPLANET_ARCHIVE,HD 221416 b,HD 221416 b,121ff749-5123-4e71-990e-e9da0d70bb25,HD 221416,353.0331863,-21.8012007,311.636513,,9.17,60.5,14.2767,1315,2019,Transit,Huber et al. 2019,1392597796,gas,2026-09-18T14:51:26.782Z,"{""pl_name"":""HD 221416 b"",""hostname"":""HD 221416"",""gaia_dr3_id"":""Gaia DR3 2388463203438164096"",""ra"":353.0331863,""dec"":-21.8012007,""sy_dist"":95.5483,""sy_gaiamag"":7.90776,""pl_rade"":9.17,""pl_radelim"":0,""pl_bmasse"":60.5,""pl_bmasselim"":0,""pl_bmassprov"":""Mass"",""pl_orbper"":14.2767,""pl_orbperlim"":0,""pl_orbsmax"":0.1228,""pl_eqt"":1314.67,""pl_eqtlim"":0,""disc_year"":2019,""discoverymethod"":""Transit"",""disc_refname"":""<a refstr=HUBER_ET_AL__2019 href=https://ui.adsabs.harvard.edu/abs/2019AJ....157..245H/abstract target=ref>Huber et al. 2019</a>"",""import_batch"":""astralys_nasa_confirmed_planets_20260918"",""discovery_status"":""confirmed"",""table"":""pscomppars"",""gaia_host_source_id"":""2388463203438164096"",""orbit_order"":1,""retrieved_at"":""2026-09-18T14:51:26.782Z"",""sky_position_kind"":""host_system_direction"",""visual_is_interpretation"":true,""best_mass_is_minimum"":false}"
planet,NASA_EXOPLANET_ARCHIVE,HD 16417 b,HD 16417 b,794fcdcd-bb93-44d0-a3c5-613132f47873,HD 16417,39.2441029,-34.5790905,82.82275,,5,,17.24,964,2008,Radial Velocity, O'Toole et al. 2009 ,454110078,gas,2026-09-18T14:51:26.782Z,"{""pl_name"":""HD 16417 b"",""hostname"":""HD 16417"",""gaia_dr3_id"":""Gaia DR3 5062172841616745856"",""ra"":39.2441029,""dec"":-34.5790905,""sy_dist"":25.3936,""sy_gaiamag"":5.61319,""pl_rade"":5,""pl_radelim"":0,""pl_bmasse"":22.1,""pl_bmasselim"":0,""pl_bmassprov"":""Msini"",""pl_orbper"":17.24,""pl_orbperlim"":0,""pl_orbsmax"":0.14,""pl_eqt"":964,""pl_eqtlim"":0,""disc_year"":2008,""discoverymethod"":""Radial Velocity"",""disc_refname"":""<a refstr=O_TOOLE_ET_AL__2009 href=https://ui.adsabs.harvard.edu/abs/2009ApJ...697.1263O/abstract target=ref> O'Toole et al. 2009 </a>"",""import_batch"":""astralys_nasa_confirmed_planets_20260918"",""discovery_status"":""confirmed"",""table"":""pscomppars"",""gaia_host_source_id"":""5062172841616745856"",""orbit_order"":1,""retrieved_at"":""2026-09-18T14:51:26.782Z"",""sky_position_kind"":""host_system_direction"",""visual_is_interpretation"":true,""best_mass_is_minimum"":true}"
planet,NASA_EXOPLANET_ARCHIVE,24 Sex b,24 Sex b,2ae2e0fd-ae9c-4041-80f3-3bf0f13bd12d,24 Sex,155.8684866,-0.9023998,235.057694,,13.4,,452.8,471,2010,Radial Velocity, Johnson et al. 2010 ,1521922697,gas,2026-09-18T14:51:26.782Z,"{""pl_name"":""24 Sex b"",""hostname"":""24 Sex"",""gaia_dr3_id"":""Gaia DR3 3830897080395058048"",""ra"":155.8684866,""dec"":-0.9023998,""sy_dist"":72.0691,""sy_gaiamag"":6.20374,""pl_rade"":13.4,""pl_radelim"":0,""pl_bmasse"":632.46,""pl_bmasselim"":0,""pl_bmassprov"":""Msini"",""pl_orbper"":452.8,""pl_orbperlim"":0,""pl_orbsmax"":1.333,""pl_eqt"":471.32,""pl_eqtlim"":0,""disc_year"":2010,""discoverymethod"":""Radial Velocity"",""disc_refname"":""<a refstr=JOHNSON_ET_AL__2010 href=https://ui.adsabs.harvard.edu/abs/2010arXiv1007.4552J/abstract target=ref> Johnson et al. 2010 </a>"",""import_batch"":""astralys_nasa_confirmed_planets_20260918"",""discovery_status"":""confirmed"",""table"":""pscomppars"",""gaia_host_source_id"":""3830897080395058048"",""orbit_order"":1,""retrieved_at"":""2026-09-18T14:51:26.782Z"",""sky_position_kind"":""host_system_direction"",""visual_is_interpretation"":true,""best_mass_is_minimum"":true}"
planet,NASA_EXOPLANET_ARCHIVE,HD 90156 b,HD 90156 b,09c66a69-0ec8-43a7-a313-8bcc488ab557,HD 90156,155.9801144,-29.645103,71.589937,,4.43,,49.77,518,2011,Radial Velocity, Mordasini et al. 2011 ,32458912,gas,2026-09-18T14:51:26.782Z,"{""pl_name"":""HD 90156 b"",""hostname"":""HD 90156"",""gaia_dr3_id"":""Gaia DR3 5461620846141553024"",""ra"":155.9801144,""dec"":-29.645103,""sy_dist"":21.9496,""sy_gaiamag"":6.73951,""pl_rade"":4.43,""pl_radelim"":0,""pl_bmasse"":17.98,""pl_bmasselim"":0,""pl_bmassprov"":""Msini"",""pl_orbper"":49.77,""pl_orbperlim"":0,""pl_orbsmax"":0.25,""pl_eqt"":518.01,""pl_eqtlim"":0,""disc_year"":2011,""discoverymethod"":""Radial Velocity"",""disc_refname"":""<a refstr=MORDASINI_ET_AL__2011 href=https://ui.adsabs.harvard.edu/abs/2011A%26A...526A.111M/abstract target=ref> Mordasini et al. 2011 </a>"",""import_batch"":""astralys_nasa_confirmed_planets_20260918"",""discovery_status"":""confirmed"",""table"":""pscomppars"",""gaia_host_source_id"":""5461620846141553024"",""orbit_order"":1,""retrieved_at"":""2026-09-18T14:51:26.782Z"",""sky_position_kind"":""host_system_direction"",""visual_is_interpretation"":true,""best_mass_is_minimum"":true}"
planet,NASA_EXOPLANET_ARCHIVE,HD 177830 c,HD 177830 c,2012b379-38e9-4828-834e-230823d9fd63,HD 177830,286.3363574,25.9204327,204.719641,,7.87,,110.9,539,2010,Radial Velocity, Meschiari et al. 2011 ,516488635,gas,2026-09-18T14:51:26.782Z,"{""pl_name"":""HD 177830 c"",""hostname"":""HD 177830"",""gaia_dr3_id"":""Gaia DR3 2035963417721248128"",""ra"":286.3363574,""dec"":25.9204327,""sy_dist"":62.7674,""sy_gaiamag"":6.8866,""pl_rade"":7.87,""pl_radelim"":0,""pl_bmasse"":47.6725,""pl_bmasselim"":0,""pl_bmassprov"":""Msini"",""pl_orbper"":110.9,""pl_orbperlim"":0,""pl_orbsmax"":0.5137,""pl_eqt"":538.95,""pl_eqtlim"":0,""disc_year"":2010,""discoverymethod"":""Radial Velocity"",""disc_refname"":""<a refstr=MESCHIARI_ET_AL__2011 href=https://ui.adsabs.harvard.edu/abs/2011ApJ...727..117M/abstract target=ref> Meschiari et al. 2011 </a>"",""import_batch"":""astralys_nasa_confirmed_planets_20260918"",""discovery_status"":""confirmed"",""table"":""pscomppars"",""gaia_host_source_id"":""2035963417721248128"",""orbit_order"":1,""retrieved_at"":""2026-09-18T14:51:26.782Z"",""sky_position_kind"":""host_system_direction"",""visual_is_interpretation"":true,""best_mass_is_minimum"":true}"
planet,NASA_EXOPLANET_ARCHIVE,ups And b,ups And b,a1f069c8-883b-4b87-8799-4c772c0caeec,ups And,24.1983534,41.4038147,43.722516,,14,,4.617033,1524,1996,Radial Velocity, Butler et al. 1997 ,239207842,gas,2026-09-18T14:51:26.782Z,"{""pl_name"":""ups And b"",""hostname"":""ups And"",""gaia_dr3_id"":""Gaia DR3 348020482735930112"",""ra"":24.1983534,""dec"":41.4038147,""sy_dist"":13.4054,""sy_gaiamag"":3.98687,""pl_rade"":14,""pl_radelim"":0,""pl_bmasse"":218.531,""pl_bmasselim"":0,""pl_bmassprov"":""Msini"",""pl_orbper"":4.617033,""pl_orbperlim"":0,""pl_orbsmax"":0.05922166,""pl_eqt"":1523.73,""pl_eqtlim"":0,""disc_year"":1996,""discoverymethod"":""Radial Velocity"",""disc_refname"":""<a refstr=BUTLER_ET_AL__1997 href=https://ui.adsabs.harvard.edu/abs/1997ApJ...474L.115B/abstract target=ref> Butler et al. 1997 </a>"",""import_batch"":""astralys_nasa_confirmed_planets_20260918"",""discovery_status"":""confirmed"",""table"":""pscomppars"",""gaia_host_source_id"":""348020482735930112"",""orbit_order"":1,""retrieved_at"":""2026-09-18T14:51:26.782Z"",""sky_position_kind"":""host_system_direction"",""visual_is_interpretation"":true,""best_mass_is_minimum"":true}"
planet,NASA_EXOPLANET_ARCHIVE,ups And d,ups And d,a1f069c8-883b-4b87-8799-4c772c0caeec,ups And,24.1983534,41.4038147,43.722516,,12.5,3257.74117175,1276.46,234,1999,Radial Velocity, Butler et al. 1999 ,138542128,gas,2026-09-18T14:51:26.782Z,"{""pl_name"":""ups And d"",""hostname"":""ups And"",""gaia_dr3_id"":""Gaia DR3 348020482735930112"",""ra"":24.1983534,""dec"":41.4038147,""sy_dist"":13.4054,""sy_gaiamag"":3.98687,""pl_rade"":12.5,""pl_radelim"":0,""pl_bmasse"":3257.74117175,""pl_bmasselim"":0,""pl_bmassprov"":""Mass"",""pl_orbper"":1276.46,""pl_orbperlim"":0,""pl_orbsmax"":2.51329,""pl_eqt"":233.9,""pl_eqtlim"":0,""disc_year"":1999,""discoverymethod"":""Radial Velocity"",""disc_refname"":""<a refstr=BUTLER_ET_AL__1999 href=https://ui.adsabs.harvard.edu/abs/1999ApJ...526..916B/abstract target=ref> Butler et al. 1999 </a>"",""import_batch"":""astralys_nasa_confirmed_planets_20260918"",""discovery_status"":""confirmed"",""table"":""pscomppars"",""gaia_host_source_id"":""348020482735930112"",""orbit_order"":3,""retrieved_at"":""2026-09-18T14:51:26.782Z"",""sky_position_kind"":""host_system_direction"",""visual_is_interpretation"":true,""best_mass_is_minimum"":false}"
planet,NASA_EXOPLANET_ARCHIVE,HD 160691 b,HD 160691 b,a3146744-59e1-4341-8725-aa23052389cb,HD 160691,266.0361585,-51.8348751,50.874139,,,,645,262,2000,Radial Velocity, Butler et al. 2001 ,1375147166,rocky,2026-09-18T14:51:26.782Z,"{""pl_name"":""HD 160691 b"",""hostname"":""HD 160691"",""gaia_dr3_id"":""Gaia DR3 5945941905576552064"",""ra"":266.0361585,""dec"":-51.8348751,""sy_dist"":15.5981,""sy_gaiamag"":4.94916,""pl_rade"":null,""pl_radelim"":null,""pl_bmasse"":1366.6621501,""pl_bmasselim"":1,""pl_bmassprov"":""Mass"",""pl_orbper"":645,""pl_orbperlim"":0,""pl_orbsmax"":1.5,""pl_eqt"":262.13,""pl_eqtlim"":0,""disc_year"":2000,""discoverymethod"":""Radial Velocity"",""disc_refname"":""<a refstr=BUTLER_ET_AL__2001 href=https://ui.adsabs.harvard.edu/abs/2001ApJ...555..410B/abstract target=ref> Butler et al. 2001 </a>"",""import_batch"":""astralys_nasa_confirmed_planets_20260918"",""discovery_status"":""confirmed"",""table"":""pscomppars"",""gaia_host_source_id"":""5945941905576552064"",""orbit_order"":3,""retrieved_at"":""2026-09-18T14:51:26.782Z"",""sky_position_kind"":""host_system_direction"",""visual_is_interpretation"":true,""best_mass_is_minimum"":false}"
planet,NASA_EXOPLANET_ARCHIVE,HD 39091 b,HD 39091 b,dfab0bf9-6356-4d4c-a47a-34d5e81fd8fc,HD 39091,84.2992798,-80.4646041,59.589354,,12.3,4481.3805387,2088.8,173,2001,Radial Velocity, Jones et al. 2002 ,1138213330,gas,2026-09-18T14:51:26.782Z,"{""pl_name"":""HD 39091 b"",""hostname"":""HD 39091"",""gaia_dr3_id"":""Gaia DR3 4623036865373793408"",""ra"":84.2992798,""dec"":-80.4646041,""sy_dist"":18.2702,""sy_gaiamag"":5.5128,""pl_rade"":12.3,""pl_radelim"":0,""pl_bmasse"":4481.3805387,""pl_bmasselim"":0,""pl_bmassprov"":""Mass"",""pl_orbper"":2088.8,""pl_orbperlim"":0,""pl_orbsmax"":3.28,""pl_eqt"":172.74,""pl_eqtlim"":0,""disc_year"":2001,""discoverymethod"":""Radial Velocity"",""disc_refname"":""<a refstr=JONES_ET_AL__2002 href=https://ui.adsabs.harvard.edu/abs/2002MNRAS.333..871J/abstract target=ref> Jones et al. 2002 </a>"",""import_batch"":""astralys_nasa_confirmed_planets_20260918"",""discovery_status"":""confirmed"",""table"":""pscomppars"",""gaia_host_source_id"":""4623036865373793408"",""orbit_order"":3,""retrieved_at"":""2026-09-18T14:51:26.782Z"",""sky_position_kind"":""host_system_direction"",""visual_is_interpretation"":true,""best_mass_is_minimum"":false}"
planet,NASA_EXOPLANET_ARCHIVE,HD 50554 b,HD 50554 b,647b57fb-5214-4288-ade3-7f76c8da4386,HD 50554,103.678273,24.2451409,101.651084,,12.8,1859.29618095,1240,193,2002,Radial Velocity, Fischer et al. 2002 ,1508068495,gas,2026-09-18T14:51:26.782Z,"{""pl_name"":""HD 50554 b"",""hostname"":""HD 50554"",""gaia_dr3_id"":""Gaia DR3 3380479015342121600"",""ra"":103.678273,""dec"":24.2451409,""sy_dist"":31.1664,""sy_gaiamag"":6.69786,""pl_rade"":12.8,""pl_radelim"":0,""pl_bmasse"":1859.29618095,""pl_bmasselim"":0,""pl_bmassprov"":""Mass"",""pl_orbper"":1240,""pl_orbperlim"":0,""pl_orbsmax"":2.339,""pl_eqt"":192.65,""pl_eqtlim"":0,""disc_year"":2002,""discoverymethod"":""Radial Velocity"",""disc_refname"":""<a refstr=FISCHER_ET_AL__2002 href=https://ui.adsabs.harvard.edu/abs/2002PASP..114..529F/abstract target=ref> Fischer et al. 2002 </a>"",""import_batch"":""astralys_nasa_confirmed_planets_20260918"",""discovery_status"":""confirmed"",""table"":""pscomppars"",""gaia_host_source_id"":""3380479015342121600"",""orbit_order"":3,""retrieved_at"":""2026-09-18T14:51:26.782Z"",""sky_position_kind"":""host_system_direction"",""visual_is_interpretation"":true,""best_mass_is_minimum"":false}"
planet,NASA_EXOPLANET_ARCHIVE,HD 73267 c,HD 73267 c,33b715ee-a845-407d-a231-9afb3e1f891a,HD 73267,129.0735123,-34.4594469,164.412957,,12.8,1630.77755632,17071.78045,70,2022,Radial Velocity,Feng et al. 2022,392238504,gas,2026-09-18T14:51:26.782Z,"{""pl_name"":""HD 73267 c"",""hostname"":""HD 73267"",""gaia_dr3_id"":""Gaia DR3 5638825939745228544"",""ra"":129.0735123,""dec"":-34.4594469,""sy_dist"":50.4093,""sy_gaiamag"":8.67835,""pl_rade"":12.8,""pl_radelim"":0,""pl_bmasse"":1630.77755632,""pl_bmasselim"":0,""pl_bmassprov"":""Mass"",""pl_orbper"":17071.78045,""pl_orbperlim"":0,""pl_orbsmax"":12.688,""pl_eqt"":69.53,""pl_eqtlim"":0,""disc_year"":2022,""discoverymethod"":""Radial Velocity"",""disc_refname"":""<a refstr=FENG_ET_AL__2022 href=https://ui.adsabs.harvard.edu/abs/2022ApJS..262...21F/abstract target=ref>Feng et al. 2022</a>"",""import_batch"":""astralys_nasa_confirmed_planets_20260918"",""discovery_status"":""confirmed"",""table"":""pscomppars"",""gaia_host_source_id"":""5638825939745228544"",""orbit_order"":2,""retrieved_at"":""2026-09-18T14:51:26.782Z"",""sky_position_kind"":""host_system_direction"",""visual_is_interpretation"":true,""best_mass_is_minimum"":false}"
planet,NASA_EXOPLANET_ARCHIVE,HD 22946 d,HD 22946 d,41078309-61b1-4239-b35f-9577f6dac8cb,HD 22946,54.819538,-42.7630276,204.758128,,2.607,,47.42489,546,2023,Transit,Garai et al. 2023,669329436,rocky,2026-09-18T14:51:26.782Z,"{""pl_name"":""HD 22946 d"",""hostname"":""HD 22946"",""gaia_dr3_id"":""Gaia DR3 4848767461548943104"",""ra"":54.819538,""dec"":-42.7630276,""sy_dist"":62.7792,""sy_gaiamag"":8.1281,""pl_rade"":2.607,""pl_radelim"":0,""pl_bmasse"":26.57,""pl_bmasselim"":1,""pl_bmassprov"":""Mass"",""pl_orbper"":47.42489,""pl_orbperlim"":0,""pl_orbsmax"":0.2958,""pl_eqt"":546,""pl_eqtlim"":0,""disc_year"":2023,""discoverymethod"":""Transit"",""disc_refname"":""<a refstr=GARAI_ET_AL__2023 href=https://ui.adsabs.harvard.edu/abs/2023A&A...674A..44G/abstract target=ref>Garai et al. 2023</a>"",""import_batch"":""astralys_nasa_confirmed_planets_20260918"",""discovery_status"":""confirmed"",""table"":""pscomppars"",""gaia_host_source_id"":""4848767461548943104"",""orbit_order"":3,""retrieved_at"":""2026-09-18T14:51:26.782Z"",""sky_position_kind"":""host_system_direction"",""visual_is_interpretation"":true,""best_mass_is_minimum"":false}"
planet,NASA_EXOPLANET_ARCHIVE,HD 128717 b,HD 128717 b,6a01aeac-c335-437f-aa70-03e8e79b040f,HD 128717,219.0881687,57.5609512,240.168232,,12.1,6293.0024586,3420,152,2025,Astrometry,Pinamonti et al. 2026,1315279631,gas,2026-09-18T14:51:26.782Z,"{""pl_name"":""HD 128717 b"",""hostname"":""HD 128717"",""gaia_dr3_id"":""Gaia DR3 1610837178107032192"",""ra"":219.0881687,""dec"":57.5609512,""sy_dist"":73.636,""sy_gaiamag"":8.18929,""pl_rade"":12.1,""pl_radelim"":0,""pl_bmasse"":6293.0024586,""pl_bmasselim"":0,""pl_bmassprov"":""Mass"",""pl_orbper"":3420,""pl_orbperlim"":0,""pl_orbsmax"":4.85,""pl_eqt"":151.9,""pl_eqtlim"":0,""disc_year"":2025,""discoverymethod"":""Astrometry"",""disc_refname"":""<a refstr=PINAMONTI_ET_AL_2026 href=https://ui.adsabs.harvard.edu/abs/2026A&A...707A..67P/abstract target=ref>Pinamonti et al. 2026</a>"",""import_batch"":""astralys_nasa_confirmed_planets_20260918"",""discovery_status"":""confirmed"",""table"":""pscomppars"",""gaia_host_source_id"":""1610837178107032192"",""orbit_order"":1,""retrieved_at"":""2026-09-18T14:51:26.782Z"",""sky_position_kind"":""host_system_direction"",""visual_is_interpretation"":true,""best_mass_is_minimum"":false}"
planet,NASA_EXOPLANET_ARCHIVE,pi Men d,pi Men d,dfab0bf9-6356-4d4c-a47a-34d5e81fd8fc,HD 39091,84.2992798,-80.4646041,59.589354,,3.72,,124.64,444,2022,Radial Velocity,Hatzes et al. 2022,94430179,rocky,2026-09-18T14:51:26.782Z,"{""pl_name"":""pi Men d"",""hostname"":""HD 39091"",""gaia_dr3_id"":""Gaia DR3 4623036865373793408"",""ra"":84.2992798,""dec"":-80.4646041,""sy_dist"":18.2702,""sy_gaiamag"":5.5128,""pl_rade"":3.72,""pl_radelim"":0,""pl_bmasse"":13.38,""pl_bmasselim"":0,""pl_bmassprov"":""Msini"",""pl_orbper"":124.64,""pl_orbperlim"":0,""pl_orbsmax"":0.506,""pl_eqt"":443.55,""pl_eqtlim"":0,""disc_year"":2022,""discoverymethod"":""Radial Velocity"",""disc_refname"":""<a refstr=HATZES_ET_AL__2022 href=https://ui.adsabs.harvard.edu/abs/2022AJ....163..223H/abstract target=ref>Hatzes et al. 2022</a>"",""import_batch"":""astralys_nasa_confirmed_planets_20260918"",""discovery_status"":""confirmed"",""table"":""pscomppars"",""gaia_host_source_id"":""4623036865373793408"",""orbit_order"":2,""retrieved_at"":""2026-09-18T14:51:26.782Z"",""sky_position_kind"":""host_system_direction"",""visual_is_interpretation"":true,""best_mass_is_minimum"":true}"
planet,NASA_EXOPLANET_ARCHIVE,HD 206893 c,HD 206893 c,3723ca65-e24c-49f2-a194-fa8b4f4a5a78,HD 206893,326.3416874,-12.7833522,132.935641,,16.36511182,3527.8953177,2290,1182,2022,Imaging,Hinkley et al. 2023,151648502,gas,2026-09-18T14:51:26.782Z,"{""pl_name"":""HD 206893 c"",""hostname"":""HD 206893"",""gaia_dr3_id"":""Gaia DR3 6843672087120107264"",""ra"":326.3416874,""dec"":-12.7833522,""sy_dist"":40.7583,""sy_gaiamag"":6.56783,""pl_rade"":16.36511182,""pl_radelim"":0,""pl_bmasse"":3527.8953177,""pl_bmasselim"":0,""pl_bmassprov"":""Mass"",""pl_orbper"":2290,""pl_orbperlim"":0,""pl_orbsmax"":3.74,""pl_eqt"":1181.9,""pl_eqtlim"":0,""disc_year"":2022,""discoverymethod"":""Imaging"",""disc_refname"":""<a refstr=HINKLEY_ET_AL_2023 href=https://ui.adsabs.harvard.edu/abs/2023A&A...671L...5H/abstract target=ref>Hinkley et al. 2023</a>"",""import_batch"":""astralys_nasa_confirmed_planets_20260918"",""discovery_status"":""confirmed"",""table"":""pscomppars"",""gaia_host_source_id"":""6843672087120107264"",""orbit_order"":1,""retrieved_at"":""2026-09-18T14:51:26.782Z"",""sky_position_kind"":""host_system_direction"",""visual_is_interpretation"":true,""best_mass_is_minimum"":false}"
planet,NASA_EXOPLANET_ARCHIVE,HD 153950 b,HD 153950 b,a5435c99-bf66-4fac-a3ef-063cf8ea0cad,HD 153950,256.1292826,-43.3103753,158.038564,,13.2,,499.39999,295,2008,Radial Velocity, Moutou et al. 2009 ,1049194399,gas,2026-09-18T14:51:26.782Z,"{""pl_name"":""HD 153950 b"",""hostname"":""HD 153950"",""gaia_dr3_id"":""Gaia DR3 5965406010180880640"",""ra"":256.1292826,""dec"":-43.3103753,""sy_dist"":48.4549,""sy_gaiamag"":7.23813,""pl_rade"":13.2,""pl_radelim"":0,""pl_bmasse"":937.5985,""pl_bmasselim"":0,""pl_bmassprov"":""Msini"",""pl_orbper"":499.39999,""pl_orbperlim"":0,""pl_orbsmax"":1.28,""pl_eqt"":295.3,""pl_eqtlim"":0,""disc_year"":2008,""discoverymethod"":""Radial Velocity"",""disc_refname"":""<a refstr=MOUTOU_ET_AL__2009 href=https://ui.adsabs.harvard.edu/abs/2009A&A...496..513M/abstract target=ref> Moutou et al. 2009 </a>"",""import_batch"":""astralys_nasa_confirmed_planets_20260918"",""discovery_status"":""confirmed"",""table"":""pscomppars"",""gaia_host_source_id"":""5965406010180880640"",""orbit_order"":1,""retrieved_at"":""2026-09-18T14:51:26.782Z"",""sky_position_kind"":""host_system_direction"",""visual_is_interpretation"":true,""best_mass_is_minimum"":true}"
planet,NASA_EXOPLANET_ARCHIVE,55 Cnc b,55 Cnc b,7d6c55a2-1c7f-480d-b55a-c685dc37e82e,55 Cnc,133.1468373,28.3298154,41.048363,,13.9,263.9785,14.651552,700,1996,Radial Velocity, Butler et al. 1997 ,1296008255,gas,2026-09-18T14:51:26.782Z,"{""pl_name"":""55 Cnc b"",""hostname"":""55 Cnc"",""gaia_dr3_id"":""Gaia DR3 704967037090946688"",""ra"":133.1468373,""dec"":28.3298154,""sy_dist"":12.5855,""sy_gaiamag"":5.72973,""pl_rade"":13.9,""pl_radelim"":0,""pl_bmasse"":263.9785,""pl_bmasselim"":0,""pl_bmassprov"":""Mass"",""pl_orbper"":14.651552,""pl_orbperlim"":0,""pl_orbsmax"":0.118,""pl_eqt"":700,""pl_eqtlim"":0,""disc_year"":1996,""discoverymethod"":""Radial Velocity"",""disc_refname"":""<a refstr=BUTLER_ET_AL__1997 href=https://ui.adsabs.harvard.edu/abs/1997ApJ...474L.115B/abstract target=ref> Butler et al. 1997 </a>"",""import_batch"":""astralys_nasa_confirmed_planets_20260918"",""discovery_status"":""confirmed"",""table"":""pscomppars"",""gaia_host_source_id"":""704967037090946688"",""orbit_order"":2,""retrieved_at"":""2026-09-18T14:51:26.782Z"",""sky_position_kind"":""host_system_direction"",""visual_is_interpretation"":true,""best_mass_is_minimum"":false}"
planet,NASA_EXOPLANET_ARCHIVE,55 Cnc c,55 Cnc c,7d6c55a2-1c7f-480d-b55a-c685dc37e82e,55 Cnc,133.1468373,28.3298154,41.048363,,8.51,54.4738,44.3936,499,2004,Radial Velocity, McArthur et al. 2004 ,1279230636,gas,2026-09-18T14:51:26.782Z,"{""pl_name"":""55 Cnc c"",""hostname"":""55 Cnc"",""gaia_dr3_id"":""Gaia DR3 704967037090946688"",""ra"":133.1468373,""dec"":28.3298154,""sy_dist"":12.5855,""sy_gaiamag"":5.72973,""pl_rade"":8.51,""pl_radelim"":0,""pl_bmasse"":54.4738,""pl_bmasselim"":0,""pl_bmassprov"":""Mass"",""pl_orbper"":44.3936,""pl_orbperlim"":0,""pl_orbsmax"":0.247,""pl_eqt"":499.27,""pl_eqtlim"":0,""disc_year"":2004,""discoverymethod"":""Radial Velocity"",""disc_refname"":""<a refstr=MCARTHUR_ET_AL__2004 href=https://ui.adsabs.harvard.edu/abs/2004ApJ...614L..81M/abstract target=ref> McArthur et al. 2004 </a>"",""import_batch"":""astralys_nasa_confirmed_planets_20260918"",""discovery_status"":""confirmed"",""table"":""pscomppars"",""gaia_host_source_id"":""704967037090946688"",""orbit_order"":3,""retrieved_at"":""2026-09-18T14:51:26.782Z"",""sky_position_kind"":""host_system_direction"",""visual_is_interpretation"":true,""best_mass_is_minimum"":false}"
planet,NASA_EXOPLANET_ARCHIVE,55 Cnc d,55 Cnc d,7d6c55a2-1c7f-480d-b55a-c685dc37e82e,55 Cnc,133.1468373,28.3298154,41.048363,,13,1232.493,4799,105,2002,Radial Velocity, Marcy et al. 2002 ,1262453017,gas,2026-09-18T14:51:26.782Z,"{""pl_name"":""55 Cnc d"",""hostname"":""55 Cnc"",""gaia_dr3_id"":""Gaia DR3 704967037090946688"",""ra"":133.1468373,""dec"":28.3298154,""sy_dist"":12.5855,""sy_gaiamag"":5.72973,""pl_rade"":13,""pl_radelim"":0,""pl_bmasse"":1232.493,""pl_bmasselim"":0,""pl_bmassprov"":""Mass"",""pl_orbper"":4799,""pl_orbperlim"":0,""pl_orbsmax"":5.6,""pl_eqt"":104.85,""pl_eqtlim"":0,""disc_year"":2002,""discoverymethod"":""Radial Velocity"",""disc_refname"":""<a refstr=MARCY_ET_AL__2002 href=https://ui.adsabs.harvard.edu/abs/2002ApJ...581.1375M/abstract target=ref> Marcy et al. 2002 </a>"",""import_batch"":""astralys_nasa_confirmed_planets_20260918"",""discovery_status"":""confirmed"",""table"":""pscomppars"",""gaia_host_source_id"":""704967037090946688"",""orbit_order"":5,""retrieved_at"":""2026-09-18T14:51:26.782Z"",""sky_position_kind"":""host_system_direction"",""visual_is_interpretation"":true,""best_mass_is_minimum"":false}"
planet,NASA_EXOPLANET_ARCHIVE,55 Cnc e,55 Cnc e,7d6c55a2-1c7f-480d-b55a-c685dc37e82e,55 Cnc,133.1468373,28.3298154,41.048363,,1.875,7.99,0.7365474,1958,2004,Radial Velocity, McArthur et al. 2004 ,1245675398,lava,2026-09-18T14:51:26.782Z,"{""pl_name"":""55 Cnc e"",""hostname"":""55 Cnc"",""gaia_dr3_id"":""Gaia DR3 704967037090946688"",""ra"":133.1468373,""dec"":28.3298154,""sy_dist"":12.5855,""sy_gaiamag"":5.72973,""pl_rade"":1.875,""pl_radelim"":0,""pl_bmasse"":7.99,""pl_bmasselim"":0,""pl_bmassprov"":""Mass"",""pl_orbper"":0.7365474,""pl_orbperlim"":0,""pl_orbsmax"":0.01544,""pl_eqt"":1958,""pl_eqtlim"":0,""disc_year"":2004,""discoverymethod"":""Radial Velocity"",""disc_refname"":""<a refstr=MCARTHUR_ET_AL__2004 href=https://ui.adsabs.harvard.edu/abs/2004ApJ...614L..81M/abstract target=ref> McArthur et al. 2004 </a>"",""import_batch"":""astralys_nasa_confirmed_planets_20260918"",""discovery_status"":""confirmed"",""table"":""pscomppars"",""gaia_host_source_id"":""704967037090946688"",""orbit_order"":1,""retrieved_at"":""2026-09-18T14:51:26.782Z"",""sky_position_kind"":""host_system_direction"",""visual_is_interpretation"":true,""best_mass_is_minimum"":false}"
planet,NASA_EXOPLANET_ARCHIVE,55 Cnc f,55 Cnc f,7d6c55a2-1c7f-480d-b55a-c685dc37e82e,55 Cnc,133.1468373,28.3298154,41.048363,,7.59,44.812,260.58,277,2007,Radial Velocity, Fischer et al. 2008 ,1228897779,gas,2026-09-18T14:51:26.782Z,"{""pl_name"":""55 Cnc f"",""hostname"":""55 Cnc"",""gaia_dr3_id"":""Gaia DR3 704967037090946688"",""ra"":133.1468373,""dec"":28.3298154,""sy_dist"":12.5855,""sy_gaiamag"":5.72973,""pl_rade"":7.59,""pl_radelim"":0,""pl_bmasse"":44.812,""pl_bmasselim"":0,""pl_bmassprov"":""Mass"",""pl_orbper"":260.58,""pl_orbperlim"":0,""pl_orbsmax"":0.802,""pl_eqt"":277.07,""pl_eqtlim"":0,""disc_year"":2007,""discoverymethod"":""Radial Velocity"",""disc_refname"":""<a refstr=FISCHER_ET_AL__2008 href=https://ui.adsabs.harvard.edu/abs/2008ApJ...675..790F/abstract target=ref> Fischer et al. 2008 </a>"",""import_batch"":""astralys_nasa_confirmed_planets_20260918"",""discovery_status"":""confirmed"",""table"":""pscomppars"",""gaia_host_source_id"":""704967037090946688"",""orbit_order"":4,""retrieved_at"":""2026-09-18T14:51:26.782Z"",""sky_position_kind"":""host_system_direction"",""visual_is_interpretation"":true,""best_mass_is_minimum"":false}"
planet,NASA_EXOPLANET_ARCHIVE,HD 189733 b,HD 189733 b,db319549-cd3c-4b33-aa4e-a66e12e50e16,HD 189733,300.1821223,22.7097759,64.46082,,12.66617,359.1479,2.21857567,1209,2005,Radial Velocity, Bouchy et al. 2005 ,679532278,gas,2026-09-18T14:51:26.782Z,"{""pl_name"":""HD 189733 b"",""hostname"":""HD 189733"",""gaia_dr3_id"":""Gaia DR3 1827242816201846144"",""ra"":300.1821223,""dec"":22.7097759,""sy_dist"":19.7638,""sy_gaiamag"":7.41432,""pl_rade"":12.66617,""pl_radelim"":0,""pl_bmasse"":359.1479,""pl_bmasselim"":0,""pl_bmassprov"":""Mass"",""pl_orbper"":2.21857567,""pl_orbperlim"":0,""pl_orbsmax"":0.03126,""pl_eqt"":1209,""pl_eqtlim"":0,""disc_year"":2005,""discoverymethod"":""Radial Velocity"",""disc_refname"":""<a refstr=BOUCHY_ET_AL__2005 href=https://ui.adsabs.harvard.edu/abs/2005A&A...444L..15B/abstract target=ref> Bouchy et al. 2005 </a>"",""import_batch"":""astralys_nasa_confirmed_planets_20260918"",""discovery_status"":""confirmed"",""table"":""pscomppars"",""gaia_host_source_id"":""1827242816201846144"",""orbit_order"":1,""retrieved_at"":""2026-09-18T14:51:26.782Z"",""sky_position_kind"":""host_system_direction"",""visual_is_interpretation"":true,""best_mass_is_minimum"":false}"
planet,NASA_EXOPLANET_ARCHIVE,HD 209458 b,HD 209458 b,45c4255e-2e6e-4378-836d-0d33291fb7fa,HD 209458,330.7950219,18.8842419,157.538566,,15.58051,232.0159,3.52474859,1459,1999,Radial Velocity, Henry et al. 2000 ,1035921380,gas,2026-09-18T14:51:26.782Z,"{""pl_name"":""HD 209458 b"",""hostname"":""HD 209458"",""gaia_dr3_id"":""Gaia DR3 1779546757669063552"",""ra"":330.7950219,""dec"":18.8842419,""sy_dist"":48.3016,""sy_gaiamag"":7.50866,""pl_rade"":15.58051,""pl_radelim"":0,""pl_bmasse"":232.0159,""pl_bmasselim"":0,""pl_bmassprov"":""Mass"",""pl_orbper"":3.52474859,""pl_orbperlim"":0,""pl_orbsmax"":0.04707,""pl_eqt"":1459,""pl_eqtlim"":0,""disc_year"":1999,""discoverymethod"":""Radial Velocity"",""disc_refname"":""<a refstr=HENRY_ET_AL__2000 href=https://ui.adsabs.harvard.edu/abs/2000ApJ...529L..41H/abstract target=ref> Henry et al. 2000 </a>"",""import_batch"":""astralys_nasa_confirmed_planets_20260918"",""discovery_status"":""confirmed"",""table"":""pscomppars"",""gaia_host_source_id"":""1779546757669063552"",""orbit_order"":1,""retrieved_at"":""2026-09-18T14:51:26.782Z"",""sky_position_kind"":""host_system_direction"",""visual_is_interpretation"":true,""best_mass_is_minimum"":false}"
planet,NASA_EXOPLANET_ARCHIVE,HD 86226 b,HD 86226 b,cb51d267-ef03-449a-9951-8641ccb2c4b5,HD 86226,149.1235154,-24.0991859,148.997845,,14.3,143.0235,1628,176,2009,Radial Velocity, Arriagada et al. 2010 ,1551938947,gas,2026-09-18T14:51:26.782Z,"{""pl_name"":""HD 86226 b"",""hostname"":""HD 86226"",""gaia_dr3_id"":""Gaia DR3 5660492297395345408"",""ra"":149.1235154,""dec"":-24.0991859,""sy_dist"":45.683,""sy_gaiamag"":7.7713,""pl_rade"":14.3,""pl_radelim"":0,""pl_bmasse"":143.0235,""pl_bmasselim"":0,""pl_bmassprov"":""Mass"",""pl_orbper"":1628,""pl_orbperlim"":0,""pl_orbsmax"":2.73,""pl_eqt"":176,""pl_eqtlim"":0,""disc_year"":2009,""discoverymethod"":""Radial Velocity"",""disc_refname"":""<a refstr=ARRIAGADA_ET_AL__2010 href=https://ui.adsabs.harvard.edu/abs/2010ApJ...711.1229A/abstract target=ref> Arriagada et al. 2010 </a>"",""import_batch"":""astralys_nasa_confirmed_planets_20260918"",""discovery_status"":""confirmed"",""table"":""pscomppars"",""gaia_host_source_id"":""5660492297395345408"",""orbit_order"":2,""retrieved_at"":""2026-09-18T14:51:26.782Z"",""sky_position_kind"":""host_system_direction"",""visual_is_interpretation"":true,""best_mass_is_minimum"":false}"
planet,NASA_EXOPLANET_ARCHIVE,KELT-11 b,KELT-11 b,9a4c0b24-b3b0-490c-a191-db835630f30b,KELT-11,161.7069053,-9.3993646,323.414985,,15.13212395,65.15482343,4.73620865,1712,2017,Transit,Pepper et al. 2017,275853512,gas,2026-09-18T14:51:26.782Z,"{""pl_name"":""KELT-11 b"",""hostname"":""KELT-11"",""gaia_dr3_id"":""Gaia DR3 3761497761876022400"",""ra"":161.7069053,""dec"":-9.3993646,""sy_dist"":99.1596,""sy_gaiamag"":7.83112,""pl_rade"":15.13212395,""pl_radelim"":0,""pl_bmasse"":65.15482343,""pl_bmasselim"":0,""pl_bmassprov"":""Mass"",""pl_orbper"":4.73620865,""pl_orbperlim"":0,""pl_orbsmax"":0.0623,""pl_eqt"":1712,""pl_eqtlim"":0,""disc_year"":2017,""discoverymethod"":""Transit"",""disc_refname"":""<a refstr=PEPPER_ET_AL__2017 href=https://ui.adsabs.harvard.edu/abs/2017AJ....153..215P/abstract target=ref>Pepper et al. 2017</a>"",""import_batch"":""astralys_nasa_confirmed_planets_20260918"",""discovery_status"":""confirmed"",""table"":""pscomppars"",""gaia_host_source_id"":""3761497761876022400"",""orbit_order"":1,""retrieved_at"":""2026-09-18T14:51:26.782Z"",""sky_position_kind"":""host_system_direction"",""visual_is_interpretation"":true,""best_mass_is_minimum"":false}"
planet,NASA_EXOPLANET_ARCHIVE,AU Mic b,AU Mic b,f65d8cdf-760b-4744-99e7-0ea4fa2fe418,AU Mic,311.2911369,-31.34245,31.709212,,4.79,8.99,8.463446,555,2020,Transit,Plavchan et al. 2020,1428914851,gas,2026-09-18T14:51:26.782Z,"{""pl_name"":""AU Mic b"",""hostname"":""AU Mic"",""gaia_dr3_id"":""Gaia DR3 6794047652729201024"",""ra"":311.2911369,""dec"":-31.34245,""sy_dist"":9.7221,""sy_gaiamag"":7.84038,""pl_rade"":4.79,""pl_radelim"":0,""pl_bmasse"":8.99,""pl_bmasselim"":0,""pl_bmassprov"":""Mass"",""pl_orbper"":8.463446,""pl_orbperlim"":0,""pl_orbsmax"":0.07,""pl_eqt"":554.8,""pl_eqtlim"":0,""disc_year"":2020,""discoverymethod"":""Transit"",""disc_refname"":""<a refstr=PLAVCHAN_ET_AL__2020 href=https://ui.adsabs.harvard.edu/abs/2020Natur.582..497P/abstract target=ref>Plavchan et al. 2020</a>"",""import_batch"":""astralys_nasa_confirmed_planets_20260918"",""discovery_status"":""confirmed"",""table"":""pscomppars"",""gaia_host_source_id"":""6794047652729201024"",""orbit_order"":1,""retrieved_at"":""2026-09-18T14:51:26.782Z"",""sky_position_kind"":""host_system_direction"",""visual_is_interpretation"":true,""best_mass_is_minimum"":false}"
planet,NASA_EXOPLANET_ARCHIVE,HD 86226 c,HD 86226 c,cb51d267-ef03-449a-9951-8641ccb2c4b5,HD 86226,149.1235154,-24.0991859,148.997845,,2.16,7.25,3.98442,1311,2020,Transit,Teske et al. 2020,1535161328,lava,2026-09-18T14:51:26.782Z,"{""pl_name"":""HD 86226 c"",""hostname"":""HD 86226"",""gaia_dr3_id"":""Gaia DR3 5660492297395345408"",""ra"":149.1235154,""dec"":-24.0991859,""sy_dist"":45.683,""sy_gaiamag"":7.7713,""pl_rade"":2.16,""pl_radelim"":0,""pl_bmasse"":7.25,""pl_bmasselim"":0,""pl_bmassprov"":""Mass"",""pl_orbper"":3.98442,""pl_orbperlim"":0,""pl_orbsmax"":0.049,""pl_eqt"":1311,""pl_eqtlim"":0,""disc_year"":2020,""discoverymethod"":""Transit"",""disc_refname"":""<a refstr=TESKE_ET_AL__2020 href=https://ui.adsabs.harvard.edu/abs/2020AJ....160...96T/abstract target=ref>Teske et al. 2020</a>"",""import_batch"":""astralys_nasa_confirmed_planets_20260918"",""discovery_status"":""confirmed"",""table"":""pscomppars"",""gaia_host_source_id"":""5660492297395345408"",""orbit_order"":1,""retrieved_at"":""2026-09-18T14:51:26.782Z"",""sky_position_kind"":""host_system_direction"",""visual_is_interpretation"":true,""best_mass_is_minimum"":false}"
planet,NASA_EXOPLANET_ARCHIVE,AU Mic c,AU Mic c,f65d8cdf-760b-4744-99e7-0ea4fa2fe418,AU Mic,311.2911369,-31.34245,31.709212,,2.79,14.46,18.859023,425,2021,Transit,Martioli et al. 2021,1445692470,rocky,2026-09-18T14:51:26.782Z,"{""pl_name"":""AU Mic c"",""hostname"":""AU Mic"",""gaia_dr3_id"":""Gaia DR3 6794047652729201024"",""ra"":311.2911369,""dec"":-31.34245,""sy_dist"":9.7221,""sy_gaiamag"":7.84038,""pl_rade"":2.79,""pl_radelim"":0,""pl_bmasse"":14.46,""pl_bmasselim"":0,""pl_bmassprov"":""Mass"",""pl_orbper"":18.859023,""pl_orbperlim"":0,""pl_orbsmax"":0.119,""pl_eqt"":424.7,""pl_eqtlim"":0,""disc_year"":2021,""discoverymethod"":""Transit"",""disc_refname"":""<a refstr=MARTIOLI_ET_AL__2021 href=https://ui.adsabs.harvard.edu/abs/2021A&A...649A.177M/abstract target=ref>Martioli et al. 2021</a>"",""import_batch"":""astralys_nasa_confirmed_planets_20260918"",""discovery_status"":""confirmed"",""table"":""pscomppars"",""gaia_host_source_id"":""6794047652729201024"",""orbit_order"":3,""retrieved_at"":""2026-09-18T14:51:26.782Z"",""sky_position_kind"":""host_system_direction"",""visual_is_interpretation"":true,""best_mass_is_minimum"":false}"
planet,NASA_EXOPLANET_ARCHIVE,HD 63935 b,HD 63935 b,76f81454-baef-462c-ab4e-91621e186c6a,HD 63935,117.9246417,9.3852412,159.731313,,2.91575244,10.5,9.058807,825,2021,Transit,Scarsdale et al. 2021,1165813793,lava,2026-09-18T14:51:26.782Z,"{""pl_name"":""HD 63935 b"",""hostname"":""HD 63935"",""gaia_dr3_id"":""Gaia DR3 3145754895088191744"",""ra"":117.9246417,""dec"":9.3852412,""sy_dist"":48.9739,""sy_gaiamag"":8.39353,""pl_rade"":2.91575244,""pl_radelim"":0,""pl_bmasse"":10.5,""pl_bmasselim"":0,""pl_bmassprov"":""Mass"",""pl_orbper"":9.058807,""pl_orbperlim"":0,""pl_orbsmax"":0.083,""pl_eqt"":825.22,""pl_eqtlim"":0,""disc_year"":2021,""discoverymethod"":""Transit"",""disc_refname"":""<a refstr=SCARSDALE_ET_AL__2021 href=https://ui.adsabs.harvard.edu/abs/2021AJ....162..215S/abstract target=ref>Scarsdale et al. 2021</a>"",""import_batch"":""astralys_nasa_confirmed_planets_20260918"",""discovery_status"":""confirmed"",""table"":""pscomppars"",""gaia_host_source_id"":""3145754895088191744"",""orbit_order"":1,""retrieved_at"":""2026-09-18T14:51:26.782Z"",""sky_position_kind"":""host_system_direction"",""visual_is_interpretation"":true,""best_mass_is_minimum"":false}"
planet,NASA_EXOPLANET_ARCHIVE,HD 63935 c,HD 63935 c,76f81454-baef-462c-ab4e-91621e186c6a,HD 63935,117.9246417,9.3852412,159.731313,,3.06451296,11.1,21.4027,620,2021,Radial Velocity,Scarsdale et al. 2021,1149036174,rocky,2026-09-18T14:51:26.782Z,"{""pl_name"":""HD 63935 c"",""hostname"":""HD 63935"",""gaia_dr3_id"":""Gaia DR3 3145754895088191744"",""ra"":117.9246417,""dec"":9.3852412,""sy_dist"":48.9739,""sy_gaiamag"":8.39353,""pl_rade"":3.06451296,""pl_radelim"":0,""pl_bmasse"":11.1,""pl_bmasselim"":0,""pl_bmassprov"":""Mass"",""pl_orbper"":21.4027,""pl_orbperlim"":0,""pl_orbsmax"":0.148,""pl_eqt"":619.59,""pl_eqtlim"":0,""disc_year"":2021,""discoverymethod"":""Radial Velocity"",""disc_refname"":""<a refstr=SCARSDALE_ET_AL__2021 href=https://ui.adsabs.harvard.edu/abs/2021AJ....162..215S/abstract target=ref>Scarsdale et al. 2021</a>"",""import_batch"":""astralys_nasa_confirmed_planets_20260918"",""discovery_status"":""confirmed"",""table"":""pscomppars"",""gaia_host_source_id"":""3145754895088191744"",""orbit_order"":2,""retrieved_at"":""2026-09-18T14:51:26.782Z"",""sky_position_kind"":""host_system_direction"",""visual_is_interpretation"":true,""best_mass_is_minimum"":false}"
planet,NASA_EXOPLANET_ARCHIVE,WASP-189 b,WASP-189 b,794a1161-99f6-461a-b639-f6f34c2003ef,WASP-189,225.686732,-3.0314874,325.27864,,18.14733975,632.47852993,2.724033,3353,2020,Transit,Lendl et al. 2020,368806850,gas,2026-09-18T14:51:26.782Z,"{""pl_name"":""WASP-189 b"",""hostname"":""WASP-189"",""gaia_dr3_id"":""Gaia DR3 6339097679918871168"",""ra"":225.686732,""dec"":-3.0314874,""sy_dist"":99.731,""sy_gaiamag"":6.55369,""pl_rade"":18.14733975,""pl_radelim"":0,""pl_bmasse"":632.47852993,""pl_bmasselim"":0,""pl_bmassprov"":""Mass"",""pl_orbper"":2.724033,""pl_orbperlim"":0,""pl_orbsmax"":0.05053,""pl_eqt"":3353,""pl_eqtlim"":0,""disc_year"":2020,""discoverymethod"":""Transit"",""disc_refname"":""<a refstr=LENDL_ET_AL__2020 href=https://ui.adsabs.harvard.edu/abs/2020A&A...643A..94L/abstract target=ref>Lendl et al. 2020</a>"",""import_batch"":""astralys_nasa_confirmed_planets_20260918"",""discovery_status"":""confirmed"",""table"":""pscomppars"",""gaia_host_source_id"":""6339097679918871168"",""orbit_order"":1,""retrieved_at"":""2026-09-18T14:51:26.782Z"",""sky_position_kind"":""host_system_direction"",""visual_is_interpretation"":true,""best_mass_is_minimum"":false}"
planet,NASA_EXOPLANET_ARCHIVE,TOI-2134 b,TOI-2134 b,4889a39b-aeeb-4cc7-acb5-38f8f97a3ef0,TOI-2134,271.9355015,39.0729269,73.77714,,2.735,9.37,9.229198,660,2023,Transit,Rescigno et al. 2024,415844150,rocky,2026-09-18T14:51:26.782Z,"{""pl_name"":""TOI-2134 b"",""hostname"":""TOI-2134"",""gaia_dr3_id"":""Gaia DR3 4610267648427698816"",""ra"":271.9355015,""dec"":39.0729269,""sy_dist"":22.6202,""sy_gaiamag"":8.5077,""pl_rade"":2.735,""pl_radelim"":0,""pl_bmasse"":9.37,""pl_bmasselim"":0,""pl_bmassprov"":""Mass"",""pl_orbper"":9.229198,""pl_orbperlim"":0,""pl_orbsmax"":0.07803,""pl_eqt"":660,""pl_eqtlim"":0,""disc_year"":2023,""discoverymethod"":""Transit"",""disc_refname"":""<a refstr=RESCIGNO_ET_AL_2024 href=https://ui.adsabs.harvard.edu/abs/2024MNRAS.527.5385R/abstract target=ref>Rescigno et al. 2024</a>"",""import_batch"":""astralys_nasa_confirmed_planets_20260918"",""discovery_status"":""confirmed"",""table"":""pscomppars"",""gaia_host_source_id"":""4610267648427698816"",""orbit_order"":1,""retrieved_at"":""2026-09-18T14:51:26.782Z"",""sky_position_kind"":""host_system_direction"",""visual_is_interpretation"":true,""best_mass_is_minimum"":false}"
planet,NASA_EXOPLANET_ARCHIVE,TOI-2134 c,TOI-2134 c,4889a39b-aeeb-4cc7-acb5-38f8f97a3ef0,TOI-2134,271.9355015,39.0729269,73.77714,,7.35,58.3,95.85284,302,2023,Transit,Rescigno et al. 2024,432621769,gas,2026-09-18T14:51:26.782Z,"{""pl_name"":""TOI-2134 c"",""hostname"":""TOI-2134"",""gaia_dr3_id"":""Gaia DR3 4610267648427698816"",""ra"":271.9355015,""dec"":39.0729269,""sy_dist"":22.6202,""sy_gaiamag"":8.5077,""pl_rade"":7.35,""pl_radelim"":0,""pl_bmasse"":58.3,""pl_bmasselim"":0,""pl_bmassprov"":""Mass"",""pl_orbper"":95.85284,""pl_orbperlim"":0,""pl_orbsmax"":0.3715,""pl_eqt"":302,""pl_eqtlim"":0,""disc_year"":2023,""discoverymethod"":""Transit"",""disc_refname"":""<a refstr=RESCIGNO_ET_AL_2024 href=https://ui.adsabs.harvard.edu/abs/2024MNRAS.527.5385R/abstract target=ref>Rescigno et al. 2024</a>"",""import_batch"":""astralys_nasa_confirmed_planets_20260918"",""discovery_status"":""confirmed"",""table"":""pscomppars"",""gaia_host_source_id"":""4610267648427698816"",""orbit_order"":2,""retrieved_at"":""2026-09-18T14:51:26.782Z"",""sky_position_kind"":""host_system_direction"",""visual_is_interpretation"":true,""best_mass_is_minimum"":false}"
planet,NASA_EXOPLANET_ARCHIVE,HD 20329 b,HD 20329 b,a80f3922-527f-4e59-88c3-72b48c45554d,HD 20329,49.178124,15.6563542,207.694836,,1.72,7.42,0.926118,2141,2022,Transit,Murgas et al. 2022,1065845822,lava,2026-09-18T14:51:26.782Z,"{""pl_name"":""HD 20329 b"",""hostname"":""HD 20329"",""gaia_dr3_id"":""Gaia DR3 30398648945512960"",""ra"":49.178124,""dec"":15.6563542,""sy_dist"":63.6796,""sy_gaiamag"":8.59089,""pl_rade"":1.72,""pl_radelim"":0,""pl_bmasse"":7.42,""pl_bmasselim"":0,""pl_bmassprov"":""Mass"",""pl_orbper"":0.926118,""pl_orbperlim"":0,""pl_orbsmax"":0.018,""pl_eqt"":2141,""pl_eqtlim"":0,""disc_year"":2022,""discoverymethod"":""Transit"",""disc_refname"":""<a refstr=MURGAS_ET_AL_2022 href=https://ui.adsabs.harvard.edu/abs/2022A&A...668A.158M/abstract target=ref>Murgas et al. 2022</a>"",""import_batch"":""astralys_nasa_confirmed_planets_20260918"",""discovery_status"":""confirmed"",""table"":""pscomppars"",""gaia_host_source_id"":""30398648945512960"",""orbit_order"":1,""retrieved_at"":""2026-09-18T14:51:26.782Z"",""sky_position_kind"":""host_system_direction"",""visual_is_interpretation"":true,""best_mass_is_minimum"":false}"
planet,NASA_EXOPLANET_ARCHIVE,HD 207496 b,HD 207496 b,494fda86-8071-44b9-8b4d-19423a35c388,HD 207496,328.7181708,-77.3388025,76.992385,,2.25,6.1,6.441008,743,2023,Transit,Barros et al. 2023,1657623143,lava,2026-09-18T14:51:26.782Z,"{""pl_name"":""HD 207496 b"",""hostname"":""HD 207496"",""gaia_dr3_id"":""Gaia DR3 6356417496318028800"",""ra"":328.7181708,""dec"":-77.3388025,""sy_dist"":23.606,""sy_gaiamag"":7.97255,""pl_rade"":2.25,""pl_radelim"":0,""pl_bmasse"":6.1,""pl_bmasselim"":0,""pl_bmassprov"":""Mass"",""pl_orbper"":6.441008,""pl_orbperlim"":0,""pl_orbsmax"":0.0629,""pl_eqt"":743,""pl_eqtlim"":0,""disc_year"":2023,""discoverymethod"":""Transit"",""disc_refname"":""<a refstr=BARROS_ET_AL__2023 href=https://ui.adsabs.harvard.edu/abs/2023A&A...673A...4B/abstract target=ref>Barros et al. 2023</a>"",""import_batch"":""astralys_nasa_confirmed_planets_20260918"",""discovery_status"":""confirmed"",""table"":""pscomppars"",""gaia_host_source_id"":""6356417496318028800"",""orbit_order"":1,""retrieved_at"":""2026-09-18T14:51:26.782Z"",""sky_position_kind"":""host_system_direction"",""visual_is_interpretation"":true,""best_mass_is_minimum"":false}"
planet,NASA_EXOPLANET_ARCHIVE,AU Mic e,AU Mic e,f65d8cdf-760b-4744-99e7-0ea4fa2fe418,AU Mic,311.2911369,-31.34245,31.709212,,4.87,21.1,33.11,,2025,Radial Velocity,Donati et al. 2025,1345026756,gas,2026-09-18T14:51:26.782Z,"{""pl_name"":""AU Mic e"",""hostname"":""AU Mic"",""gaia_dr3_id"":""Gaia DR3 6794047652729201024"",""ra"":311.2911369,""dec"":-31.34245,""sy_dist"":9.7221,""sy_gaiamag"":7.84038,""pl_rade"":4.87,""pl_radelim"":0,""pl_bmasse"":21.1,""pl_bmasselim"":0,""pl_bmassprov"":""Mass"",""pl_orbper"":33.11,""pl_orbperlim"":0,""pl_orbsmax"":null,""pl_eqt"":null,""pl_eqtlim"":null,""disc_year"":2025,""discoverymethod"":""Radial Velocity"",""disc_refname"":""<a refstr=DONATI_ET_AL__2025 href=https://ui.adsabs.harvard.edu/abs/2025A&A...700A.227D/abstract target=ref>Donati et al. 2025</a>"",""import_batch"":""astralys_nasa_confirmed_planets_20260918"",""discovery_status"":""confirmed"",""table"":""pscomppars"",""gaia_host_source_id"":""6794047652729201024"",""orbit_order"":4,""retrieved_at"":""2026-09-18T14:51:26.782Z"",""sky_position_kind"":""host_system_direction"",""visual_is_interpretation"":true,""best_mass_is_minimum"":false}"
planet,NASA_EXOPLANET_ARCHIVE,AU Mic d,AU Mic d,f65d8cdf-760b-4744-99e7-0ea4fa2fe418,AU Mic,311.2911369,-31.34245,31.709212,,1.02,1.053,12.73596,,2023,Transit Timing Variations,Wittrock et al. 2023,1328249137,rocky,2026-09-18T14:51:26.782Z,"{""pl_name"":""AU Mic d"",""hostname"":""AU Mic"",""gaia_dr3_id"":""Gaia DR3 6794047652729201024"",""ra"":311.2911369,""dec"":-31.34245,""sy_dist"":9.7221,""sy_gaiamag"":7.84038,""pl_rade"":1.02,""pl_radelim"":0,""pl_bmasse"":1.053,""pl_bmasselim"":0,""pl_bmassprov"":""Mass"",""pl_orbper"":12.73596,""pl_orbperlim"":0,""pl_orbsmax"":null,""pl_eqt"":null,""pl_eqtlim"":null,""disc_year"":2023,""discoverymethod"":""Transit Timing Variations"",""disc_refname"":""<a refstr=WITTROCK_ET_AL__2023 href=https://ui.adsabs.harvard.edu/abs/2023AJ....166..232W/abstract target=ref>Wittrock et al. 2023</a>"",""import_batch"":""astralys_nasa_confirmed_planets_20260918"",""discovery_status"":""confirmed"",""table"":""pscomppars"",""gaia_host_source_id"":""6794047652729201024"",""orbit_order"":2,""retrieved_at"":""2026-09-18T14:51:26.782Z"",""sky_position_kind"":""host_system_direction"",""visual_is_interpretation"":true,""best_mass_is_minimum"":false}"
planet,NASA_EXOPLANET_ARCHIVE,GJ 341 b,GJ 341 b,8cc470b9-0186-4b44-a20b-0f16209eb5ee,GJ 341,140.3993759,-60.2811692,34.096348,,0.88,,7.57686,629,2025,Transit,DiTomasso et al. 2025,169865416,rocky,2026-09-18T14:51:26.782Z,"{""pl_name"":""GJ 341 b"",""hostname"":""GJ 341"",""gaia_dr3_id"":""Gaia DR3 5299440441521812992"",""ra"":140.3993759,""dec"":-60.2811692,""sy_dist"":10.454,""sy_gaiamag"":8.67538,""pl_rade"":0.88,""pl_radelim"":0,""pl_bmasse"":4,""pl_bmasselim"":1,""pl_bmassprov"":""Mass"",""pl_orbper"":7.57686,""pl_orbperlim"":0,""pl_orbsmax"":null,""pl_eqt"":629,""pl_eqtlim"":0,""disc_year"":2025,""discoverymethod"":""Transit"",""disc_refname"":""<a refstr=DITOMASSO_ET_AL__2025 href=https://ui.adsabs.harvard.edu/abs/2025ApJ...979..214D/abstract target=ref>DiTomasso et al. 2025</a>"",""import_batch"":""astralys_nasa_confirmed_planets_20260918"",""discovery_status"":""confirmed"",""table"":""pscomppars"",""gaia_host_source_id"":""5299440441521812992"",""orbit_order"":1,""retrieved_at"":""2026-09-18T14:51:26.782Z"",""sky_position_kind"":""host_system_direction"",""visual_is_interpretation"":true,""best_mass_is_minimum"":false}"
planet,NASA_EXOPLANET_ARCHIVE,HR 2562 b,HR 2562 b,a71ca236-3b78-491a-90d4-6e2e66cb821b,HR 2562,102.5042716,-60.2486775,110.916197,,12.44199,,,1255,2016,Imaging,Konopacky et al. 2016,97855839,gas,2026-09-18T14:51:26.782Z,"{""pl_name"":""HR 2562 b"",""hostname"":""HR 2562"",""gaia_dr3_id"":""Gaia DR3 5480006192386819456"",""ra"":102.5042716,""dec"":-60.2486775,""sy_dist"":34.0071,""sy_gaiamag"":5.99741,""pl_rade"":12.44199,""pl_radelim"":0,""pl_bmasse"":6992.224954,""pl_bmasselim"":1,""pl_bmassprov"":""Mass"",""pl_orbper"":null,""pl_orbperlim"":null,""pl_orbsmax"":22.2,""pl_eqt"":1255,""pl_eqtlim"":0,""disc_year"":2016,""discoverymethod"":""Imaging"",""disc_refname"":""<a refstr=KONOPACKY_ET_AL__2016 href=https://ui.adsabs.harvard.edu/abs/2016ApJ...829L...4K/abstract target=ref>Konopacky et al. 2016</a>"",""import_batch"":""astralys_nasa_confirmed_planets_20260918"",""discovery_status"":""confirmed"",""table"":""pscomppars"",""gaia_host_source_id"":""5480006192386819456"",""orbit_order"":null,""retrieved_at"":""2026-09-18T14:51:26.782Z"",""sky_position_kind"":""host_system_direction"",""visual_is_interpretation"":true,""best_mass_is_minimum"":false}"
planet,NASA_EXOPLANET_ARCHIVE,HD 21411 b,HD 21411 b,1624beea-ea27-48f6-9363-0eb50a4ba6dc,HD 21411,51.5474155,-30.6168403,95.018375,,9.52,,84.288,408,2019,Radial Velocity,Feng et al. 2019,1376695498,gas,2026-09-18T14:51:26.782Z,"{""pl_name"":""HD 21411 b"",""hostname"":""HD 21411"",""gaia_dr3_id"":""Gaia DR3 5056511692465250304"",""ra"":51.5474155,""dec"":-30.6168403,""sy_dist"":29.1328,""sy_gaiamag"":7.68183,""pl_rade"":9.52,""pl_radelim"":0,""pl_bmasse"":65.9,""pl_bmasselim"":0,""pl_bmassprov"":""Msini"",""pl_orbper"":84.288,""pl_orbperlim"":0,""pl_orbsmax"":0.362,""pl_eqt"":408.17,""pl_eqtlim"":0,""disc_year"":2019,""discoverymethod"":""Radial Velocity"",""disc_refname"":""<a refstr=FENG_ET_AL__2019 href=https://ui.adsabs.harvard.edu/abs/2019ApJS..242...25F/abstract target=ref>Feng et al. 2019</a>"",""import_batch"":""astralys_nasa_confirmed_planets_20260918"",""discovery_status"":""confirmed"",""table"":""pscomppars"",""gaia_host_source_id"":""5056511692465250304"",""orbit_order"":1,""retrieved_at"":""2026-09-18T14:51:26.782Z"",""sky_position_kind"":""host_system_direction"",""visual_is_interpretation"":true,""best_mass_is_minimum"":true}"
planet,NASA_EXOPLANET_ARCHIVE,pi Men c,pi Men c,dfab0bf9-6356-4d4c-a47a-34d5e81fd8fc,HD 39091,84.2992798,-80.4646041,59.589354,,2.0189,3.63,6.2678399,1170,2018,Transit,Gandolfi et al. 2018,10542084,lava,2026-09-18T14:51:26.782Z,"{""pl_name"":""pi Men c"",""hostname"":""HD 39091"",""gaia_dr3_id"":""Gaia DR3 4623036865373793408"",""ra"":84.2992798,""dec"":-80.4646041,""sy_dist"":18.2702,""sy_gaiamag"":5.5128,""pl_rade"":2.0189,""pl_radelim"":0,""pl_bmasse"":3.63,""pl_bmasselim"":0,""pl_bmassprov"":""Mass"",""pl_orbper"":6.2678399,""pl_orbperlim"":0,""pl_orbsmax"":0.06839,""pl_eqt"":1169.8,""pl_eqtlim"":0,""disc_year"":2018,""discoverymethod"":""Transit"",""disc_refname"":""<a refstr=GANDOLFI_ET_AL__2018 href=https://ui.adsabs.harvard.edu/abs/2018A&A...619L..10G/abstract target=ref>Gandolfi et al. 2018</a>"",""import_batch"":""astralys_nasa_confirmed_planets_20260918"",""discovery_status"":""confirmed"",""table"":""pscomppars"",""gaia_host_source_id"":""4623036865373793408"",""orbit_order"":1,""retrieved_at"":""2026-09-18T14:51:26.782Z"",""sky_position_kind"":""host_system_direction"",""visual_is_interpretation"":true,""best_mass_is_minimum"":false}"
planet,NASA_EXOPLANET_ARCHIVE,HD 106270 b,HD 106270 b,7ad20949-4a87-479c-8794-31da83f3a139,HD 106270,183.4049258,-9.5135645,305.96042,,12.4,3623.2438398,1888,237,2011,Radial Velocity, Johnson et al. 2011 ,2058818223,gas,2026-09-18T14:51:26.782Z,"{""pl_name"":""HD 106270 b"",""hostname"":""HD 106270"",""gaia_dr3_id"":""Gaia DR3 3581292685166588672"",""ra"":183.4049258,""dec"":-9.5135645,""sy_dist"":93.808,""sy_gaiamag"":7.39531,""pl_rade"":12.4,""pl_radelim"":0,""pl_bmasse"":3623.2438398,""pl_bmasselim"":0,""pl_bmassprov"":""Mass"",""pl_orbper"":1888,""pl_orbperlim"":0,""pl_orbsmax"":3.34,""pl_eqt"":237.07,""pl_eqtlim"":0,""disc_year"":2011,""discoverymethod"":""Radial Velocity"",""disc_refname"":""<a refstr=JOHNSON_ET_AL__2011 href=https://ui.adsabs.harvard.edu/abs/2011ApJS..197...26J/abstract target=ref> Johnson et al. 2011 </a>"",""import_batch"":""astralys_nasa_confirmed_planets_20260918"",""discovery_status"":""confirmed"",""table"":""pscomppars"",""gaia_host_source_id"":""3581292685166588672"",""orbit_order"":1,""retrieved_at"":""2026-09-18T14:51:26.782Z"",""sky_position_kind"":""host_system_direction"",""visual_is_interpretation"":true,""best_mass_is_minimum"":false}"
planet,NASA_EXOPLANET_ARCHIVE,HD 75898 c,HD 75898 c,4b4b3fc4-393b-47d3-91d8-e5e9532dbc1f,HD 75898,133.4611999,33.0566885,254.566389,,12.6,2698.36317543,6717,135,2024,Radial Velocity,Ruggieri et al. 2024,1495777177,gas,2026-09-18T14:51:26.782Z,"{""pl_name"":""HD 75898 c"",""hostname"":""HD 75898"",""gaia_dr3_id"":""Gaia DR3 713135102814770432"",""ra"":133.4611999,""dec"":33.0566885,""sy_dist"":78.0505,""sy_gaiamag"":7.89597,""pl_rade"":12.6,""pl_radelim"":0,""pl_bmasse"":2698.36317543,""pl_bmasselim"":0,""pl_bmassprov"":""Mass"",""pl_orbper"":6717,""pl_orbperlim"":0,""pl_orbsmax"":7.39,""pl_eqt"":135.2,""pl_eqtlim"":0,""disc_year"":2024,""discoverymethod"":""Radial Velocity"",""disc_refname"":""<a refstr=RUGGIERI_ET_AL__2024 href=https://ui.adsabs.harvard.edu/abs/2024A&A...689A.235R/abstract target=ref>Ruggieri et al. 2024</a>"",""import_batch"":""astralys_nasa_confirmed_planets_20260918"",""discovery_status"":""confirmed"",""table"":""pscomppars"",""gaia_host_source_id"":""713135102814770432"",""orbit_order"":2,""retrieved_at"":""2026-09-18T14:51:26.782Z"",""sky_position_kind"":""host_system_direction"",""visual_is_interpretation"":true,""best_mass_is_minimum"":false}"
planet,NASA_EXOPLANET_ARCHIVE,HD 51608 b,HD 51608 b,95d40961-c0ce-4900-820c-da025f456f8c,HD 51608,103.7137102,-55.2600189,114.334964,,3.62,,14.0726,760,2019,Radial Velocity,Udry et al. 2019,252976279,lava,2026-09-18T14:51:26.782Z,"{""pl_name"":""HD 51608 b"",""hostname"":""HD 51608"",""gaia_dr3_id"":""Gaia DR3 5485320853638354304"",""ra"":103.7137102,""dec"":-55.2600189,""sy_dist"":35.0553,""sy_gaiamag"":7.96058,""pl_rade"":3.62,""pl_radelim"":0,""pl_bmasse"":12.77,""pl_bmasselim"":0,""pl_bmassprov"":""Msini"",""pl_orbper"":14.0726,""pl_orbperlim"":0,""pl_orbsmax"":0.1059,""pl_eqt"":759.92,""pl_eqtlim"":0,""disc_year"":2019,""discoverymethod"":""Radial Velocity"",""disc_refname"":""<a refstr=UDRY_ET_AL__2019 href=https://ui.adsabs.harvard.edu/abs/2019A&A...622A..37U/abstract target=ref>Udry et al. 2019</a>"",""import_batch"":""astralys_nasa_confirmed_planets_20260918"",""discovery_status"":""confirmed"",""table"":""pscomppars"",""gaia_host_source_id"":""5485320853638354304"",""orbit_order"":1,""retrieved_at"":""2026-09-18T14:51:26.782Z"",""sky_position_kind"":""host_system_direction"",""visual_is_interpretation"":true,""best_mass_is_minimum"":true}"
planet,NASA_EXOPLANET_ARCHIVE,HD 89839 b,HD 89839 b,3dce1ac8-8f7e-489a-a09a-853e441f8d78,HD 89839,155.168879,-53.6640291,186.907936,,12.8,1748.0562385,3391.2,159,2023,Radial Velocity,Xiao et al. 2023,641004894,gas,2026-09-18T14:51:26.782Z,"{""pl_name"":""HD 89839 b"",""hostname"":""HD 89839"",""gaia_dr3_id"":""Gaia DR3 5355799586503538176"",""ra"":155.168879,""dec"":-53.6640291,""sy_dist"":57.3063,""sy_gaiamag"":7.51304,""pl_rade"":12.8,""pl_radelim"":0,""pl_bmasse"":1748.0562385,""pl_bmasselim"":0,""pl_bmassprov"":""Mass"",""pl_orbper"":3391.2,""pl_orbperlim"":0,""pl_orbsmax"":4.713,""pl_eqt"":159.03,""pl_eqtlim"":0,""disc_year"":2023,""discoverymethod"":""Radial Velocity"",""disc_refname"":""<a refstr=XIAO_ET_AL__2023 href=https://ui.adsabs.harvard.edu/abs/2023RAA....23e5022X/abstract target=ref>Xiao et al. 2023</a>"",""import_batch"":""astralys_nasa_confirmed_planets_20260918"",""discovery_status"":""confirmed"",""table"":""pscomppars"",""gaia_host_source_id"":""5355799586503538176"",""orbit_order"":1,""retrieved_at"":""2026-09-18T14:51:26.782Z"",""sky_position_kind"":""host_system_direction"",""visual_is_interpretation"":true,""best_mass_is_minimum"":false}"
planet,NASA_EXOPLANET_ARCHIVE,HD 196050 b,HD 196050 b,b36379bb-69a5-49e5-9b19-f4aaaf29a406,HD 196050,309.4637796,-60.6347649,165.276944,,12.9,1493.7935129,1392,208,2002,Radial Velocity, Jones et al. 2002 ,363366761,gas,2026-09-18T14:51:26.782Z,"{""pl_name"":""HD 196050 b"",""hostname"":""HD 196050"",""gaia_dr3_id"":""Gaia DR3 6454954010413575296"",""ra"":309.4637796,""dec"":-60.6347649,""sy_dist"":50.6742,""sy_gaiamag"":7.3407,""pl_rade"":12.9,""pl_radelim"":0,""pl_bmasse"":1493.7935129,""pl_bmasselim"":0,""pl_bmassprov"":""Mass"",""pl_orbper"":1392,""pl_orbperlim"":0,""pl_orbsmax"":2.65,""pl_eqt"":207.52,""pl_eqtlim"":0,""disc_year"":2002,""discoverymethod"":""Radial Velocity"",""disc_refname"":""<a refstr=JONES_ET_AL__2002 href=https://ui.adsabs.harvard.edu/abs/2002MNRAS.337.1170J/abstract target=ref> Jones et al. 2002 </a>"",""import_batch"":""astralys_nasa_confirmed_planets_20260918"",""discovery_status"":""confirmed"",""table"":""pscomppars"",""gaia_host_source_id"":""6454954010413575296"",""orbit_order"":1,""retrieved_at"":""2026-09-18T14:51:26.782Z"",""sky_position_kind"":""host_system_direction"",""visual_is_interpretation"":true,""best_mass_is_minimum"":false}"
planet,NASA_EXOPLANET_ARCHIVE,Kepler-444 c,Kepler-444 c,e1d1dda0-8b82-4ddf-82db-227ec7efffa8,Kepler-444,289.7528323,41.631884,118.849942,,0.497,,4.5458841,868,2015,Transit,Campante et al. 2015,1866308302,lava,2026-09-18T14:51:26.782Z,"{""pl_name"":""Kepler-444 c"",""hostname"":""Kepler-444"",""gaia_dr3_id"":""Gaia DR3 2101486923385239808"",""ra"":289.7528323,""dec"":41.631884,""sy_dist"":36.4396,""sy_gaiamag"":8.643251,""pl_rade"":0.497,""pl_radelim"":0,""pl_bmasse"":0.0793,""pl_bmasselim"":0,""pl_bmassprov"":""M-R relationship"",""pl_orbper"":4.5458841,""pl_orbperlim"":0,""pl_orbsmax"":0.04881,""pl_eqt"":868,""pl_eqtlim"":0,""disc_year"":2015,""discoverymethod"":""Transit"",""disc_refname"":""<a refstr=CAMPANTE_ET_AL__2015 href=https://ui.adsabs.harvard.edu/abs/2015ApJ...799..170C/abstract target=ref>Campante et al. 2015</a>"",""import_batch"":""astralys_nasa_confirmed_planets_20260918"",""discovery_status"":""confirmed"",""table"":""pscomppars"",""gaia_host_source_id"":""2101486923385239808"",""orbit_order"":2,""retrieved_at"":""2026-09-18T14:51:26.782Z"",""sky_position_kind"":""host_system_direction"",""visual_is_interpretation"":true,""best_mass_is_minimum"":false}"
planet,NASA_EXOPLANET_ARCHIVE,HD 219077 b,HD 219077 b,941bb852-25c5-4182-8128-d60a0aa6de06,HD 219077,348.5319387,-62.7018297,95.193195,,12.5,3057.50927534,5478.68861,147,2012,Radial Velocity, Marmier et al. 2013 ,1270723279,gas,2026-09-18T14:51:26.782Z,"{""pl_name"":""HD 219077 b"",""hostname"":""HD 219077"",""gaia_dr3_id"":""Gaia DR3 6489771832811810432"",""ra"":348.5319387,""dec"":-62.7018297,""sy_dist"":29.1864,""sy_gaiamag"":5.91597,""pl_rade"":12.5,""pl_radelim"":0,""pl_bmasse"":3057.50927534,""pl_bmasselim"":0,""pl_bmassprov"":""Mass"",""pl_orbper"":5478.68861,""pl_orbperlim"":0,""pl_orbsmax"":5.935,""pl_eqt"":146.68,""pl_eqtlim"":0,""disc_year"":2012,""discoverymethod"":""Radial Velocity"",""disc_refname"":""<a refstr=MARMIER_ET_AL__2013 href=https://ui.adsabs.harvard.edu/abs/2013A%26A...551A..90M/abstract target=ref> Marmier et al. 2013 </a>"",""import_batch"":""astralys_nasa_confirmed_planets_20260918"",""discovery_status"":""confirmed"",""table"":""pscomppars"",""gaia_host_source_id"":""6489771832811810432"",""orbit_order"":1,""retrieved_at"":""2026-09-18T14:51:26.782Z"",""sky_position_kind"":""host_system_direction"",""visual_is_interpretation"":true,""best_mass_is_minimum"":false}"
planet,NASA_EXOPLANET_ARCHIVE,HD 75784 b,HD 75784 b,a9886fde-3e96-4461-b85a-a0dbea43fea2,HD 75784,133.0992289,13.2330548,278.64192,,13.8,,341.2,426,2014,Radial Velocity,Giguere et al. 2015,1058088894,gas,2026-09-18T14:51:26.782Z,"{""pl_name"":""HD 75784 b"",""hostname"":""HD 75784"",""gaia_dr3_id"":""Gaia DR3 608182831000585728"",""ra"":133.0992289,""dec"":13.2330548,""sy_dist"":85.4321,""sy_gaiamag"":7.5599,""pl_rade"":13.8,""pl_radelim"":0,""pl_bmasse"":317.83,""pl_bmasselim"":0,""pl_bmassprov"":""Msini"",""pl_orbper"":341.2,""pl_orbperlim"":0,""pl_orbsmax"":1.032,""pl_eqt"":425.98,""pl_eqtlim"":0,""disc_year"":2014,""discoverymethod"":""Radial Velocity"",""disc_refname"":""<a refstr=GIGUERE_ET_AL__2015 href=https://ui.adsabs.harvard.edu/abs/2015ApJ...799...89G/abstract target=ref>Giguere et al. 2015</a>"",""import_batch"":""astralys_nasa_confirmed_planets_20260918"",""discovery_status"":""confirmed"",""table"":""pscomppars"",""gaia_host_source_id"":""608182831000585728"",""orbit_order"":1,""retrieved_at"":""2026-09-18T14:51:26.782Z"",""sky_position_kind"":""host_system_direction"",""visual_is_interpretation"":true,""best_mass_is_minimum"":true}"
planet,NASA_EXOPLANET_ARCHIVE,tau Cet g,tau Cet g,f5008a1a-a3cb-4cb9-8b7e-9c2aa4727426,tau Cet,26.0093029,-15.9337987,11.751531,,1.18,,20,640,2017,Radial Velocity,Feng et al. 2017,778720292,rocky,2026-09-18T14:51:26.782Z,"{""pl_name"":""tau Cet g"",""hostname"":""tau Cet"",""gaia_dr3_id"":""Gaia DR3 2452378776434477184"",""ra"":26.0093029,""dec"":-15.9337987,""sy_dist"":3.60304,""sy_gaiamag"":3.24854,""pl_rade"":1.18,""pl_radelim"":0,""pl_bmasse"":1.75,""pl_bmasselim"":0,""pl_bmassprov"":""Msini"",""pl_orbper"":20,""pl_orbperlim"":0,""pl_orbsmax"":0.133,""pl_eqt"":639.65,""pl_eqtlim"":0,""disc_year"":2017,""discoverymethod"":""Radial Velocity"",""disc_refname"":""<a refstr=FENG_ET_AL__2017 href=https://ui.adsabs.harvard.edu/abs/2017AJ....154..135F/abstract target=ref>Feng et al. 2017</a>"",""import_batch"":""astralys_nasa_confirmed_planets_20260918"",""discovery_status"":""confirmed"",""table"":""pscomppars"",""gaia_host_source_id"":""2452378776434477184"",""orbit_order"":1,""retrieved_at"":""2026-09-18T14:51:26.782Z"",""sky_position_kind"":""host_system_direction"",""visual_is_interpretation"":true,""best_mass_is_minimum"":true}"
planet,NASA_EXOPLANET_ARCHIVE,GJ 887 e,GJ 887 e,cc13766a-38fb-4d92-a0fb-423902dfc4dc,GJ 887,346.5027573,-35.8473489,10.720063,,1.12,,4.4249,544,2026,Radial Velocity,Hartogh et al. 2026,187359619,rocky,2026-09-18T14:51:26.782Z,"{""pl_name"":""GJ 887 e"",""hostname"":""GJ 887"",""gaia_dr3_id"":""Gaia DR3 6553614253923452800"",""ra"":346.5027573,""dec"":-35.8473489,""sy_dist"":3.28679,""sy_gaiamag"":6.52199,""pl_rade"":1.12,""pl_radelim"":0,""pl_bmasse"":1.46,""pl_bmasselim"":0,""pl_bmassprov"":""Msini"",""pl_orbper"":4.4249,""pl_orbperlim"":0,""pl_orbsmax"":0.0417,""pl_eqt"":544,""pl_eqtlim"":0,""disc_year"":2026,""discoverymethod"":""Radial Velocity"",""disc_refname"":""<a refstr=HARTOGH_ET_AL_2026 href=https://ui.adsabs.harvard.edu/abs/2026A&A...707A..93H/abstract target=ref>Hartogh et al. 2026</a>"",""import_batch"":""astralys_nasa_confirmed_planets_20260918"",""discovery_status"":""confirmed"",""table"":""pscomppars"",""gaia_host_source_id"":""6553614253923452800"",""orbit_order"":1,""retrieved_at"":""2026-09-18T14:51:26.782Z"",""sky_position_kind"":""host_system_direction"",""visual_is_interpretation"":true,""best_mass_is_minimum"":true}"
planet,NASA_EXOPLANET_ARCHIVE,HD 12235 b,HD 12235 b,462689a6-eb61-443b-b057-4cd9fd45187f,HD 12235,30.0391601,3.0959098,103.595952,,3.23,,4.36305,1667,2022,Radial Velocity,Feng et al. 2022,695747837,lava,2026-09-18T14:51:26.782Z,"{""pl_name"":""HD 12235 b"",""hostname"":""HD 12235"",""gaia_dr3_id"":""Gaia DR3 2511794495013074048"",""ra"":30.0391601,""dec"":3.0959098,""sy_dist"":31.7627,""sy_gaiamag"":5.74089,""pl_rade"":3.23,""pl_radelim"":0,""pl_bmasse"":10.48833743,""pl_bmasselim"":0,""pl_bmassprov"":""Msini"",""pl_orbper"":4.36305,""pl_orbperlim"":0,""pl_orbsmax"":0.054,""pl_eqt"":1667.37,""pl_eqtlim"":0,""disc_year"":2022,""discoverymethod"":""Radial Velocity"",""disc_refname"":""<a refstr=FENG_ET_AL__2022 href=https://ui.adsabs.harvard.edu/abs/2022ApJS..262...21F/abstract target=ref>Feng et al. 2022</a>"",""import_batch"":""astralys_nasa_confirmed_planets_20260918"",""discovery_status"":""confirmed"",""table"":""pscomppars"",""gaia_host_source_id"":""2511794495013074048"",""orbit_order"":1,""retrieved_at"":""2026-09-18T14:51:26.782Z"",""sky_position_kind"":""host_system_direction"",""visual_is_interpretation"":true,""best_mass_is_minimum"":true}"
planet,NASA_EXOPLANET_ARCHIVE,Kepler-444 f,Kepler-444 f,e1d1dda0-8b82-4ddf-82db-227ec7efffa8,Kepler-444,289.7528323,41.631884,118.849942,,0.741,,9.740486,673,2015,Transit,Campante et al. 2015,1950196397,rocky,2026-09-18T14:51:26.782Z,"{""pl_name"":""Kepler-444 f"",""hostname"":""Kepler-444"",""gaia_dr3_id"":""Gaia DR3 2101486923385239808"",""ra"":289.7528323,""dec"":41.631884,""sy_dist"":36.4396,""sy_gaiamag"":8.643251,""pl_rade"":0.741,""pl_radelim"":0,""pl_bmasse"":0.332,""pl_bmasselim"":0,""pl_bmassprov"":""M-R relationship"",""pl_orbper"":9.740486,""pl_orbperlim"":0,""pl_orbsmax"":0.0811,""pl_eqt"":673,""pl_eqtlim"":0,""disc_year"":2015,""discoverymethod"":""Transit"",""disc_refname"":""<a refstr=CAMPANTE_ET_AL__2015 href=https://ui.adsabs.harvard.edu/abs/2015ApJ...799..170C/abstract target=ref>Campante et al. 2015</a>"",""import_batch"":""astralys_nasa_confirmed_planets_20260918"",""discovery_status"":""confirmed"",""table"":""pscomppars"",""gaia_host_source_id"":""2101486923385239808"",""orbit_order"":5,""retrieved_at"":""2026-09-18T14:51:26.782Z"",""sky_position_kind"":""host_system_direction"",""visual_is_interpretation"":true,""best_mass_is_minimum"":false}"
planet,NASA_EXOPLANET_ARCHIVE,GJ 887 c,GJ 887 c,cc13766a-38fb-4d92-a0fb-423902dfc4dc,GJ 887,346.5027573,-35.8473489,10.720063,,2.43,,21.784,320,2020,Radial Velocity,Jeffers et al. 2020,86693905,rocky,2026-09-18T14:51:26.782Z,"{""pl_name"":""GJ 887 c"",""hostname"":""GJ 887"",""gaia_dr3_id"":""Gaia DR3 6553614253923452800"",""ra"":346.5027573,""dec"":-35.8473489,""sy_dist"":3.28679,""sy_gaiamag"":6.52199,""pl_rade"":2.43,""pl_radelim"":0,""pl_bmasse"":6.5,""pl_bmasselim"":0,""pl_bmassprov"":""Msini"",""pl_orbper"":21.784,""pl_orbperlim"":0,""pl_orbsmax"":0.121,""pl_eqt"":320,""pl_eqtlim"":0,""disc_year"":2020,""discoverymethod"":""Radial Velocity"",""disc_refname"":""<a refstr=JEFFERS_ET_AL__2020 href=https://ui.adsabs.harvard.edu/abs/2020Sci...368.1477J/abstract target=ref>Jeffers et al. 2020</a>"",""import_batch"":""astralys_nasa_confirmed_planets_20260918"",""discovery_status"":""confirmed"",""table"":""pscomppars"",""gaia_host_source_id"":""6553614253923452800"",""orbit_order"":3,""retrieved_at"":""2026-09-18T14:51:26.782Z"",""sky_position_kind"":""host_system_direction"",""visual_is_interpretation"":true,""best_mass_is_minimum"":true}"
planet,NASA_EXOPLANET_ARCHIVE,HD 141399 e,HD 141399 e,3e6595bb-c87a-42a0-b01d-bc77071603cf,HD 141399,236.7235392,46.986288,120.73284,,14.1,,5000,142,2014,Radial Velocity,Vogt et al. 2014,1225539488,gas,2026-09-18T14:51:26.782Z,"{""pl_name"":""HD 141399 e"",""hostname"":""HD 141399"",""gaia_dr3_id"":""Gaia DR3 1398218223733415552"",""ra"":236.7235392,""dec"":46.986288,""sy_dist"":37.0169,""sy_gaiamag"":7.00926,""pl_rade"":14.1,""pl_radelim"":0,""pl_bmasse"":209.7678,""pl_bmasselim"":0,""pl_bmassprov"":""Msini"",""pl_orbper"":5000,""pl_orbperlim"":0,""pl_orbsmax"":5,""pl_eqt"":142.24,""pl_eqtlim"":0,""disc_year"":2014,""discoverymethod"":""Radial Velocity"",""disc_refname"":""<a refstr=VOGT_ET_AL__2014 href=https://ui.adsabs.harvard.edu/abs/2014ApJ...787...97V/abstract target=ref>Vogt et al. 2014</a>"",""import_batch"":""astralys_nasa_confirmed_planets_20260918"",""discovery_status"":""confirmed"",""table"":""pscomppars"",""gaia_host_source_id"":""1398218223733415552"",""orbit_order"":4,""retrieved_at"":""2026-09-18T14:51:26.782Z"",""sky_position_kind"":""host_system_direction"",""visual_is_interpretation"":true,""best_mass_is_minimum"":true}"
planet,NASA_EXOPLANET_ARCHIVE,HD 457 b,HD 457 b,b41b8e5f-37a0-4436-9dc1-25711c3aa871,HD 457,2.2492922,-39.7372401,179.508108,,11.9,8445.3364308,20324.58153,85,2022,Radial Velocity,Feng et al. 2022,2051077008,gas,2026-09-18T14:51:26.782Z,"{""pl_name"":""HD 457 b"",""hostname"":""HD 457"",""gaia_dr3_id"":""Gaia DR3 4996584567835662848"",""ra"":2.2492922,""dec"":-39.7372401,""sy_dist"":55.0375,""sy_gaiamag"":7.57794,""pl_rade"":11.9,""pl_radelim"":0,""pl_bmasse"":8445.3364308,""pl_bmasselim"":0,""pl_bmassprov"":""Mass"",""pl_orbper"":20324.58153,""pl_orbperlim"":0,""pl_orbsmax"":15.369,""pl_eqt"":85.15,""pl_eqtlim"":0,""disc_year"":2022,""discoverymethod"":""Radial Velocity"",""disc_refname"":""<a refstr=FENG_ET_AL__2022 href=https://ui.adsabs.harvard.edu/abs/2022ApJS..262...21F/abstract target=ref>Feng et al. 2022</a>"",""import_batch"":""astralys_nasa_confirmed_planets_20260918"",""discovery_status"":""confirmed"",""table"":""pscomppars"",""gaia_host_source_id"":""4996584567835662848"",""orbit_order"":1,""retrieved_at"":""2026-09-18T14:51:26.782Z"",""sky_position_kind"":""host_system_direction"",""visual_is_interpretation"":true,""best_mass_is_minimum"":false}"
planet,NASA_EXOPLANET_ARCHIVE,HD 153557 b,HD 153557 b,d5bdae2f-3ebf-4115-bf68-84a042ef78b2,HD 153557,254.4706516,47.3678558,58.5163,,4.77,,7.29903,772,2022,Radial Velocity,Feng et al. 2022,364045004,gas,2026-09-18T14:51:26.782Z,"{""pl_name"":""HD 153557 b"",""hostname"":""HD 153557"",""gaia_dr3_id"":""Gaia DR3 1408029509584967168"",""ra"":254.4706516,""dec"":47.3678558,""sy_dist"":17.9412,""sy_gaiamag"":7.50548,""pl_rade"":4.77,""pl_radelim"":0,""pl_bmasse"":20.34101805,""pl_bmasselim"":0,""pl_bmassprov"":""Msini"",""pl_orbper"":7.29903,""pl_orbperlim"":0,""pl_orbsmax"":0.068,""pl_eqt"":772.12,""pl_eqtlim"":0,""disc_year"":2022,""discoverymethod"":""Radial Velocity"",""disc_refname"":""<a refstr=FENG_ET_AL__2022 href=https://ui.adsabs.harvard.edu/abs/2022ApJS..262...21F/abstract target=ref>Feng et al. 2022</a>"",""import_batch"":""astralys_nasa_confirmed_planets_20260918"",""discovery_status"":""confirmed"",""table"":""pscomppars"",""gaia_host_source_id"":""1408029509584967168"",""orbit_order"":1,""retrieved_at"":""2026-09-18T14:51:26.782Z"",""sky_position_kind"":""host_system_direction"",""visual_is_interpretation"":true,""best_mass_is_minimum"":true}"
planet,NASA_EXOPLANET_ARCHIVE,HD 196067 b,HD 196067 b,ad98058d-1a8a-4d7f-b82f-fd78349cc9e1,HD 196067,310.4364195,-75.3514992,130.249094,,12.4,3623.2438398,3413.7,176,2012,Radial Velocity, Marmier et al. 2013 ,1845744374,gas,2026-09-18T14:51:26.782Z,"{""pl_name"":""HD 196067 b"",""hostname"":""HD 196067"",""gaia_dr3_id"":""Gaia DR3 6369544118965772416"",""ra"":310.4364195,""dec"":-75.3514992,""sy_dist"":39.9346,""sy_gaiamag"":6.33009,""pl_rade"":12.4,""pl_radelim"":0,""pl_bmasse"":3623.2438398,""pl_bmasselim"":0,""pl_bmassprov"":""Mass"",""pl_orbper"":3413.7,""pl_orbperlim"":0,""pl_orbsmax"":4.71,""pl_eqt"":176.42,""pl_eqtlim"":0,""disc_year"":2012,""discoverymethod"":""Radial Velocity"",""disc_refname"":""<a refstr=MARMIER_ET_AL__2013 href=https://ui.adsabs.harvard.edu/abs/2013A%26A...551A..90M/abstract target=ref> Marmier et al. 2013 </a>"",""import_batch"":""astralys_nasa_confirmed_planets_20260918"",""discovery_status"":""confirmed"",""table"":""pscomppars"",""gaia_host_source_id"":""6369544118965772416"",""orbit_order"":2,""retrieved_at"":""2026-09-18T14:51:26.782Z"",""sky_position_kind"":""host_system_direction"",""visual_is_interpretation"":true,""best_mass_is_minimum"":false}"
planet,NASA_EXOPLANET_ARCHIVE,HD 176986 c,HD 176986 c,4dfa00d5-ad4f-4692-a0ce-19393aa0c67d,HD 176986,285.7739138,-11.044941,90.620162,,,,16.8124,558,2017,Radial Velocity,Su&aacute;rez Mascare&ntilde;o et al. 2018,1056051577,rocky,2026-09-18T14:51:26.782Z,"{""pl_name"":""HD 176986 c"",""hostname"":""HD 176986"",""gaia_dr3_id"":""Gaia DR3 4199396753205879040"",""ra"":285.7739138,""dec"":-11.044941,""sy_dist"":27.7843,""sy_gaiamag"":8.14249,""pl_rade"":null,""pl_radelim"":null,""pl_bmasse"":2097.98531461,""pl_bmasselim"":1,""pl_bmassprov"":""Mass"",""pl_orbper"":16.8124,""pl_orbperlim"":0,""pl_orbsmax"":0.11873,""pl_eqt"":558,""pl_eqtlim"":0,""disc_year"":2017,""discoverymethod"":""Radial Velocity"",""disc_refname"":""<a refstr=SU_AACUTE_REZ_MASCARE_NTILDE_O_ET_AL__2018 href=https://ui.adsabs.harvard.edu/abs/2018A&A...612A..41S/abstract target=ref>Su&aacute;rez Mascare&ntilde;o et al. 2018</a>"",""import_batch"":""astralys_nasa_confirmed_planets_20260918"",""discovery_status"":""confirmed"",""table"":""pscomppars"",""gaia_host_source_id"":""4199396753205879040"",""orbit_order"":2,""retrieved_at"":""2026-09-18T14:51:26.782Z"",""sky_position_kind"":""host_system_direction"",""visual_is_interpretation"":true,""best_mass_is_minimum"":false}"
planet,NASA_EXOPLANET_ARCHIVE,HD 12661 c,HD 12661 c,ef8700c1-fbb4-4c33-8128-8a0545f8b8f7,HD 12661,31.1423525,25.4135632,123.442871,,13.2,899.45439181,1708,174,2002,Radial Velocity, Fischer et al. 2003 ,252495455,gas,2026-09-18T14:51:26.782Z,"{""pl_name"":""HD 12661 c"",""hostname"":""HD 12661"",""gaia_dr3_id"":""Gaia DR3 105332908999068032"",""ra"":31.1423525,""dec"":25.4135632,""sy_dist"":37.8478,""sy_gaiamag"":7.24746,""pl_rade"":13.2,""pl_radelim"":0,""pl_bmasse"":899.45439181,""pl_bmasselim"":0,""pl_bmassprov"":""Mass"",""pl_orbper"":1708,""pl_orbperlim"":0,""pl_orbsmax"":2.8145,""pl_eqt"":174.06,""pl_eqtlim"":0,""disc_year"":2002,""discoverymethod"":""Radial Velocity"",""disc_refname"":""<a refstr=FISCHER_ET_AL__2003 href=https://ui.adsabs.harvard.edu/abs/2003ApJ...586.1394F/abstract target=ref> Fischer et al. 2003 </a>"",""import_batch"":""astralys_nasa_confirmed_planets_20260918"",""discovery_status"":""confirmed"",""table"":""pscomppars"",""gaia_host_source_id"":""105332908999068032"",""orbit_order"":2,""retrieved_at"":""2026-09-18T14:51:26.782Z"",""sky_position_kind"":""host_system_direction"",""visual_is_interpretation"":true,""best_mass_is_minimum"":false}"
planet,NASA_EXOPLANET_ARCHIVE,kap And b,kap And b,6503d723-6e3d-4f5b-bfcc-bcc7440d4f8b,kap And,355.1025974,44.3338511,163.13573,,15.91675259,5498.4314411,,1791,2012,Imaging, Carson et al. 2013 ,345789853,gas,2026-09-18T14:51:26.782Z,"{""pl_name"":""kap And b"",""hostname"":""kap And"",""gaia_dr3_id"":""Gaia DR3 1926476042681491712"",""ra"":355.1025974,""dec"":44.3338511,""sy_dist"":50.0177,""sy_gaiamag"":4.13478,""pl_rade"":15.91675259,""pl_radelim"":0,""pl_bmasse"":5498.4314411,""pl_bmasselim"":0,""pl_bmassprov"":""Mass"",""pl_orbper"":null,""pl_orbperlim"":null,""pl_orbsmax"":55,""pl_eqt"":1791,""pl_eqtlim"":0,""disc_year"":2012,""discoverymethod"":""Imaging"",""disc_refname"":""<a refstr=CARSON_ET_AL__2013 href=https://ui.adsabs.harvard.edu/abs/2013ApJ...763L..32C/abstract target=ref> Carson et al. 2013 </a>"",""import_batch"":""astralys_nasa_confirmed_planets_20260918"",""discovery_status"":""confirmed"",""table"":""pscomppars"",""gaia_host_source_id"":""1926476042681491712"",""orbit_order"":null,""retrieved_at"":""2026-09-18T14:51:26.782Z"",""sky_position_kind"":""host_system_direction"",""visual_is_interpretation"":true,""best_mass_is_minimum"":false}"
planet,NASA_EXOPLANET_ARCHIVE,HD 88986 b,HD 88986 b,9b772675-7e65-459d-a98e-0188b07e399b,HD 88986,154.1166869,28.6820708,108.503295,,2.49,17.2,146.05,460,2023,Radial Velocity,Heidari et al. 2024,54783939,rocky,2026-09-18T14:51:26.782Z,"{""pl_name"":""HD 88986 b"",""hostname"":""HD 88986"",""gaia_dr3_id"":""Gaia DR3 741184091114529792"",""ra"":154.1166869,""dec"":28.6820708,""sy_dist"":33.2673,""sy_gaiamag"":6.30259,""pl_rade"":2.49,""pl_radelim"":0,""pl_bmasse"":17.2,""pl_bmasselim"":0,""pl_bmassprov"":""Mass"",""pl_orbper"":146.05,""pl_orbperlim"":0,""pl_orbsmax"":0.58,""pl_eqt"":460,""pl_eqtlim"":0,""disc_year"":2023,""discoverymethod"":""Radial Velocity"",""disc_refname"":""<a refstr=HEIDARI_ET_AL_2024 href=https://ui.adsabs.harvard.edu/abs/2024A&A...681A..55H/abstract target=ref>Heidari et al. 2024</a>"",""import_batch"":""astralys_nasa_confirmed_planets_20260918"",""discovery_status"":""confirmed"",""table"":""pscomppars"",""gaia_host_source_id"":""741184091114529792"",""orbit_order"":1,""retrieved_at"":""2026-09-18T14:51:26.782Z"",""sky_position_kind"":""host_system_direction"",""visual_is_interpretation"":true,""best_mass_is_minimum"":false}"
planet,NASA_EXOPLANET_ARCHIVE,HD 215152 e,HD 215152 e,e4f78e92-0b5c-44dd-9e69-34f448baceb3,HD 215152,340.8380941,-6.4020685,70.441216,,,,25.1967,518,2018,Radial Velocity,Delisle et al. 2018,723160896,rocky,2026-09-18T14:51:26.782Z,"{""pl_name"":""HD 215152 e"",""hostname"":""HD 215152"",""gaia_dr3_id"":""Gaia DR3 2623505219992303104"",""ra"":340.8380941,""dec"":-6.4020685,""sy_dist"":21.5974,""sy_gaiamag"":7.80163,""pl_rade"":null,""pl_radelim"":null,""pl_bmasse"":975.41538108,""pl_bmasselim"":1,""pl_bmassprov"":""Mass"",""pl_orbper"":25.1967,""pl_orbperlim"":0,""pl_orbsmax"":0.15417,""pl_eqt"":517.82,""pl_eqtlim"":0,""disc_year"":2018,""discoverymethod"":""Radial Velocity"",""disc_refname"":""<a refstr=DELISLE_ET_AL__2018 href=https://ui.adsabs.harvard.edu/abs/2018A&A...614A.133D/abstract target=ref>Delisle et al. 2018</a>"",""import_batch"":""astralys_nasa_confirmed_planets_20260918"",""discovery_status"":""confirmed"",""table"":""pscomppars"",""gaia_host_source_id"":""2623505219992303104"",""orbit_order"":4,""retrieved_at"":""2026-09-18T14:51:26.782Z"",""sky_position_kind"":""host_system_direction"",""visual_is_interpretation"":true,""best_mass_is_minimum"":false}"
planet,NASA_EXOPLANET_ARCHIVE,HD 207897 b,HD 207897 b,c4c5ee3f-9a97-4ecf-b163-aa3eda1e70ac,HD 207897,325.2016451,84.3337613,92.281926,,2.34302132,14.8,16.20166,582,2021,Transit,Heidari et al. 2022,1633695585,rocky,2026-09-18T14:51:26.782Z,"{""pl_name"":""HD 207897 b"",""hostname"":""HD 207897"",""gaia_dr3_id"":""Gaia DR3 2300641567596591488"",""ra"":325.2016451,""dec"":84.3337613,""sy_dist"":28.2938,""sy_gaiamag"":8.13037,""pl_rade"":2.34302132,""pl_radelim"":0,""pl_bmasse"":14.8,""pl_bmasselim"":0,""pl_bmassprov"":""Mass"",""pl_orbper"":16.20166,""pl_orbperlim"":0,""pl_orbsmax"":0.117,""pl_eqt"":581.75,""pl_eqtlim"":0,""disc_year"":2021,""discoverymethod"":""Transit"",""disc_refname"":""<a refstr=HEIDARI_ET_AL__2022 href=https://ui.adsabs.harvard.edu/abs/2022A&A...658A.176H/abstract target=ref>Heidari et al. 2022</a>"",""import_batch"":""astralys_nasa_confirmed_planets_20260918"",""discovery_status"":""confirmed"",""table"":""pscomppars"",""gaia_host_source_id"":""2300641567596591488"",""orbit_order"":1,""retrieved_at"":""2026-09-18T14:51:26.782Z"",""sky_position_kind"":""host_system_direction"",""visual_is_interpretation"":true,""best_mass_is_minimum"":false}"
planet,NASA_EXOPLANET_ARCHIVE,Barnard d,Barnard d,0206514e-980a-4395-9987-8ae3ffd06e6c,Barnard's star,269.4486144,4.7379808,5.957402,,0.694,,2.3402,483,2025,Radial Velocity,Basant et al. 2025,991935270,rocky,2026-09-18T14:51:26.782Z,"{""pl_name"":""Barnard d"",""hostname"":""Barnard's star"",""gaia_dr3_id"":""Gaia DR3 4472832130942575872"",""ra"":269.4486144,""dec"":4.7379808,""sy_dist"":1.82655,""sy_gaiamag"":8.19511,""pl_rade"":0.694,""pl_radelim"":0,""pl_bmasse"":0.263,""pl_bmasselim"":0,""pl_bmassprov"":""Msini"",""pl_orbper"":2.3402,""pl_orbperlim"":0,""pl_orbsmax"":0.0188,""pl_eqt"":483,""pl_eqtlim"":0,""disc_year"":2025,""discoverymethod"":""Radial Velocity"",""disc_refname"":""<a refstr=BASANT_ET_AL__2025 href=https://ui.adsabs.harvard.edu/abs/2025ApJ...982L...1B/abstract target=ref>Basant et al. 2025</a>"",""import_batch"":""astralys_nasa_confirmed_planets_20260918"",""discovery_status"":""confirmed"",""table"":""pscomppars"",""gaia_host_source_id"":""4472832130942575872"",""orbit_order"":1,""retrieved_at"":""2026-09-18T14:51:26.782Z"",""sky_position_kind"":""host_system_direction"",""visual_is_interpretation"":true,""best_mass_is_minimum"":true}"
planet,NASA_EXOPLANET_ARCHIVE,HD 65216 b,HD 65216 b,e588d51a-9655-49e0-ad81-d59968a29a48,HD 65216,118.4209646,-63.6466892,114.547618,,13.6,,577.6,223,2003,Radial Velocity, Mayor et al. 2004 ,300272322,gas,2026-09-18T14:51:26.782Z,"{""pl_name"":""HD 65216 b"",""hostname"":""HD 65216"",""gaia_dr3_id"":""Gaia DR3 5287961677550103424"",""ra"":118.4209646,""dec"":-63.6466892,""sy_dist"":35.1205,""sy_gaiamag"":7.7943,""pl_rade"":13.6,""pl_radelim"":0,""pl_bmasse"":411.58985,""pl_bmasselim"":0,""pl_bmassprov"":""Msini"",""pl_orbper"":577.6,""pl_orbperlim"":0,""pl_orbsmax"":1.301,""pl_eqt"":222.56,""pl_eqtlim"":0,""disc_year"":2003,""discoverymethod"":""Radial Velocity"",""disc_refname"":""<a refstr=MAYOR_ET_AL__2004 href=https://ui.adsabs.harvard.edu/abs/2004A&A...415..391M/abstract target=ref> Mayor et al. 2004 </a>"",""import_batch"":""astralys_nasa_confirmed_planets_20260918"",""discovery_status"":""confirmed"",""table"":""pscomppars"",""gaia_host_source_id"":""5287961677550103424"",""orbit_order"":1,""retrieved_at"":""2026-09-18T14:51:26.782Z"",""sky_position_kind"":""host_system_direction"",""visual_is_interpretation"":true,""best_mass_is_minimum"":true}"
planet,NASA_EXOPLANET_ARCHIVE,HD 219134 h,HD 219134 h,a027f84d-ac42-4b04-aa81-4b4eabf9e2ce,HD 219134,348.3372026,57.1696255,21.302129,,12.7,,2247,118,2015,Radial Velocity,Motalebi et al. 2015,736905211,gas,2026-09-18T14:51:26.782Z,"{""pl_name"":""HD 219134 h"",""hostname"":""HD 219134"",""gaia_dr3_id"":""Gaia DR3 2009481748875806976"",""ra"":348.3372026,""dec"":57.1696255,""sy_dist"":6.53127,""sy_gaiamag"":5.2402,""pl_rade"":12.7,""pl_radelim"":0,""pl_bmasse"":108.0622,""pl_bmasselim"":0,""pl_bmassprov"":""Msini"",""pl_orbper"":2247,""pl_orbperlim"":0,""pl_orbsmax"":3.11,""pl_eqt"":117.88,""pl_eqtlim"":0,""disc_year"":2015,""discoverymethod"":""Radial Velocity"",""disc_refname"":""<a refstr=MOTALEBI_ET_AL__2015 href=https://ui.adsabs.harvard.edu/abs/2015A&A...584A..72M/abstract target=ref>Motalebi et al. 2015</a>"",""import_batch"":""astralys_nasa_confirmed_planets_20260918"",""discovery_status"":""confirmed"",""table"":""pscomppars"",""gaia_host_source_id"":""2009481748875806976"",""orbit_order"":6,""retrieved_at"":""2026-09-18T14:51:26.782Z"",""sky_position_kind"":""host_system_direction"",""visual_is_interpretation"":true,""best_mass_is_minimum"":true}"
planet,NASA_EXOPLANET_ARCHIVE,HD 51608 c,HD 51608 c,95d40961-c0ce-4900-820c-da025f456f8c,HD 51608,103.7137102,-55.2600189,114.334964,,3.87,,95.9446,401,2019,Radial Velocity,Udry et al. 2019,236198660,rocky,2026-09-18T14:51:26.782Z,"{""pl_name"":""HD 51608 c"",""hostname"":""HD 51608"",""gaia_dr3_id"":""Gaia DR3 5485320853638354304"",""ra"":103.7137102,""dec"":-55.2600189,""sy_dist"":35.0553,""sy_gaiamag"":7.96058,""pl_rade"":3.87,""pl_radelim"":0,""pl_bmasse"":14.31,""pl_bmasselim"":0,""pl_bmassprov"":""Msini"",""pl_orbper"":95.9446,""pl_orbperlim"":0,""pl_orbsmax"":0.3809,""pl_eqt"":400.69,""pl_eqtlim"":0,""disc_year"":2019,""discoverymethod"":""Radial Velocity"",""disc_refname"":""<a refstr=UDRY_ET_AL__2019 href=https://ui.adsabs.harvard.edu/abs/2019A&A...622A..37U/abstract target=ref>Udry et al. 2019</a>"",""import_batch"":""astralys_nasa_confirmed_planets_20260918"",""discovery_status"":""confirmed"",""table"":""pscomppars"",""gaia_host_source_id"":""5485320853638354304"",""orbit_order"":2,""retrieved_at"":""2026-09-18T14:51:26.782Z"",""sky_position_kind"":""host_system_direction"",""visual_is_interpretation"":true,""best_mass_is_minimum"":true}"
planet,NASA_EXOPLANET_ARCHIVE,HD 88133 b,HD 88133 b,31c67198-bb6e-47ce-a802-62520d869a54,HD 88133,152.5319349,18.1857284,240.090933,,13.8,324.1866,3.414884,1762,2004,Radial Velocity, Fischer et al. 2005 ,1835964907,gas,2026-09-18T14:51:26.782Z,"{""pl_name"":""HD 88133 b"",""hostname"":""HD 88133"",""gaia_dr3_id"":""Gaia DR3 623408253837371392"",""ra"":152.5319349,""dec"":18.1857284,""sy_dist"":73.6123,""sy_gaiamag"":7.80979,""pl_rade"":13.8,""pl_radelim"":0,""pl_bmasse"":324.1866,""pl_bmasselim"":0,""pl_bmassprov"":""Mass"",""pl_orbper"":3.414884,""pl_orbperlim"":0,""pl_orbsmax"":0.0479,""pl_eqt"":1762.08,""pl_eqtlim"":0,""disc_year"":2004,""discoverymethod"":""Radial Velocity"",""disc_refname"":""<a refstr=FISCHER_ET_AL__2005 href=https://ui.adsabs.harvard.edu/abs/2005ApJ...620..481F/abstract target=ref> Fischer et al. 2005 </a>"",""import_batch"":""astralys_nasa_confirmed_planets_20260918"",""discovery_status"":""confirmed"",""table"":""pscomppars"",""gaia_host_source_id"":""623408253837371392"",""orbit_order"":1,""retrieved_at"":""2026-09-18T14:51:26.782Z"",""sky_position_kind"":""host_system_direction"",""visual_is_interpretation"":true,""best_mass_is_minimum"":false}"
planet,NASA_EXOPLANET_ARCHIVE,HD 142415 b,HD 142415 b,b4e44e40-415d-4048-8c08-6798a00f520b,HD 142415,239.418989,-60.2006948,115.889098,,13.5,,386.29999,284,2003,Radial Velocity, Mayor et al. 2004 ,2011087628,gas,2026-09-18T14:51:26.782Z,"{""pl_name"":""HD 142415 b"",""hostname"":""HD 142415"",""gaia_dr3_id"":""Gaia DR3 5833117718964892928"",""ra"":239.418989,""dec"":-60.2006948,""sy_dist"":35.5318,""sy_gaiamag"":7.17789,""pl_rade"":13.5,""pl_radelim"":0,""pl_bmasse"":530.7761,""pl_bmasselim"":0,""pl_bmassprov"":""Msini"",""pl_orbper"":386.29999,""pl_orbperlim"":0,""pl_orbsmax"":1.06,""pl_eqt"":283.72,""pl_eqtlim"":0,""disc_year"":2003,""discoverymethod"":""Radial Velocity"",""disc_refname"":""<a refstr=MAYOR_ET_AL__2004 href=https://ui.adsabs.harvard.edu/abs/2004A&A...415..391M/abstract target=ref> Mayor et al. 2004 </a>"",""import_batch"":""astralys_nasa_confirmed_planets_20260918"",""discovery_status"":""confirmed"",""table"":""pscomppars"",""gaia_host_source_id"":""5833117718964892928"",""orbit_order"":1,""retrieved_at"":""2026-09-18T14:51:26.782Z"",""sky_position_kind"":""host_system_direction"",""visual_is_interpretation"":true,""best_mass_is_minimum"":true}"
planet,NASA_EXOPLANET_ARCHIVE,HD 219828 b,HD 219828 b,96c3afb2-e5d0-4976-85bb-e08bfa5811f2,HD 219828,349.6947029,18.6457524,238.465698,,4.59,,3.83483,1603,2007,Radial Velocity, Melo et al. 2007 ,1941176600,gas,2026-09-18T14:51:26.782Z,"{""pl_name"":""HD 219828 b"",""hostname"":""HD 219828"",""gaia_dr3_id"":""Gaia DR3 2824958015312906240"",""ra"":349.6947029,""dec"":18.6457524,""sy_dist"":73.114,""sy_gaiamag"":7.88338,""pl_rade"":4.59,""pl_radelim"":0,""pl_bmasse"":19.06970442,""pl_bmasselim"":0,""pl_bmassprov"":""Msini"",""pl_orbper"":3.83483,""pl_orbperlim"":0,""pl_orbsmax"":0.049,""pl_eqt"":1602.83,""pl_eqtlim"":0,""disc_year"":2007,""discoverymethod"":""Radial Velocity"",""disc_refname"":""<a refstr=MELO_ET_AL__2007 href=https://ui.adsabs.harvard.edu/abs/2007A&A...467..721M/abstract target=ref> Melo et al. 2007 </a>"",""import_batch"":""astralys_nasa_confirmed_planets_20260918"",""discovery_status"":""confirmed"",""table"":""pscomppars"",""gaia_host_source_id"":""2824958015312906240"",""orbit_order"":1,""retrieved_at"":""2026-09-18T14:51:26.782Z"",""sky_position_kind"":""host_system_direction"",""visual_is_interpretation"":true,""best_mass_is_minimum"":true}"
planet,NASA_EXOPLANET_ARCHIVE,HD 163607 b,HD 163607 b,6eb241d4-964a-4f42-bf80-138f074d299f,HD 163607,268.4181383,56.3924701,221.086475,,13.9,,75.2203,587,2012,Radial Velocity, Giguere et al. 2012 ,95989374,gas,2026-09-18T14:51:26.782Z,"{""pl_name"":""HD 163607 b"",""hostname"":""HD 163607"",""gaia_dr3_id"":""Gaia DR3 1418519292895059840"",""ra"":268.4181383,""dec"":56.3924701,""sy_dist"":67.7855,""sy_gaiamag"":7.81298,""pl_rade"":13.9,""pl_radelim"":0,""pl_bmasse"":249.051588,""pl_bmasselim"":0,""pl_bmassprov"":""Msini"",""pl_orbper"":75.2203,""pl_orbperlim"":0,""pl_orbsmax"":0.362,""pl_eqt"":587.13,""pl_eqtlim"":0,""disc_year"":2012,""discoverymethod"":""Radial Velocity"",""disc_refname"":""<a refstr=GIGUERE_ET_AL__2012 href=https://ui.adsabs.harvard.edu/abs/2012ApJ...744....4G/abstract target=ref> Giguere et al. 2012 </a>"",""import_batch"":""astralys_nasa_confirmed_planets_20260918"",""discovery_status"":""confirmed"",""table"":""pscomppars"",""gaia_host_source_id"":""1418519292895059840"",""orbit_order"":1,""retrieved_at"":""2026-09-18T14:51:26.782Z"",""sky_position_kind"":""host_system_direction"",""visual_is_interpretation"":true,""best_mass_is_minimum"":true}"
planet,NASA_EXOPLANET_ARCHIVE,HIP 81991 b,HIP 81991 b,8e5b39cf-ff66-4ec3-9446-8bb24caefd0b,HIP 81991,251.2490143,6.087048,143.187702,,12.5,3019.3698665,5860,163,2026,Radial Velocity,Van Zandt et al. 2026,2068232972,gas,2026-09-18T14:51:26.782Z,"{""pl_name"":""HIP 81991 b"",""hostname"":""HIP 81991"",""gaia_dr3_id"":""Gaia DR3 4435689739087756800"",""ra"":251.2490143,""dec"":6.087048,""sy_dist"":43.9016,""sy_gaiamag"":6.30606,""pl_rade"":12.5,""pl_radelim"":0,""pl_bmasse"":3019.3698665,""pl_bmasselim"":0,""pl_bmassprov"":""Mass"",""pl_orbper"":5860,""pl_orbperlim"":0,""pl_orbsmax"":6.4,""pl_eqt"":163.28,""pl_eqtlim"":0,""disc_year"":2026,""discoverymethod"":""Radial Velocity"",""disc_refname"":""<a refstr=VAN_ZANDT_ET_AL_2026 href=https://ui.adsabs.harvard.edu/abs/2026ApJ..1006..222V/abstract target=ref>Van Zandt et al. 2026</a>"",""import_batch"":""astralys_nasa_confirmed_planets_20260918"",""discovery_status"":""confirmed"",""table"":""pscomppars"",""gaia_host_source_id"":""4435689739087756800"",""orbit_order"":1,""retrieved_at"":""2026-09-18T14:51:26.782Z"",""sky_position_kind"":""host_system_direction"",""visual_is_interpretation"":true,""best_mass_is_minimum"":false}"
planet,NASA_EXOPLANET_ARCHIVE,DMPP-8 b,DMPP-8 b,2bc315dd-b023-4959-a55a-94fd0569da9a,DMPP-8,305.3083517,-81.6166664,248.313978,,10.8,,62.915,580,2026,Radial Velocity,Standing et al. 2026,1191524517,gas,2026-09-18T14:51:26.782Z,"{""pl_name"":""DMPP-8 b"",""hostname"":""DMPP-8"",""gaia_dr3_id"":""Gaia DR3 6349054822860923008"",""ra"":305.3083517,""dec"":-81.6166664,""sy_dist"":76.1335,""sy_gaiamag"":8.49441,""pl_rade"":10.8,""pl_radelim"":0,""pl_bmasse"":81.09,""pl_bmasselim"":0,""pl_bmassprov"":""Msini"",""pl_orbper"":62.915,""pl_orbperlim"":0,""pl_orbsmax"":0.3098,""pl_eqt"":579.7,""pl_eqtlim"":0,""disc_year"":2026,""discoverymethod"":""Radial Velocity"",""disc_refname"":""<a refstr=STANDING_ET_AL_2026 href=https://ui.adsabs.harvard.edu/abs/2026MNRAS.547ag370S/abstract target=ref>Standing et al. 2026</a>"",""import_batch"":""astralys_nasa_confirmed_planets_20260918"",""discovery_status"":""confirmed"",""table"":""pscomppars"",""gaia_host_source_id"":""6349054822860923008"",""orbit_order"":1,""retrieved_at"":""2026-09-18T14:51:26.782Z"",""sky_position_kind"":""host_system_direction"",""visual_is_interpretation"":true,""best_mass_is_minimum"":true}"
planet,NASA_EXOPLANET_ARCHIVE,HD 112300 b,HD 112300 b,edcfb5a2-d24e-4578-8a88-5d0a28b2c91e,HD 112300,193.8988441,3.3972376,202.455597,,12.2,,466.63,1240,2023,Radial Velocity,Lee et al. 2023,64025556,gas,2026-09-18T14:51:26.782Z,"{""pl_name"":""HD 112300 b"",""hostname"":""HD 112300"",""gaia_dr3_id"":""Gaia DR3 3704342295607157120"",""ra"":193.8988441,""dec"":3.3972376,""sy_dist"":62.07324,""sy_gaiamag"":2.36431,""pl_rade"":12.2,""pl_radelim"":0,""pl_bmasse"":5031.22368281,""pl_bmasselim"":0,""pl_bmassprov"":""Msini"",""pl_orbper"":466.63,""pl_orbperlim"":0,""pl_orbsmax"":1.33,""pl_eqt"":1240.35,""pl_eqtlim"":0,""disc_year"":2023,""discoverymethod"":""Radial Velocity"",""disc_refname"":""<a refstr=LEE_ET_AL_2023 href=https://ui.adsabs.harvard.edu/abs/2023A&A...678A.106L/abstract target=ref>Lee et al. 2023</a>"",""import_batch"":""astralys_nasa_confirmed_planets_20260918"",""discovery_status"":""confirmed"",""table"":""pscomppars"",""gaia_host_source_id"":""3704342295607157120"",""orbit_order"":1,""retrieved_at"":""2026-09-18T14:51:26.782Z"",""sky_position_kind"":""host_system_direction"",""visual_is_interpretation"":true,""best_mass_is_minimum"":true}"
planet,NASA_EXOPLANET_ARCHIVE,HD 128311 b,HD 128311 b,b76a9172-cbe9-4c08-b18d-4e1b3f82482b,HD 128311,219.0032292,9.7454368,53.258666,,13.5,,453.019,200,2002,Radial Velocity, Butler et al. 2003 ,1857160774,gas,2026-09-18T14:51:26.782Z,"{""pl_name"":""HD 128311 b"",""hostname"":""HD 128311"",""gaia_dr3_id"":""Gaia DR3 1176209886733406592"",""ra"":219.0032292,""dec"":9.7454368,""sy_dist"":16.3292,""sy_gaiamag"":7.16719,""pl_rade"":13.5,""pl_radelim"":0,""pl_bmasse"":562.24127,""pl_bmasselim"":0,""pl_bmassprov"":""Msini"",""pl_orbper"":453.019,""pl_orbperlim"":0,""pl_orbsmax"":1.084,""pl_eqt"":200.47,""pl_eqtlim"":0,""disc_year"":2002,""discoverymethod"":""Radial Velocity"",""disc_refname"":""<a refstr=BUTLER_ET_AL__2003 href=https://ui.adsabs.harvard.edu/abs/2003ApJ...582..455B/abstract target=ref> Butler et al. 2003 </a>"",""import_batch"":""astralys_nasa_confirmed_planets_20260918"",""discovery_status"":""confirmed"",""table"":""pscomppars"",""gaia_host_source_id"":""1176209886733406592"",""orbit_order"":1,""retrieved_at"":""2026-09-18T14:51:26.782Z"",""sky_position_kind"":""host_system_direction"",""visual_is_interpretation"":true,""best_mass_is_minimum"":true}"
planet,NASA_EXOPLANET_ARCHIVE,HD 134606 c,HD 134606 c,be75a918-cfd3-41c8-a7dc-7594102d70fa,HD 134606,228.8103897,-70.5203328,87.380128,,3.37,,58.883,528,2024,Radial Velocity,Li et al. 2024,264065935,rocky,2026-09-18T14:51:26.782Z,"{""pl_name"":""HD 134606 c"",""hostname"":""HD 134606"",""gaia_dr3_id"":""Gaia DR3 5798962867668048768"",""ra"":228.8103897,""dec"":-70.5203328,""sy_dist"":26.7909,""sy_gaiamag"":6.67835,""pl_rade"":3.37,""pl_radelim"":0,""pl_bmasse"":11.31,""pl_bmasselim"":0,""pl_bmassprov"":""Msini"",""pl_orbper"":58.883,""pl_orbperlim"":0,""pl_orbsmax"":0.3007,""pl_eqt"":527.65,""pl_eqtlim"":0,""disc_year"":2024,""discoverymethod"":""Radial Velocity"",""disc_refname"":""<a refstr=LI_ET_AL_2024 href=https://ui.adsabs.harvard.edu/abs/2024AJ....167..155L/abstract target=ref>Li et al. 2024</a>"",""import_batch"":""astralys_nasa_confirmed_planets_20260918"",""discovery_status"":""confirmed"",""table"":""pscomppars"",""gaia_host_source_id"":""5798962867668048768"",""orbit_order"":4,""retrieved_at"":""2026-09-18T14:51:26.782Z"",""sky_position_kind"":""host_system_direction"",""visual_is_interpretation"":true,""best_mass_is_minimum"":true}"
planet,NASA_EXOPLANET_ARCHIVE,HIP 75092 b,HIP 75092 b,1a1caa6d-06fe-427e-afa9-7ffb570ecb0f,HIP 75092,230.1724206,-25.9910525,266.370301,,13.5,,926.4,353,2021,Radial Velocity,Jones et al. 2021,1669598988,gas,2026-09-18T14:51:26.782Z,"{""pl_name"":""HIP 75092 b"",""hostname"":""HIP 75092"",""gaia_dr3_id"":""Gaia DR3 6214741299913205888"",""ra"":230.1724206,""dec"":-25.9910525,""sy_dist"":81.6696,""sy_gaiamag"":6.82953,""pl_rade"":13.5,""pl_radelim"":0,""pl_bmasse"":568.91284853,""pl_bmasselim"":0,""pl_bmassprov"":""Msini"",""pl_orbper"":926.4,""pl_orbperlim"":0,""pl_orbsmax"":2.02,""pl_eqt"":353.19,""pl_eqtlim"":0,""disc_year"":2021,""discoverymethod"":""Radial Velocity"",""disc_refname"":""<a refstr=JONES_ET_AL__2021 href=https://ui.adsabs.harvard.edu/abs/2021A&A...646A.131J/abstract target=ref>Jones et al. 2021</a>"",""import_batch"":""astralys_nasa_confirmed_planets_20260918"",""discovery_status"":""confirmed"",""table"":""pscomppars"",""gaia_host_source_id"":""6214741299913205888"",""orbit_order"":1,""retrieved_at"":""2026-09-18T14:51:26.782Z"",""sky_position_kind"":""host_system_direction"",""visual_is_interpretation"":true,""best_mass_is_minimum"":true}"
planet,NASA_EXOPLANET_ARCHIVE,HD 5278 b,HD 5278 b,392f63fd-fad2-49e8-b730-43e6390ef533,HD 5278,12.5467785,-83.7437671,187.815628,,2.45,7.8,14.339156,943,2021,Transit,Sozzetti et al. 2021,568327934,lava,2026-09-18T14:51:26.782Z,"{""pl_name"":""HD 5278 b"",""hostname"":""HD 5278"",""gaia_dr3_id"":""Gaia DR3 4617759514501503616"",""ra"":12.5467785,""dec"":-83.7437671,""sy_dist"":57.5846,""sy_gaiamag"":7.80375,""pl_rade"":2.45,""pl_radelim"":0,""pl_bmasse"":7.8,""pl_bmasselim"":0,""pl_bmassprov"":""Mass"",""pl_orbper"":14.339156,""pl_orbperlim"":0,""pl_orbsmax"":0.1202,""pl_eqt"":943,""pl_eqtlim"":0,""disc_year"":2021,""discoverymethod"":""Transit"",""disc_refname"":""<a refstr=SOZZETTI_ET_AL__2021 href=https://ui.adsabs.harvard.edu/abs/2021A&A...648A..75S/abstract target=ref>Sozzetti et al. 2021</a>"",""import_batch"":""astralys_nasa_confirmed_planets_20260918"",""discovery_status"":""confirmed"",""table"":""pscomppars"",""gaia_host_source_id"":""4617759514501503616"",""orbit_order"":1,""retrieved_at"":""2026-09-18T14:51:26.782Z"",""sky_position_kind"":""host_system_direction"",""visual_is_interpretation"":true,""best_mass_is_minimum"":false}"
planet,NASA_EXOPLANET_ARCHIVE,DMPP-4 b,DMPP-4 b,d39a8521-77ac-497d-8d97-0a2581bbb54a,DMPP-4,293.5826648,51.2358069,82.610096,,3.53,,3.4982,1646,2023,Radial Velocity,Barnes et al. 2023,1423090145,lava,2026-09-18T14:51:26.782Z,"{""pl_name"":""DMPP-4 b"",""hostname"":""DMPP-4"",""gaia_dr3_id"":""Gaia DR3 2136027771930903808"",""ra"":293.5826648,""dec"":51.2358069,""sy_dist"":25.3284,""sy_gaiamag"":5.60037,""pl_rade"":3.53,""pl_radelim"":0,""pl_bmasse"":12.2,""pl_bmasselim"":0,""pl_bmassprov"":""Msini"",""pl_orbper"":3.4982,""pl_orbperlim"":0,""pl_orbsmax"":0.04853,""pl_eqt"":1645.69,""pl_eqtlim"":0,""disc_year"":2023,""discoverymethod"":""Radial Velocity"",""disc_refname"":""<a refstr=BARNES_ET_AL_2023 href=https://ui.adsabs.harvard.edu/abs/2023MNRAS.524.5196B/abstract target=ref>Barnes et al. 2023</a>"",""import_batch"":""astralys_nasa_confirmed_planets_20260918"",""discovery_status"":""confirmed"",""table"":""pscomppars"",""gaia_host_source_id"":""2136027771930903808"",""orbit_order"":1,""retrieved_at"":""2026-09-18T14:51:26.782Z"",""sky_position_kind"":""host_system_direction"",""visual_is_interpretation"":true,""best_mass_is_minimum"":true}"
planet,NASA_EXOPLANET_ARCHIVE,HD 219134 g,HD 219134 g,a027f84d-ac42-4b04-aa81-4b4eabf9e2ce,HD 219134,348.3372026,57.1696255,21.302129,,3.28,,94.2,339,2015,Radial Velocity,Vogt et al. 2015,686572354,rocky,2026-09-18T14:51:26.782Z,"{""pl_name"":""HD 219134 g"",""hostname"":""HD 219134"",""gaia_dr3_id"":""Gaia DR3 2009481748875806976"",""ra"":348.3372026,""dec"":57.1696255,""sy_dist"":6.53127,""sy_gaiamag"":5.2402,""pl_rade"":3.28,""pl_radelim"":0,""pl_bmasse"":10.80622,""pl_bmasselim"":0,""pl_bmassprov"":""Msini"",""pl_orbper"":94.2,""pl_orbperlim"":0,""pl_orbsmax"":0.3753,""pl_eqt"":339.34,""pl_eqtlim"":0,""disc_year"":2015,""discoverymethod"":""Radial Velocity"",""disc_refname"":""<a refstr=VOGT_ET_AL__2015 href=https://ui.adsabs.harvard.edu/abs/2015ApJ...814...12V/abstract target=ref>Vogt et al. 2015</a>"",""import_batch"":""astralys_nasa_confirmed_planets_20260918"",""discovery_status"":""confirmed"",""table"":""pscomppars"",""gaia_host_source_id"":""2009481748875806976"",""orbit_order"":5,""retrieved_at"":""2026-09-18T14:51:26.782Z"",""sky_position_kind"":""host_system_direction"",""visual_is_interpretation"":true,""best_mass_is_minimum"":true}"
planet,NASA_EXOPLANET_ARCHIVE,HD 222582 b,HD 222582 b,4783d91d-a8d5-49f1-8459-c446bab3a9bd,HD 222582,355.4640788,-5.9862379,137.502803,,12.6,,572.38,256,1999,Radial Velocity, Vogt et al. 2000 ,801264243,gas,2026-09-18T14:51:26.782Z,"{""pl_name"":""HD 222582 b"",""hostname"":""HD 222582"",""gaia_dr3_id"":""Gaia DR3 2440578577126302336"",""ra"":355.4640788,""dec"":-5.9862379,""sy_dist"":42.1586,""sy_gaiamag"":7.51889,""pl_rade"":12.6,""pl_radelim"":0,""pl_bmasse"":2660.2371,""pl_bmasselim"":0,""pl_bmassprov"":""Msini"",""pl_orbper"":572.38,""pl_orbperlim"":0,""pl_orbsmax"":1.34,""pl_eqt"":256.39,""pl_eqtlim"":0,""disc_year"":1999,""discoverymethod"":""Radial Velocity"",""disc_refname"":""<a refstr=VOGT_ET_AL__2000 href=https://ui.adsabs.harvard.edu/abs/2000ApJ...536..902V/abstract target=ref> Vogt et al. 2000 </a>"",""import_batch"":""astralys_nasa_confirmed_planets_20260918"",""discovery_status"":""confirmed"",""table"":""pscomppars"",""gaia_host_source_id"":""2440578577126302336"",""orbit_order"":1,""retrieved_at"":""2026-09-18T14:51:26.782Z"",""sky_position_kind"":""host_system_direction"",""visual_is_interpretation"":true,""best_mass_is_minimum"":true}"
planet,NASA_EXOPLANET_ARCHIVE,HD 28185 c,HD 28185 c,29da368d-b2c2-4f68-8dda-07f9b66a5419,HD 28185,66.6100461,-10.5510754,128.443168,,12.8,1906.970442,9090,95,2022,Radial Velocity,Feng et al. 2022,347951163,gas,2026-09-18T14:51:26.782Z,"{""pl_name"":""HD 28185 c"",""hostname"":""HD 28185"",""gaia_dr3_id"":""Gaia DR3 3179384931394690304"",""ra"":66.6100461,""dec"":-10.5510754,""sy_dist"":39.3809,""sy_gaiamag"":7.62682,""pl_rade"":12.8,""pl_radelim"":0,""pl_bmasse"":1906.970442,""pl_bmasselim"":0,""pl_bmassprov"":""Mass"",""pl_orbper"":9090,""pl_orbperlim"":0,""pl_orbsmax"":8.5,""pl_eqt"":94.85,""pl_eqtlim"":0,""disc_year"":2022,""discoverymethod"":""Radial Velocity"",""disc_refname"":""<a refstr=FENG_ET_AL__2022 href=https://ui.adsabs.harvard.edu/abs/2022ApJS..262...21F/abstract target=ref>Feng et al. 2022</a>"",""import_batch"":""astralys_nasa_confirmed_planets_20260918"",""discovery_status"":""confirmed"",""table"":""pscomppars"",""gaia_host_source_id"":""3179384931394690304"",""orbit_order"":2,""retrieved_at"":""2026-09-18T14:51:26.782Z"",""sky_position_kind"":""host_system_direction"",""visual_is_interpretation"":true,""best_mass_is_minimum"":false}"
planet,NASA_EXOPLANET_ARCHIVE,HD 204313 b,HD 204313 b,1e34fd2f-2be6-4665-8aaf-4110b19a344a,HD 204313,322.0510568,-21.7274194,155.884629,,12.9,1466.7780983,2041.11539,163,2010,Radial Velocity, S&eacute;gransan et al. 2010 ,720382395,gas,2026-09-18T14:51:26.782Z,"{""pl_name"":""HD 204313 b"",""hostname"":""HD 204313"",""gaia_dr3_id"":""Gaia DR3 6828450688663428224"",""ra"":322.0510568,""dec"":-21.7274194,""sy_dist"":47.7945,""sy_gaiamag"":7.83246,""pl_rade"":12.9,""pl_radelim"":0,""pl_bmasse"":1466.7780983,""pl_bmasselim"":0,""pl_bmassprov"":""Mass"",""pl_orbper"":2041.11539,""pl_orbperlim"":0,""pl_orbsmax"":3.185,""pl_eqt"":163.43,""pl_eqtlim"":0,""disc_year"":2010,""discoverymethod"":""Radial Velocity"",""disc_refname"":""<a refstr=SEGRANSAN_ET_AL__2010 href=https://ui.adsabs.harvard.edu/abs/2010A%26A...511A..45S/abstract target=ref> S&eacute;gransan et al. 2010 </a>"",""import_batch"":""astralys_nasa_confirmed_planets_20260918"",""discovery_status"":""confirmed"",""table"":""pscomppars"",""gaia_host_source_id"":""6828450688663428224"",""orbit_order"":2,""retrieved_at"":""2026-09-18T14:51:26.782Z"",""sky_position_kind"":""host_system_direction"",""visual_is_interpretation"":true,""best_mass_is_minimum"":false}"
planet,NASA_EXOPLANET_ARCHIVE,nu Oph c,nu Oph c,d4b1e58a-46ff-4063-8c3e-5ee630760ab4,nu Oph,269.7566013,-9.7741342,150.718971,,12,7838.32346,3180.6,341,2012,Radial Velocity, Sato et al. 2012 ,126414769,gas,2026-09-18T14:51:26.782Z,"{""pl_name"":""nu Oph c"",""hostname"":""nu Oph"",""gaia_dr3_id"":""Gaia DR3 4164319171172759040"",""ra"":269.7566013,""dec"":-9.7741342,""sy_dist"":46.2107,""sy_gaiamag"":3.09653,""pl_rade"":12,""pl_radelim"":0,""pl_bmasse"":7838.32346,""pl_bmasselim"":0,""pl_bmassprov"":""Mass"",""pl_orbper"":3180.6,""pl_orbperlim"":0,""pl_orbsmax"":5.829,""pl_eqt"":341.48,""pl_eqtlim"":0,""disc_year"":2012,""discoverymethod"":""Radial Velocity"",""disc_refname"":""<a refstr=SATO_ET_AL__2012 href=https://ui.adsabs.harvard.edu/abs/2012PASJ...64..135S/abstract target=ref> Sato et al. 2012 </a>"",""import_batch"":""astralys_nasa_confirmed_planets_20260918"",""discovery_status"":""confirmed"",""table"":""pscomppars"",""gaia_host_source_id"":""4164319171172759040"",""orbit_order"":2,""retrieved_at"":""2026-09-18T14:51:26.782Z"",""sky_position_kind"":""host_system_direction"",""visual_is_interpretation"":true,""best_mass_is_minimum"":false}"
planet,NASA_EXOPLANET_ARCHIVE,HD 8574 b,HD 8574 b,842a3546-60d6-413f-811e-51bcfcf2a80e,HD 8574,21.3033807,28.5660169,146.203993,,13.4,,227,394,2002,Radial Velocity, Perrier et al. 2003 ,2015213430,gas,2026-09-18T14:51:26.782Z,"{""pl_name"":""HD 8574 b"",""hostname"":""HD 8574"",""gaia_dr3_id"":""Gaia DR3 297045096447719040"",""ra"":21.3033807,""dec"":28.5660169,""sy_dist"":44.8264,""sy_gaiamag"":6.98345,""pl_rade"":13.4,""pl_radelim"":0,""pl_bmasse"":645.1949,""pl_bmasselim"":0,""pl_bmassprov"":""Msini"",""pl_orbper"":227,""pl_orbperlim"":0,""pl_orbsmax"":0.76,""pl_eqt"":394.03,""pl_eqtlim"":0,""disc_year"":2002,""discoverymethod"":""Radial Velocity"",""disc_refname"":""<a refstr=PERRIER_ET_AL__2003 href=https://ui.adsabs.harvard.edu/abs/2003A&A...410.1039P/abstract target=ref> Perrier et al. 2003 </a>"",""import_batch"":""astralys_nasa_confirmed_planets_20260918"",""discovery_status"":""confirmed"",""table"":""pscomppars"",""gaia_host_source_id"":""297045096447719040"",""orbit_order"":1,""retrieved_at"":""2026-09-18T14:51:26.782Z"",""sky_position_kind"":""host_system_direction"",""visual_is_interpretation"":true,""best_mass_is_minimum"":true}"
planet,NASA_EXOPLANET_ARCHIVE,HD 8326 b,HD 8326 b,37a863e1-857f-4f73-b0ba-16aa0821c80f,HD 8326,20.5314418,-26.8940678,100.084882,,9.58,,158.991,287,2019,Radial Velocity,Feng et al. 2019,768707504,gas,2026-09-18T14:51:26.782Z,"{""pl_name"":""HD 8326 b"",""hostname"":""HD 8326"",""gaia_dr3_id"":""Gaia DR3 5036553052456200320"",""ra"":20.5314418,""dec"":-26.8940678,""sy_dist"":30.6862,""sy_gaiamag"":8.47487,""pl_rade"":9.58,""pl_radelim"":0,""pl_bmasse"":66.6,""pl_bmasselim"":0,""pl_bmassprov"":""Msini"",""pl_orbper"":158.991,""pl_orbperlim"":0,""pl_orbsmax"":0.533,""pl_eqt"":287.23,""pl_eqtlim"":0,""disc_year"":2019,""discoverymethod"":""Radial Velocity"",""disc_refname"":""<a refstr=FENG_ET_AL__2019 href=https://ui.adsabs.harvard.edu/abs/2019ApJS..242...25F/abstract target=ref>Feng et al. 2019</a>"",""import_batch"":""astralys_nasa_confirmed_planets_20260918"",""discovery_status"":""confirmed"",""table"":""pscomppars"",""gaia_host_source_id"":""5036553052456200320"",""orbit_order"":1,""retrieved_at"":""2026-09-18T14:51:26.782Z"",""sky_position_kind"":""host_system_direction"",""visual_is_interpretation"":true,""best_mass_is_minimum"":true}"
planet,NASA_EXOPLANET_ARCHIVE,DS Tuc A b,DS Tuc A b,4017b4fe-28ba-4038-bcdc-edd5e3236791,DS Tuc A,354.9154673,-69.196043,143.711509,,5.7,,8.138268,850,2019,Transit,Newton et al. 2019,1072631945,gas,2026-09-18T14:51:26.782Z,"{""pl_name"":""DS Tuc A b"",""hostname"":""DS Tuc A"",""gaia_dr3_id"":""Gaia DR3 6387058411482257536"",""ra"":354.9154673,""dec"":-69.196043,""sy_dist"":44.0622,""sy_gaiamag"":8.31926,""pl_rade"":5.7,""pl_radelim"":0,""pl_bmasse"":413.179,""pl_bmasselim"":1,""pl_bmassprov"":""Mass"",""pl_orbper"":8.138268,""pl_orbperlim"":0,""pl_orbsmax"":null,""pl_eqt"":850,""pl_eqtlim"":0,""disc_year"":2019,""discoverymethod"":""Transit"",""disc_refname"":""<a refstr=NEWTON_ET_AL__2019 href=https://ui.adsabs.harvard.edu/abs/2019ApJ...880L..17N/abstract target=ref>Newton et al. 2019</a>"",""import_batch"":""astralys_nasa_confirmed_planets_20260918"",""discovery_status"":""confirmed"",""table"":""pscomppars"",""gaia_host_source_id"":""6387058411482257536"",""orbit_order"":1,""retrieved_at"":""2026-09-18T14:51:26.782Z"",""sky_position_kind"":""host_system_direction"",""visual_is_interpretation"":true,""best_mass_is_minimum"":false}"
planet,NASA_EXOPLANET_ARCHIVE,TOI-128.01,TOI-128.01,98f1225a-2d8b-441b-b90c-16f2ee24d322,TOI-128,79.5209381,-80.964384,223.327819,,2.21898,,4.9404681,1345,2024,Transit,Hord et al. 2024,1304669688,lava,2026-09-18T14:51:26.782Z,"{""pl_name"":""TOI-128.01"",""hostname"":""TOI-128"",""gaia_dr3_id"":""Gaia DR3 4621607053580909568"",""ra"":79.5209381,""dec"":-80.964384,""sy_dist"":68.4727,""sy_gaiamag"":8.37173,""pl_rade"":2.21898,""pl_radelim"":0,""pl_bmasse"":5.56,""pl_bmasselim"":0,""pl_bmassprov"":""M-R relationship"",""pl_orbper"":4.9404681,""pl_orbperlim"":0,""pl_orbsmax"":0.05381019,""pl_eqt"":1344.51,""pl_eqtlim"":0,""disc_year"":2024,""discoverymethod"":""Transit"",""disc_refname"":""<a refstr=HORD_ET_AL__2024 href=https://ui.adsabs.harvard.edu/abs/2024AJ....167..233H/abstract target=ref>Hord et al. 2024</a>"",""import_batch"":""astralys_nasa_confirmed_planets_20260918"",""discovery_status"":""confirmed"",""table"":""pscomppars"",""gaia_host_source_id"":""4621607053580909568"",""orbit_order"":1,""retrieved_at"":""2026-09-18T14:51:26.782Z"",""sky_position_kind"":""host_system_direction"",""visual_is_interpretation"":true,""best_mass_is_minimum"":false}"
planet,NASA_EXOPLANET_ARCHIVE,TOI-262 b,TOI-262 b,83821cc7-0f27-4c44-aaa7-7c02619346d3,TOI-262,32.534687,-31.0706272,143.286854,,2.07,,11.14529,584,2023,Transit,Oddo et al. 2023,1988105026,rocky,2026-09-18T14:51:26.782Z,"{""pl_name"":""TOI-262 b"",""hostname"":""TOI-262"",""gaia_dr3_id"":""Gaia DR3 5019835424832215424"",""ra"":32.534687,""dec"":-31.0706272,""sy_dist"":43.932,""sy_gaiamag"":8.66859,""pl_rade"":2.07,""pl_radelim"":0,""pl_bmasse"":4.94,""pl_bmasselim"":0,""pl_bmassprov"":""M-R relationship"",""pl_orbper"":11.14529,""pl_orbperlim"":0,""pl_orbsmax"":0.163,""pl_eqt"":584,""pl_eqtlim"":0,""disc_year"":2023,""discoverymethod"":""Transit"",""disc_refname"":""<a refstr=ODDO_ET_AL__2023 href=https://ui.adsabs.harvard.edu/abs/2023AJ....165..134O/abstract target=ref>Oddo et al. 2023</a>"",""import_batch"":""astralys_nasa_confirmed_planets_20260918"",""discovery_status"":""confirmed"",""table"":""pscomppars"",""gaia_host_source_id"":""5019835424832215424"",""orbit_order"":1,""retrieved_at"":""2026-09-18T14:51:26.782Z"",""sky_position_kind"":""host_system_direction"",""visual_is_interpretation"":true,""best_mass_is_minimum"":false}"
planet,NASA_EXOPLANET_ARCHIVE,HD 11506 d,HD 11506 d,dd15befc-6171-48b9-bd3d-708157a49976,HD 11506,28.2106607,-19.507396,167.190827,,12.3,4068.2036096,26500,77,2022,Radial Velocity,Feng et al. 2022,1121186047,gas,2026-09-18T14:51:26.782Z,"{""pl_name"":""HD 11506 d"",""hostname"":""HD 11506"",""gaia_dr3_id"":""Gaia DR3 5137855525488932864"",""ra"":28.2106607,""dec"":-19.507396,""sy_dist"":51.261,""sy_gaiamag"":7.37382,""pl_rade"":12.3,""pl_radelim"":0,""pl_bmasse"":4068.2036096,""pl_bmasselim"":0,""pl_bmassprov"":""Mass"",""pl_orbper"":26500,""pl_orbperlim"":0,""pl_orbsmax"":18.2,""pl_eqt"":77.07,""pl_eqtlim"":0,""disc_year"":2022,""discoverymethod"":""Radial Velocity"",""disc_refname"":""<a refstr=FENG_ET_AL__2022 href=https://ui.adsabs.harvard.edu/abs/2022ApJS..262...21F/abstract target=ref>Feng et al. 2022</a>"",""import_batch"":""astralys_nasa_confirmed_planets_20260918"",""discovery_status"":""confirmed"",""table"":""pscomppars"",""gaia_host_source_id"":""5137855525488932864"",""orbit_order"":3,""retrieved_at"":""2026-09-18T14:51:26.782Z"",""sky_position_kind"":""host_system_direction"",""visual_is_interpretation"":true,""best_mass_is_minimum"":false}"
planet,NASA_EXOPLANET_ARCHIVE,HD 141004 b,HD 141004 b,62a5bf94-6e53-4a4d-8ac3-4fddeaa16b6b,HD 141004,236.6099205,7.3527684,38.534679,,3.77,,15.5083,951,2021,Radial Velocity,Rosenthal et al. 2021,816083953,lava,2026-09-18T14:51:26.782Z,"{""pl_name"":""HD 141004 b"",""hostname"":""HD 141004"",""gaia_dr3_id"":""Gaia DR3 4430238051199001216"",""ra"":236.6099205,""dec"":7.3527684,""sy_dist"":11.8148,""sy_gaiamag"":4.27965,""pl_rade"":3.77,""pl_radelim"":0,""pl_bmasse"":13.63483866,""pl_bmasselim"":0,""pl_bmassprov"":""Msini"",""pl_orbper"":15.5083,""pl_orbperlim"":0,""pl_orbsmax"":0.1238,""pl_eqt"":950.73,""pl_eqtlim"":0,""disc_year"":2021,""discoverymethod"":""Radial Velocity"",""disc_refname"":""<a refstr=ROSENTHAL_ET_AL__2021 href=https://ui.adsabs.harvard.edu/abs/2021ApJS..255....8R/abstract target=ref>Rosenthal et al. 2021</a>"",""import_batch"":""astralys_nasa_confirmed_planets_20260918"",""discovery_status"":""confirmed"",""table"":""pscomppars"",""gaia_host_source_id"":""4430238051199001216"",""orbit_order"":1,""retrieved_at"":""2026-09-18T14:51:26.782Z"",""sky_position_kind"":""host_system_direction"",""visual_is_interpretation"":true,""best_mass_is_minimum"":true}"
planet,NASA_EXOPLANET_ARCHIVE,HR 858 b,HR 858 b,7b2b0a89-9e22-42cc-b513-5f469df902d4,HR 858,42.9849779,-30.8140609,104.252504,,2.004,3.55,3.585287,1552,2019,Transit,Vanderburg et al. 2019,1326394956,lava,2026-09-18T14:51:26.782Z,"{""pl_name"":""HR 858 b"",""hostname"":""HR 858"",""gaia_dr3_id"":""Gaia DR3 5064574724769475968"",""ra"":42.9849779,""dec"":-30.8140609,""sy_dist"":31.964,""sy_gaiamag"":6.25276,""pl_rade"":2.004,""pl_radelim"":0,""pl_bmasse"":3.55,""pl_bmasselim"":0,""pl_bmassprov"":""Mass"",""pl_orbper"":3.585287,""pl_orbperlim"":0,""pl_orbsmax"":0.04888,""pl_eqt"":1552,""pl_eqtlim"":0,""disc_year"":2019,""discoverymethod"":""Transit"",""disc_refname"":""<a refstr=VANDERBURG_ET_AL__2019 href=https://ui.adsabs.harvard.edu/abs/2019ApJ...881L..19V/abstract target=ref>Vanderburg et al. 2019</a>"",""import_batch"":""astralys_nasa_confirmed_planets_20260918"",""discovery_status"":""confirmed"",""table"":""pscomppars"",""gaia_host_source_id"":""5064574724769475968"",""orbit_order"":1,""retrieved_at"":""2026-09-18T14:51:26.782Z"",""sky_position_kind"":""host_system_direction"",""visual_is_interpretation"":true,""best_mass_is_minimum"":false}"
planet,NASA_EXOPLANET_ARCHIVE,HD 38283 b,HD 38283 b,e4f1e799-cd5e-421d-b730-b4bb9ec32ca0,HD 38283,84.2605324,-73.6998131,124.139866,,14,,363.20001,349,2010,Radial Velocity, Tinney et al. 2011 ,645714186,gas,2026-09-18T14:51:26.782Z,"{""pl_name"":""HD 38283 b"",""hostname"":""HD 38283"",""gaia_dr3_id"":""Gaia DR3 4650314511916109696"",""ra"":84.2605324,""dec"":-73.6998131,""sy_dist"":38.0615,""sy_gaiamag"":6.54392,""pl_rade"":14,""pl_radelim"":0,""pl_bmasse"":127.132,""pl_bmasselim"":0,""pl_bmassprov"":""Msini"",""pl_orbper"":363.20001,""pl_orbperlim"":0,""pl_orbsmax"":1.02,""pl_eqt"":348.58,""pl_eqtlim"":0,""disc_year"":2010,""discoverymethod"":""Radial Velocity"",""disc_refname"":""<a refstr=TINNEY_ET_AL__2011 href=https://ui.adsabs.harvard.edu/abs/2011ApJ...732...31T/abstract target=ref> Tinney et al. 2011 </a>"",""import_batch"":""astralys_nasa_confirmed_planets_20260918"",""discovery_status"":""confirmed"",""table"":""pscomppars"",""gaia_host_source_id"":""4650314511916109696"",""orbit_order"":1,""retrieved_at"":""2026-09-18T14:51:26.782Z"",""sky_position_kind"":""host_system_direction"",""visual_is_interpretation"":true,""best_mass_is_minimum"":true}"
planet,NASA_EXOPLANET_ARCHIVE,HN Peg b,HN Peg b,5adbf658-ea6e-4068-acf5-9e4c30e68384,HN Peg,326.1315705,14.7714524,59.094901,,11.7768,6991.57,,11,2006,Imaging, Luhman et al. 2007 ,24416749,gas,2026-09-18T14:51:26.782Z,"{""pl_name"":""HN Peg b"",""hostname"":""HN Peg"",""gaia_dr3_id"":""Gaia DR3 1772187382746856320"",""ra"":326.1315705,""dec"":14.7714524,""sy_dist"":18.1186,""sy_gaiamag"":5.82363,""pl_rade"":11.7768,""pl_radelim"":0,""pl_bmasse"":6991.57,""pl_bmasselim"":0,""pl_bmassprov"":""Mass"",""pl_orbper"":null,""pl_orbperlim"":null,""pl_orbsmax"":773,""pl_eqt"":10.77,""pl_eqtlim"":0,""disc_year"":2006,""discoverymethod"":""Imaging"",""disc_refname"":""<a refstr=LUHMAN_ET_AL__2007 href=https://ui.adsabs.harvard.edu/abs/2007ApJ...654..570L/abstract target=ref> Luhman et al. 2007 </a>"",""import_batch"":""astralys_nasa_confirmed_planets_20260918"",""discovery_status"":""confirmed"",""table"":""pscomppars"",""gaia_host_source_id"":""1772187382746856320"",""orbit_order"":null,""retrieved_at"":""2026-09-18T14:51:26.782Z"",""sky_position_kind"":""host_system_direction"",""visual_is_interpretation"":true,""best_mass_is_minimum"":false}"
planet,NASA_EXOPLANET_ARCHIVE,HD 60779 c,HD 60779 c,0a675c5f-fd72-47ca-b831-b92b7f323b2e,HD 60779,114.0047579,-3.151291,115.604363,,5.79,,104.79,,2026,Radial Velocity,DiTomasso et al. 2026,918518092,gas,2026-09-18T14:51:26.782Z,"{""pl_name"":""HD 60779 c"",""hostname"":""HD 60779"",""gaia_dr3_id"":""Gaia DR3 3060787930730737920"",""ra"":114.0047579,""dec"":-3.151291,""sy_dist"":35.4445,""sy_gaiamag"":7.00788,""pl_rade"":5.79,""pl_radelim"":0,""pl_bmasse"":28.3,""pl_bmasselim"":0,""pl_bmassprov"":""Msini"",""pl_orbper"":104.79,""pl_orbperlim"":0,""pl_orbsmax"":null,""pl_eqt"":null,""pl_eqtlim"":null,""disc_year"":2026,""discoverymethod"":""Radial Velocity"",""disc_refname"":""<a refstr=DITOMASSO_ET_AL_2026 href=https://ui.adsabs.harvard.edu/abs/2026AJ....172...97D/abstract target=ref>DiTomasso et al. 2026</a>"",""import_batch"":""astralys_nasa_confirmed_planets_20260918"",""discovery_status"":""confirmed"",""table"":""pscomppars"",""gaia_host_source_id"":""3060787930730737920"",""orbit_order"":2,""retrieved_at"":""2026-09-18T14:51:26.782Z"",""sky_position_kind"":""host_system_direction"",""visual_is_interpretation"":true,""best_mass_is_minimum"":true}"
planet,NASA_EXOPLANET_ARCHIVE,HD 141399 d,HD 141399 d,3e6595bb-c87a-42a0-b01d-bc77071603cf,HD 141399,236.7235392,46.986288,120.73284,,13.7,,1069.8,220,2014,Radial Velocity,Vogt et al. 2014,1208761869,gas,2026-09-18T14:51:26.782Z,"{""pl_name"":""HD 141399 d"",""hostname"":""HD 141399"",""gaia_dr3_id"":""Gaia DR3 1398218223733415552"",""ra"":236.7235392,""dec"":46.986288,""sy_dist"":37.0169,""sy_gaiamag"":7.00926,""pl_rade"":13.7,""pl_radelim"":0,""pl_bmasse"":375.0394,""pl_bmasselim"":0,""pl_bmassprov"":""Msini"",""pl_orbper"":1069.8,""pl_orbperlim"":0,""pl_orbsmax"":2.09,""pl_eqt"":220,""pl_eqtlim"":0,""disc_year"":2014,""discoverymethod"":""Radial Velocity"",""disc_refname"":""<a refstr=VOGT_ET_AL__2014 href=https://ui.adsabs.harvard.edu/abs/2014ApJ...787...97V/abstract target=ref>Vogt et al. 2014</a>"",""import_batch"":""astralys_nasa_confirmed_planets_20260918"",""discovery_status"":""confirmed"",""table"":""pscomppars"",""gaia_host_source_id"":""1398218223733415552"",""orbit_order"":3,""retrieved_at"":""2026-09-18T14:51:26.782Z"",""sky_position_kind"":""host_system_direction"",""visual_is_interpretation"":true,""best_mass_is_minimum"":true}"
planet,NASA_EXOPLANET_ARCHIVE,HIP 57274 b,HIP 57274 b,d22d7041-9a4a-40e9-a983-7fcbce28dc2b,HIP 57274,176.1705487,30.9576484,84.349812,,,,8.1352,726,2011,Radial Velocity, Fischer et al. 2012 ,1293303621,lava,2026-09-18T14:51:26.782Z,"{""pl_name"":""HIP 57274 b"",""hostname"":""HIP 57274"",""gaia_dr3_id"":""Gaia DR3 4021079911593673600"",""ra"":176.1705487,""dec"":30.9576484,""sy_dist"":25.8618,""sy_gaiamag"":8.57069,""pl_rade"":null,""pl_radelim"":null,""pl_bmasse"":3359.44626199,""pl_bmasselim"":1,""pl_bmassprov"":""Mass"",""pl_orbper"":8.1352,""pl_orbperlim"":0,""pl_orbsmax"":0.07,""pl_eqt"":725.95,""pl_eqtlim"":0,""disc_year"":2011,""discoverymethod"":""Radial Velocity"",""disc_refname"":""<a refstr=FISCHER_ET_AL__2012 href=https://ui.adsabs.harvard.edu/abs/2012ApJ...745...21F/abstract target=ref> Fischer et al. 2012 </a>"",""import_batch"":""astralys_nasa_confirmed_planets_20260918"",""discovery_status"":""confirmed"",""table"":""pscomppars"",""gaia_host_source_id"":""4021079911593673600"",""orbit_order"":1,""retrieved_at"":""2026-09-18T14:51:26.782Z"",""sky_position_kind"":""host_system_direction"",""visual_is_interpretation"":true,""best_mass_is_minimum"":false}"
planet,NASA_EXOPLANET_ARCHIVE,HD 158259 b,HD 158259 b,9ce1f2c6-536b-47d0-b265-605168ba983a,HD 158259,261.3495847,52.7904721,88.224546,,1.28228,,2.178,1462,2020,Radial Velocity,Hara et al. 2020,838652571,lava,2026-09-18T14:51:26.782Z,"{""pl_name"":""HD 158259 b"",""hostname"":""HD 158259"",""gaia_dr3_id"":""Gaia DR3 1416050859226670848"",""ra"":261.3495847,""dec"":52.7904721,""sy_dist"":27.0498,""sy_gaiamag"":6.30694,""pl_rade"":1.28228,""pl_radelim"":0,""pl_bmasse"":2.22,""pl_bmasselim"":0,""pl_bmassprov"":""Msini"",""pl_orbper"":2.178,""pl_orbperlim"":0,""pl_orbsmax"":null,""pl_eqt"":1462,""pl_eqtlim"":0,""disc_year"":2020,""discoverymethod"":""Radial Velocity"",""disc_refname"":""<a refstr=HARA_ET_AL__2020 href=https://ui.adsabs.harvard.edu/abs/2020A&A...636L...6H/abstract target=ref>Hara et al. 2020</a>"",""import_batch"":""astralys_nasa_confirmed_planets_20260918"",""discovery_status"":""confirmed"",""table"":""pscomppars"",""gaia_host_source_id"":""1416050859226670848"",""orbit_order"":1,""retrieved_at"":""2026-09-18T14:51:26.782Z"",""sky_position_kind"":""host_system_direction"",""visual_is_interpretation"":true,""best_mass_is_minimum"":true}"
planet,NASA_EXOPLANET_ARCHIVE,HD 124330 b,HD 124330 b,0f28ba22-887b-4606-8a40-d81c0306268d,HD 124330,212.8207093,54.4089731,196.33841,,14,,270.66,349,2021,Radial Velocity,Dalal et al. 2021,1921394436,gas,2026-09-18T14:51:26.782Z,"{""pl_name"":""HD 124330 b"",""hostname"":""HD 124330"",""gaia_dr3_id"":""Gaia DR3 1609157502297291008"",""ra"":212.8207093,""dec"":54.4089731,""sy_dist"":60.1977,""sy_gaiamag"":7.71674,""pl_rade"":14,""pl_radelim"":0,""pl_bmasse"":238.37130525,""pl_bmasselim"":0,""pl_bmassprov"":""Msini"",""pl_orbper"":270.66,""pl_orbperlim"":0,""pl_orbsmax"":0.86,""pl_eqt"":348.79,""pl_eqtlim"":0,""disc_year"":2021,""discoverymethod"":""Radial Velocity"",""disc_refname"":""<a refstr=DALAL_ET_AL__2021 href=https://ui.adsabs.harvard.edu/abs/2021A&A...651A..11D/abstract target=ref>Dalal et al. 2021</a>"",""import_batch"":""astralys_nasa_confirmed_planets_20260918"",""discovery_status"":""confirmed"",""table"":""pscomppars"",""gaia_host_source_id"":""1609157502297291008"",""orbit_order"":1,""retrieved_at"":""2026-09-18T14:51:26.782Z"",""sky_position_kind"":""host_system_direction"",""visual_is_interpretation"":true,""best_mass_is_minimum"":true}"
planet,NASA_EXOPLANET_ARCHIVE,75 Cet c,75 Cet c,4dfb0c3c-3190-486d-8eef-516028fece04,75 Cet,38.0391598,-1.0350269,270.583258,,13.9,,2051.62,377,2023,Radial Velocity,Teng et al. 2023,257657801,gas,2026-09-18T14:51:26.782Z,"{""pl_name"":""75 Cet c"",""hostname"":""75 Cet"",""gaia_dr3_id"":""Gaia DR3 2500064286492779264"",""ra"":38.0391598,""dec"":-1.0350269,""sy_dist"":82.9613,""sy_gaiamag"":5.09343,""pl_rade"":13.9,""pl_radelim"":0,""pl_bmasse"":289.85950718,""pl_bmasselim"":0,""pl_bmassprov"":""Msini"",""pl_orbper"":2051.62,""pl_orbperlim"":0,""pl_orbsmax"":3.929,""pl_eqt"":376.92,""pl_eqtlim"":0,""disc_year"":2023,""discoverymethod"":""Radial Velocity"",""disc_refname"":""<a refstr=TENG_ET_AL_2023 href=https://ui.adsabs.harvard.edu/abs/2023PASJ...75.1030T/abstract target=ref>Teng et al. 2023</a>"",""import_batch"":""astralys_nasa_confirmed_planets_20260918"",""discovery_status"":""confirmed"",""table"":""pscomppars"",""gaia_host_source_id"":""2500064286492779264"",""orbit_order"":2,""retrieved_at"":""2026-09-18T14:51:26.782Z"",""sky_position_kind"":""host_system_direction"",""visual_is_interpretation"":true,""best_mass_is_minimum"":true}"
planet,NASA_EXOPLANET_ARCHIVE,HD 158259 d,HD 158259 d,9ce1f2c6-536b-47d0-b265-605168ba983a,HD 158259,261.3495847,52.7904721,88.224546,,2.18,,5.1980814,,2020,Radial Velocity,Hara et al. 2020,939318285,rocky,2026-09-18T14:51:26.782Z,"{""pl_name"":""HD 158259 d"",""hostname"":""HD 158259"",""gaia_dr3_id"":""Gaia DR3 1416050859226670848"",""ra"":261.3495847,""dec"":52.7904721,""sy_dist"":27.0498,""sy_gaiamag"":6.30694,""pl_rade"":2.18,""pl_radelim"":0,""pl_bmasse"":5.41,""pl_bmasselim"":0,""pl_bmassprov"":""Msini"",""pl_orbper"":5.1980814,""pl_orbperlim"":0,""pl_orbsmax"":null,""pl_eqt"":null,""pl_eqtlim"":null,""disc_year"":2020,""discoverymethod"":""Radial Velocity"",""disc_refname"":""<a refstr=HARA_ET_AL__2020 href=https://ui.adsabs.harvard.edu/abs/2020A&A...636L...6H/abstract target=ref>Hara et al. 2020</a>"",""import_batch"":""astralys_nasa_confirmed_planets_20260918"",""discovery_status"":""confirmed"",""table"":""pscomppars"",""gaia_host_source_id"":""1416050859226670848"",""orbit_order"":3,""retrieved_at"":""2026-09-18T14:51:26.782Z"",""sky_position_kind"":""host_system_direction"",""visual_is_interpretation"":true,""best_mass_is_minimum"":true}"
planet,NASA_EXOPLANET_ARCHIVE,HD 1461 b,HD 1461 b,09882217-8084-4bd7-87c3-811cf5be76a8,HD 1461,4.6762645,-8.0536206,76.494671,,2.42,,5.77152,1185,2010,Radial Velocity, Rivera et al. 2010 ,274666554,lava,2026-09-18T14:51:26.782Z,"{""pl_name"":""HD 1461 b"",""hostname"":""HD 1461"",""gaia_dr3_id"":""Gaia DR3 2430102808294101760"",""ra"":4.6762645,""dec"":-8.0536206,""sy_dist"":23.4534,""sy_gaiamag"":6.29454,""pl_rade"":2.42,""pl_radelim"":0,""pl_bmasse"":6.44,""pl_bmasselim"":0,""pl_bmassprov"":""Msini"",""pl_orbper"":5.77152,""pl_orbperlim"":0,""pl_orbsmax"":0.0634,""pl_eqt"":1185.14,""pl_eqtlim"":0,""disc_year"":2010,""discoverymethod"":""Radial Velocity"",""disc_refname"":""<a refstr=RIVERA_ET_AL__2010 href=https://ui.adsabs.harvard.edu/abs/2010ApJ...708.1492R/abstract target=ref> Rivera et al. 2010 </a>"",""import_batch"":""astralys_nasa_confirmed_planets_20260918"",""discovery_status"":""confirmed"",""table"":""pscomppars"",""gaia_host_source_id"":""2430102808294101760"",""orbit_order"":1,""retrieved_at"":""2026-09-18T14:51:26.782Z"",""sky_position_kind"":""host_system_direction"",""visual_is_interpretation"":true,""best_mass_is_minimum"":true}"
planet,NASA_EXOPLANET_ARCHIVE,Gl 725 A b,Gl 725 A b,267c75ae-1339-4726-b901-4ad6079fe826,Gl 725 A,280.6834312,59.638109,11.485257,,1.48,,11.2201,376,2025,Radial Velocity,Cort&eacute;s-Zuleta et al. 2025,222873796,rocky,2026-09-18T14:51:26.782Z,"{""pl_name"":""Gl 725 A b"",""hostname"":""Gl 725 A"",""gaia_dr3_id"":""Gaia DR3 2154880616774131840"",""ra"":280.6834312,""dec"":59.638109,""sy_dist"":3.5214,""sy_gaiamag"":7.84944,""pl_rade"":1.48,""pl_radelim"":0,""pl_bmasse"":2.78,""pl_bmasselim"":0,""pl_bmassprov"":""Msini"",""pl_orbper"":11.2201,""pl_orbperlim"":0,""pl_orbsmax"":0.068,""pl_eqt"":376.1,""pl_eqtlim"":0,""disc_year"":2025,""discoverymethod"":""Radial Velocity"",""disc_refname"":""<a refstr=CORTES_ZULETA_ET_AL_2025 href=https://ui.adsabs.harvard.edu/abs/2025A&A...693A.164C/abstract target=ref>Cort&eacute;s-Zuleta et al. 2025</a>"",""import_batch"":""astralys_nasa_confirmed_planets_20260918"",""discovery_status"":""confirmed"",""table"":""pscomppars"",""gaia_host_source_id"":""2154880616774131840"",""orbit_order"":1,""retrieved_at"":""2026-09-18T14:51:26.782Z"",""sky_position_kind"":""host_system_direction"",""visual_is_interpretation"":true,""best_mass_is_minimum"":true}"
planet,NASA_EXOPLANET_ARCHIVE,HD 104067 c,HD 104067 c,67b2ef20-5a7a-40c2-aa10-4fd9a8c16ce9,HD 104067,179.7923543,-20.3556058,66.415799,,3.69,,13.8992,648,2024,Radial Velocity,Kane et al. 2024,268517308,rocky,2026-09-18T14:51:26.782Z,"{""pl_name"":""HD 104067 c"",""hostname"":""HD 104067"",""gaia_dr3_id"":""Gaia DR3 3494677900774838144"",""ra"":179.7923543,""dec"":-20.3556058,""sy_dist"":20.3632,""sy_gaiamag"":7.62029,""pl_rade"":3.69,""pl_radelim"":0,""pl_bmasse"":13.2,""pl_bmasselim"":0,""pl_bmassprov"":""Msini"",""pl_orbper"":13.8992,""pl_orbperlim"":0,""pl_orbsmax"":0.1058,""pl_eqt"":648.36,""pl_eqtlim"":0,""disc_year"":2024,""discoverymethod"":""Radial Velocity"",""disc_refname"":""<a refstr=KANE_ET_AL_2024 href=https://ui.adsabs.harvard.edu/abs/2024AJ....167..239K/abstract target=ref>Kane et al. 2024</a>"",""import_batch"":""astralys_nasa_confirmed_planets_20260918"",""discovery_status"":""confirmed"",""table"":""pscomppars"",""gaia_host_source_id"":""3494677900774838144"",""orbit_order"":1,""retrieved_at"":""2026-09-18T14:51:26.782Z"",""sky_position_kind"":""host_system_direction"",""visual_is_interpretation"":true,""best_mass_is_minimum"":true}"
planet,NASA_EXOPLANET_ARCHIVE,HD 44219 b,HD 44219 b,1345e7ec-1e5a-4e2d-918b-11549446f191,HD 44219,95.0599971,-10.7250799,172.553158,,14.1,184.34047606,472,284,2010,Radial Velocity, Naef et al. 2010 ,681169335,gas,2026-09-18T14:51:26.782Z,"{""pl_name"":""HD 44219 b"",""hostname"":""HD 44219"",""gaia_dr3_id"":""Gaia DR3 3001428566419966592"",""ra"":95.0599971,""dec"":-10.7250799,""sy_dist"":52.9051,""sy_gaiamag"":7.52973,""pl_rade"":14.1,""pl_radelim"":0,""pl_bmasse"":184.34047606,""pl_bmasselim"":0,""pl_bmassprov"":""Mass"",""pl_orbper"":472,""pl_orbperlim"":0,""pl_orbsmax"":1.26,""pl_eqt"":283.89,""pl_eqtlim"":0,""disc_year"":2010,""discoverymethod"":""Radial Velocity"",""disc_refname"":""<a refstr=NAEF_ET_AL__2010 href=https://ui.adsabs.harvard.edu/abs/2010A%26A...523A..15N/abstract target=ref> Naef et al. 2010 </a>"",""import_batch"":""astralys_nasa_confirmed_planets_20260918"",""discovery_status"":""confirmed"",""table"":""pscomppars"",""gaia_host_source_id"":""3001428566419966592"",""orbit_order"":1,""retrieved_at"":""2026-09-18T14:51:26.782Z"",""sky_position_kind"":""host_system_direction"",""visual_is_interpretation"":true,""best_mass_is_minimum"":false}"
planet,NASA_EXOPLANET_ARCHIVE,HD 72659 b,HD 72659 b,72c4bbbe-9c2e-4c25-af9b-3ab7c79177fb,HD 72659,128.5128072,-1.5686323,169.25833,,13.2,949.67128012,3549,155,2002,Radial Velocity, Butler et al. 2003 ,643904817,gas,2026-09-18T14:51:26.782Z,"{""pl_name"":""HD 72659 b"",""hostname"":""HD 72659"",""gaia_dr3_id"":""Gaia DR3 3073443760538892032"",""ra"":128.5128072,""dec"":-1.5686323,""sy_dist"":51.8949,""sy_gaiamag"":7.3107,""pl_rade"":13.2,""pl_radelim"":0,""pl_bmasse"":949.67128012,""pl_bmasselim"":0,""pl_bmassprov"":""Mass"",""pl_orbper"":3549,""pl_orbperlim"":0,""pl_orbsmax"":4.607,""pl_eqt"":155.34,""pl_eqtlim"":0,""disc_year"":2002,""discoverymethod"":""Radial Velocity"",""disc_refname"":""<a refstr=BUTLER_ET_AL__2003 href=https://ui.adsabs.harvard.edu/abs/2003ApJ...582..455B/abstract target=ref> Butler et al. 2003 </a>"",""import_batch"":""astralys_nasa_confirmed_planets_20260918"",""discovery_status"":""confirmed"",""table"":""pscomppars"",""gaia_host_source_id"":""3073443760538892032"",""orbit_order"":1,""retrieved_at"":""2026-09-18T14:51:26.782Z"",""sky_position_kind"":""host_system_direction"",""visual_is_interpretation"":true,""best_mass_is_minimum"":false}"
planet,NASA_EXOPLANET_ARCHIVE,HD 26161 b,HD 26161 b,536ba22f-0ca8-4b4c-931a-b3766848755e,HD 26161,62.4122255,31.6524346,133.439552,,11.9,9045.39646322,10942.29013,111,2021,Radial Velocity,Rosenthal et al. 2021,1171634565,gas,2026-09-18T14:51:26.782Z,"{""pl_name"":""HD 26161 b"",""hostname"":""HD 26161"",""gaia_dr3_id"":""Gaia DR3 169149766470219520"",""ra"":62.4122255,""dec"":31.6524346,""sy_dist"":40.9128,""sy_gaiamag"":6.7427,""pl_rade"":11.9,""pl_radelim"":0,""pl_bmasse"":9045.39646322,""pl_bmasselim"":0,""pl_bmassprov"":""Mass"",""pl_orbper"":10942.29013,""pl_orbperlim"":0,""pl_orbsmax"":10.087,""pl_eqt"":110.98,""pl_eqtlim"":0,""disc_year"":2021,""discoverymethod"":""Radial Velocity"",""disc_refname"":""<a refstr=ROSENTHAL_ET_AL__2021 href=https://ui.adsabs.harvard.edu/abs/2021ApJS..255....8R/abstract target=ref>Rosenthal et al. 2021</a>"",""import_batch"":""astralys_nasa_confirmed_planets_20260918"",""discovery_status"":""confirmed"",""table"":""pscomppars"",""gaia_host_source_id"":""169149766470219520"",""orbit_order"":1,""retrieved_at"":""2026-09-18T14:51:26.782Z"",""sky_position_kind"":""host_system_direction"",""visual_is_interpretation"":true,""best_mass_is_minimum"":false}"
planet,NASA_EXOPLANET_ARCHIVE,HD 170469 b,HD 170469 b,f1b50367-9a2a-4214-ac94-150d9cf48204,HD 170469,277.2955423,11.6954244,196.274158,,14.1,,1145,210,2007,Radial Velocity, Fischer et al. 2007 ,117817120,gas,2026-09-18T14:51:26.782Z,"{""pl_name"":""HD 170469 b"",""hostname"":""HD 170469"",""gaia_dr3_id"":""Gaia DR3 4484013343859055744"",""ra"":277.2955423,""dec"":11.6954244,""sy_dist"":60.178,""sy_gaiamag"":8.04953,""pl_rade"":14.1,""pl_radelim"":0,""pl_bmasse"":209.7678,""pl_bmasselim"":0,""pl_bmassprov"":""Msini"",""pl_orbper"":1145,""pl_orbperlim"":0,""pl_orbsmax"":2.24,""pl_eqt"":209.6,""pl_eqtlim"":0,""disc_year"":2007,""discoverymethod"":""Radial Velocity"",""disc_refname"":""<a refstr=FISCHER_ET_AL__2007 href=https://ui.adsabs.harvard.edu/abs/2007ApJ...669.1336F/abstract target=ref> Fischer et al. 2007 </a>"",""import_batch"":""astralys_nasa_confirmed_planets_20260918"",""discovery_status"":""confirmed"",""table"":""pscomppars"",""gaia_host_source_id"":""4484013343859055744"",""orbit_order"":1,""retrieved_at"":""2026-09-18T14:51:26.782Z"",""sky_position_kind"":""host_system_direction"",""visual_is_interpretation"":true,""best_mass_is_minimum"":true}"
planet,NASA_EXOPLANET_ARCHIVE,HIP 98599 b,HIP 98599 b,b8244f5f-839f-4d6a-8020-0b11ed2a252f,HIP 98599,300.4090608,-22.1110649,247.691999,,12.7,2177.12458795,2656,171,2026,Radial Velocity,Pe&ntilde;a et al. 2026,2039604862,gas,2026-09-18T14:51:26.782Z,"{""pl_name"":""HIP 98599 b"",""hostname"":""HIP 98599"",""gaia_dr3_id"":""Gaia DR3 6864242811508684672"",""ra"":300.4090608,""dec"":-22.1110649,""sy_dist"":75.9428,""sy_gaiamag"":7.9823,""pl_rade"":12.7,""pl_radelim"":0,""pl_bmasse"":2177.12458795,""pl_bmasselim"":0,""pl_bmassprov"":""Mass"",""pl_orbper"":2656,""pl_orbperlim"":0,""pl_orbsmax"":3.96,""pl_eqt"":171.08,""pl_eqtlim"":0,""disc_year"":2026,""discoverymethod"":""Radial Velocity"",""disc_refname"":""<a refstr=PENA_ET_AL_2026 href=https://ui.adsabs.harvard.edu/abs/2026A&A...709A.213P/abstract target=ref>Pe&ntilde;a et al. 2026</a>"",""import_batch"":""astralys_nasa_confirmed_planets_20260918"",""discovery_status"":""confirmed"",""table"":""pscomppars"",""gaia_host_source_id"":""6864242811508684672"",""orbit_order"":1,""retrieved_at"":""2026-09-18T14:51:26.782Z"",""sky_position_kind"":""host_system_direction"",""visual_is_interpretation"":true,""best_mass_is_minimum"":false}"
planet,NASA_EXOPLANET_ARCHIVE,HD 156846 b,HD 156846 b,6d97ad33-debf-4628-8c7d-8e4021678557,HD 156846,260.1423366,-19.334365,155.684696,,12.4,,359.51001,382,2007,Radial Velocity, Tamuz et al. 2008 ,1212484736,gas,2026-09-18T14:51:26.782Z,"{""pl_name"":""HD 156846 b"",""hostname"":""HD 156846"",""gaia_dr3_id"":""Gaia DR3 4122343906051101184"",""ra"":260.1423366,""dec"":-19.334365,""sy_dist"":47.7332,""sy_gaiamag"":6.3623,""pl_rade"":12.4,""pl_radelim"":0,""pl_bmasse"":3391.2461,""pl_bmasselim"":0,""pl_bmassprov"":""Msini"",""pl_orbper"":359.51001,""pl_orbperlim"":0,""pl_orbsmax"":1.12,""pl_eqt"":382.49,""pl_eqtlim"":0,""disc_year"":2007,""discoverymethod"":""Radial Velocity"",""disc_refname"":""<a refstr=TAMUZ_ET_AL__2008 href=https://ui.adsabs.harvard.edu/abs/2008A&A...480L..33T/abstract target=ref> Tamuz et al. 2008 </a>"",""import_batch"":""astralys_nasa_confirmed_planets_20260918"",""discovery_status"":""confirmed"",""table"":""pscomppars"",""gaia_host_source_id"":""4122343906051101184"",""orbit_order"":1,""retrieved_at"":""2026-09-18T14:51:26.782Z"",""sky_position_kind"":""host_system_direction"",""visual_is_interpretation"":true,""best_mass_is_minimum"":true}"
planet,NASA_EXOPLANET_ARCHIVE,HD 158259 f,HD 158259 f,9ce1f2c6-536b-47d0-b265-605168ba983a,HD 158259,261.3495847,52.7904721,88.224546,,2.35,,12.028,,2020,Radial Velocity,Hara et al. 2020,905763047,rocky,2026-09-18T14:51:26.782Z,"{""pl_name"":""HD 158259 f"",""hostname"":""HD 158259"",""gaia_dr3_id"":""Gaia DR3 1416050859226670848"",""ra"":261.3495847,""dec"":52.7904721,""sy_dist"":27.0498,""sy_gaiamag"":6.30694,""pl_rade"":2.35,""pl_radelim"":0,""pl_bmasse"":6.14,""pl_bmasselim"":0,""pl_bmassprov"":""Msini"",""pl_orbper"":12.028,""pl_orbperlim"":0,""pl_orbsmax"":null,""pl_eqt"":null,""pl_eqtlim"":null,""disc_year"":2020,""discoverymethod"":""Radial Velocity"",""disc_refname"":""<a refstr=HARA_ET_AL__2020 href=https://ui.adsabs.harvard.edu/abs/2020A&A...636L...6H/abstract target=ref>Hara et al. 2020</a>"",""import_batch"":""astralys_nasa_confirmed_planets_20260918"",""discovery_status"":""confirmed"",""table"":""pscomppars"",""gaia_host_source_id"":""1416050859226670848"",""orbit_order"":5,""retrieved_at"":""2026-09-18T14:51:26.782Z"",""sky_position_kind"":""host_system_direction"",""visual_is_interpretation"":true,""best_mass_is_minimum"":true}"
planet,NASA_EXOPLANET_ARCHIVE,HD 97037 b,HD 97037 b,9e85e315-2dbe-4c59-b897-0101860cc493,HD 97037,167.5545621,-7.3901483,105.716944,,12.1,6707.76852973,6449.08337,121,2022,Radial Velocity,Feng et al. 2022,1178896233,gas,2026-09-18T14:51:26.782Z,"{""pl_name"":""HD 97037 b"",""hostname"":""HD 97037"",""gaia_dr3_id"":""Gaia DR3 3784271568265259904"",""ra"":167.5545621,""dec"":-7.3901483,""sy_dist"":32.413,""sy_gaiamag"":6.64346,""pl_rade"":12.1,""pl_radelim"":0,""pl_bmasse"":6707.76852973,""pl_bmasselim"":0,""pl_bmassprov"":""Mass"",""pl_orbper"":6449.08337,""pl_orbperlim"":0,""pl_orbsmax"":6.925,""pl_eqt"":120.99,""pl_eqtlim"":0,""disc_year"":2022,""discoverymethod"":""Radial Velocity"",""disc_refname"":""<a refstr=FENG_ET_AL__2022 href=https://ui.adsabs.harvard.edu/abs/2022ApJS..262...21F/abstract target=ref>Feng et al. 2022</a>"",""import_batch"":""astralys_nasa_confirmed_planets_20260918"",""discovery_status"":""confirmed"",""table"":""pscomppars"",""gaia_host_source_id"":""3784271568265259904"",""orbit_order"":1,""retrieved_at"":""2026-09-18T14:51:26.782Z"",""sky_position_kind"":""host_system_direction"",""visual_is_interpretation"":true,""best_mass_is_minimum"":false}"
planet,NASA_EXOPLANET_ARCHIVE,HD 211970 b,HD 211970 b,7f4a3ec7-1876-45a7-be04-6eb267a36e17,HD 211970,335.5661579,-54.5596006,42.816781,,3.66,,25.201,399,2019,Radial Velocity,Feng et al. 2019,173851778,rocky,2026-09-18T14:51:26.782Z,"{""pl_name"":""HD 211970 b"",""hostname"":""HD 211970"",""gaia_dr3_id"":""Gaia DR3 6508401923473282432"",""ra"":335.5661579,""dec"":-54.5596006,""sy_dist"":13.1277,""sy_gaiamag"":8.40444,""pl_rade"":3.66,""pl_radelim"":0,""pl_bmasse"":13,""pl_bmasselim"":0,""pl_bmassprov"":""Msini"",""pl_orbper"":25.201,""pl_orbperlim"":0,""pl_orbsmax"":0.143,""pl_eqt"":398.77,""pl_eqtlim"":0,""disc_year"":2019,""discoverymethod"":""Radial Velocity"",""disc_refname"":""<a refstr=FENG_ET_AL__2019 href=https://ui.adsabs.harvard.edu/abs/2019ApJS..242...25F/abstract target=ref>Feng et al. 2019</a>"",""import_batch"":""astralys_nasa_confirmed_planets_20260918"",""discovery_status"":""confirmed"",""table"":""pscomppars"",""gaia_host_source_id"":""6508401923473282432"",""orbit_order"":1,""retrieved_at"":""2026-09-18T14:51:26.782Z"",""sky_position_kind"":""host_system_direction"",""visual_is_interpretation"":true,""best_mass_is_minimum"":true}"
planet,NASA_EXOPLANET_ARCHIVE,24 Boo b,24 Boo b,b48efa6c-c66c-479a-8139-50cf081f183a,24 Boo,217.1555242,49.8446488,313.065077,,13.9,,30.33,1841,2018,Radial Velocity,Takarada et al. 2018,1320489933,gas,2026-09-18T14:51:26.782Z,"{""pl_name"":""24 Boo b"",""hostname"":""24 Boo"",""gaia_dr3_id"":""Gaia DR3 1603662211901473408"",""ra"":217.1555242,""dec"":49.8446488,""sy_dist"":95.9863,""sy_gaiamag"":5.3339,""pl_rade"":13.9,""pl_radelim"":0,""pl_bmasse"":280.64248338,""pl_bmasselim"":0,""pl_bmassprov"":""Msini"",""pl_orbper"":30.33,""pl_orbperlim"":0,""pl_orbsmax"":0.194,""pl_eqt"":1840.86,""pl_eqtlim"":0,""disc_year"":2018,""discoverymethod"":""Radial Velocity"",""disc_refname"":""<a refstr=TAKARADA_ET_AL__2018 href=https://ui.adsabs.harvard.edu/abs/2018PASJ...70...59T/abstract target=ref>Takarada et al. 2018</a>"",""import_batch"":""astralys_nasa_confirmed_planets_20260918"",""discovery_status"":""confirmed"",""table"":""pscomppars"",""gaia_host_source_id"":""1603662211901473408"",""orbit_order"":1,""retrieved_at"":""2026-09-18T14:51:26.782Z"",""sky_position_kind"":""host_system_direction"",""visual_is_interpretation"":true,""best_mass_is_minimum"":true}"
planet,NASA_EXOPLANET_ARCHIVE,HD 74156 c,HD 74156 c,d81b18f9-a2b0-46c6-a186-7f3c9746cddf,HD 74156,130.6047813,4.5772338,187.875641,,12.5,2753.98314665,2448.48726,188,2003,Radial Velocity, Naef et al. 2004 ,539707158,gas,2026-09-18T14:51:26.782Z,"{""pl_name"":""HD 74156 c"",""hostname"":""HD 74156"",""gaia_dr3_id"":""Gaia DR3 582221750852254080"",""ra"":130.6047813,""dec"":4.5772338,""sy_dist"":57.603,""sy_gaiamag"":7.46934,""pl_rade"":12.5,""pl_radelim"":0,""pl_bmasse"":2753.98314665,""pl_bmasselim"":0,""pl_bmassprov"":""Mass"",""pl_orbper"":2448.48726,""pl_orbperlim"":0,""pl_orbsmax"":3.678,""pl_eqt"":187.52,""pl_eqtlim"":0,""disc_year"":2003,""discoverymethod"":""Radial Velocity"",""disc_refname"":""<a refstr=NAEF_ET_AL__2004 href=https://ui.adsabs.harvard.edu/abs/2004A&A...414..351N/abstract target=ref> Naef et al. 2004 </a>"",""import_batch"":""astralys_nasa_confirmed_planets_20260918"",""discovery_status"":""confirmed"",""table"":""pscomppars"",""gaia_host_source_id"":""582221750852254080"",""orbit_order"":2,""retrieved_at"":""2026-09-18T14:51:26.782Z"",""sky_position_kind"":""host_system_direction"",""visual_is_interpretation"":true,""best_mass_is_minimum"":false}"
planet,NASA_EXOPLANET_ARCHIVE,HD 20003 c,HD 20003 c,e77c686a-d7c4-49f3-910c-ce454e1036fd,HD 20003,46.9090081,-72.3219221,136.436273,,3.89,,33.9239,574,2019,Radial Velocity,Udry et al. 2019,52996316,rocky,2026-09-18T14:51:26.782Z,"{""pl_name"":""HD 20003 c"",""hostname"":""HD 20003"",""gaia_dr3_id"":""Gaia DR3 4642472794978268800"",""ra"":46.9090081,""dec"":-72.3219221,""sy_dist"":41.8316,""sy_gaiamag"":8.19184,""pl_rade"":3.89,""pl_radelim"":0,""pl_bmasse"":14.44,""pl_bmasselim"":0,""pl_bmassprov"":""Msini"",""pl_orbper"":33.9239,""pl_orbperlim"":0,""pl_orbsmax"":0.1964,""pl_eqt"":573.89,""pl_eqtlim"":0,""disc_year"":2019,""discoverymethod"":""Radial Velocity"",""disc_refname"":""<a refstr=UDRY_ET_AL__2019 href=https://ui.adsabs.harvard.edu/abs/2019A&A...622A..37U/abstract target=ref>Udry et al. 2019</a>"",""import_batch"":""astralys_nasa_confirmed_planets_20260918"",""discovery_status"":""confirmed"",""table"":""pscomppars"",""gaia_host_source_id"":""4642472794978268800"",""orbit_order"":2,""retrieved_at"":""2026-09-18T14:51:26.782Z"",""sky_position_kind"":""host_system_direction"",""visual_is_interpretation"":true,""best_mass_is_minimum"":true}"
planet,NASA_EXOPLANET_ARCHIVE,HD 134606 b,HD 134606 b,be75a918-cfd3-41c8-a7dc-7594102d70fa,HD 134606,228.8103897,-70.5203328,87.380128,,2.97,,12.089,895,2024,Radial Velocity,Li et al. 2024,280843554,lava,2026-09-18T14:51:26.782Z,"{""pl_name"":""HD 134606 b"",""hostname"":""HD 134606"",""gaia_dr3_id"":""Gaia DR3 5798962867668048768"",""ra"":228.8103897,""dec"":-70.5203328,""sy_dist"":26.7909,""sy_gaiamag"":6.67835,""pl_rade"":2.97,""pl_radelim"":0,""pl_bmasse"":9.09,""pl_bmasselim"":0,""pl_bmassprov"":""Msini"",""pl_orbper"":12.089,""pl_orbperlim"":0,""pl_orbsmax"":0.1046,""pl_eqt"":894.63,""pl_eqtlim"":0,""disc_year"":2024,""discoverymethod"":""Radial Velocity"",""disc_refname"":""<a refstr=LI_ET_AL_2024 href=https://ui.adsabs.harvard.edu/abs/2024AJ....167..155L/abstract target=ref>Li et al. 2024</a>"",""import_batch"":""astralys_nasa_confirmed_planets_20260918"",""discovery_status"":""confirmed"",""table"":""pscomppars"",""gaia_host_source_id"":""5798962867668048768"",""orbit_order"":2,""retrieved_at"":""2026-09-18T14:51:26.782Z"",""sky_position_kind"":""host_system_direction"",""visual_is_interpretation"":true,""best_mass_is_minimum"":true}"
planet,NASA_EXOPLANET_ARCHIVE,HD 96700 b,HD 96700 b,35ae65b4-fb1e-4358-8225-3305846d1d6f,HD 96700,166.9742616,-30.1751383,82.879827,,2.93,,8.1245,1089,2021,Radial Velocity,Unger et al. 2021,2048084799,lava,2026-09-18T14:51:26.782Z,"{""pl_name"":""HD 96700 b"",""hostname"":""HD 96700"",""gaia_dr3_id"":""Gaia DR3 5452492082132835840"",""ra"":166.9742616,""dec"":-30.1751383,""sy_dist"":25.4111,""sy_gaiamag"":6.35547,""pl_rade"":2.93,""pl_radelim"":0,""pl_bmasse"":8.9,""pl_bmasselim"":0,""pl_bmassprov"":""Msini"",""pl_orbper"":8.1245,""pl_orbperlim"":0,""pl_orbsmax"":0.0777,""pl_eqt"":1089.02,""pl_eqtlim"":0,""disc_year"":2021,""discoverymethod"":""Radial Velocity"",""disc_refname"":""<a refstr=UNGER_ET_AL__2021 href=https://ui.adsabs.harvard.edu/abs/2021A&A...654A.104U/abstract target=ref>Unger et al. 2021</a>"",""import_batch"":""astralys_nasa_confirmed_planets_20260918"",""discovery_status"":""confirmed"",""table"":""pscomppars"",""gaia_host_source_id"":""5452492082132835840"",""orbit_order"":1,""retrieved_at"":""2026-09-18T14:51:26.782Z"",""sky_position_kind"":""host_system_direction"",""visual_is_interpretation"":true,""best_mass_is_minimum"":true}"
planet,NASA_EXOPLANET_ARCHIVE,HD 181720 b,HD 181720 b,d487e19a-9485-40eb-a949-c089cd4e3194,HD 181720,290.7212224,-32.9208401,196.360915,,14,,956,249,2009,Radial Velocity, Santos et al. 2010 ,187638783,gas,2026-09-18T14:51:26.782Z,"{""pl_name"":""HD 181720 b"",""hostname"":""HD 181720"",""gaia_dr3_id"":""Gaia DR3 6745589980571162752"",""ra"":290.7212224,""dec"":-32.9208401,""sy_dist"":60.2046,""sy_gaiamag"":7.67484,""pl_rade"":14,""pl_radelim"":0,""pl_bmasse"":127.132,""pl_bmasselim"":0,""pl_bmassprov"":""Msini"",""pl_orbper"":956,""pl_orbperlim"":0,""pl_orbsmax"":1.85,""pl_eqt"":249.06,""pl_eqtlim"":0,""disc_year"":2009,""discoverymethod"":""Radial Velocity"",""disc_refname"":""<a refstr=SANTOS_ET_AL__2010 href=https://ui.adsabs.harvard.edu/abs/2010A%26A...512A..47S/abstract target=ref> Santos et al. 2010 </a>"",""import_batch"":""astralys_nasa_confirmed_planets_20260918"",""discovery_status"":""confirmed"",""table"":""pscomppars"",""gaia_host_source_id"":""6745589980571162752"",""orbit_order"":1,""retrieved_at"":""2026-09-18T14:51:26.782Z"",""sky_position_kind"":""host_system_direction"",""visual_is_interpretation"":true,""best_mass_is_minimum"":true}"
planet,NASA_EXOPLANET_ARCHIVE,HD 331093 b,HD 331093 b,b4b3c0db-3a51-44fe-bc59-2d5a0456d9ba,HD 331093,295.6200054,31.7395451,163.706829,,13.6,,621.62,235,2021,Radial Velocity,Dalal et al. 2021,1956602910,gas,2026-09-18T14:51:26.782Z,"{""pl_name"":""HD 331093 b"",""hostname"":""HD 331093"",""gaia_dr3_id"":""Gaia DR3 2033246455795280896"",""ra"":295.6200054,""dec"":31.7395451,""sy_dist"":50.1928,""sy_gaiamag"":8.19105,""pl_rade"":13.6,""pl_radelim"":0,""pl_bmasse"":476.7426105,""pl_bmasselim"":0,""pl_bmassprov"":""Msini"",""pl_orbper"":621.62,""pl_orbperlim"":0,""pl_orbsmax"":1.44,""pl_eqt"":234.84,""pl_eqtlim"":0,""disc_year"":2021,""discoverymethod"":""Radial Velocity"",""disc_refname"":""<a refstr=DALAL_ET_AL__2021 href=https://ui.adsabs.harvard.edu/abs/2021A&A...651A..11D/abstract target=ref>Dalal et al. 2021</a>"",""import_batch"":""astralys_nasa_confirmed_planets_20260918"",""discovery_status"":""confirmed"",""table"":""pscomppars"",""gaia_host_source_id"":""2033246455795280896"",""orbit_order"":1,""retrieved_at"":""2026-09-18T14:51:26.782Z"",""sky_position_kind"":""host_system_direction"",""visual_is_interpretation"":true,""best_mass_is_minimum"":true}"
planet,NASA_EXOPLANET_ARCHIVE,HD 37124 d,HD 37124 d,d5b7dd06-d7dd-4281-ab53-1cb8de8c661b,HD 37124,84.2599947,20.7289784,103.272079,,14,,1862,160,2005,Radial Velocity, Vogt et al. 2005 ,1748731126,gas,2026-09-18T14:51:26.782Z,"{""pl_name"":""HD 37124 d"",""hostname"":""HD 37124"",""gaia_dr3_id"":""Gaia DR3 3402798414192387328"",""ra"":84.2599947,""dec"":20.7289784,""sy_dist"":31.6634,""sy_gaiamag"":7.47238,""pl_rade"":14,""pl_radelim"":0,""pl_bmasse"":221.20968,""pl_bmasselim"":0,""pl_bmassprov"":""Msini"",""pl_orbper"":1862,""pl_orbperlim"":0,""pl_orbsmax"":2.807,""pl_eqt"":159.79,""pl_eqtlim"":0,""disc_year"":2005,""discoverymethod"":""Radial Velocity"",""disc_refname"":""<a refstr=VOGT_ET_AL__2005 href=https://ui.adsabs.harvard.edu/abs/2005ApJ...632..638V/abstract target=ref> Vogt et al. 2005 </a>"",""import_batch"":""astralys_nasa_confirmed_planets_20260918"",""discovery_status"":""confirmed"",""table"":""pscomppars"",""gaia_host_source_id"":""3402798414192387328"",""orbit_order"":3,""retrieved_at"":""2026-09-18T14:51:26.782Z"",""sky_position_kind"":""host_system_direction"",""visual_is_interpretation"":true,""best_mass_is_minimum"":true}"
planet,NASA_EXOPLANET_ARCHIVE,HR 858 d,HR 858 d,7b2b0a89-9e22-42cc-b513-5f469df902d4,HR 858,42.9849779,-30.8140609,104.252504,,2.001,7.1,11.230511,1061,2019,Transit,Vanderburg et al. 2019,1292839718,lava,2026-09-18T14:51:26.782Z,"{""pl_name"":""HR 858 d"",""hostname"":""HR 858"",""gaia_dr3_id"":""Gaia DR3 5064574724769475968"",""ra"":42.9849779,""dec"":-30.8140609,""sy_dist"":31.964,""sy_gaiamag"":6.25276,""pl_rade"":2.001,""pl_radelim"":0,""pl_bmasse"":7.1,""pl_bmasselim"":0,""pl_bmassprov"":""Mass"",""pl_orbper"":11.230511,""pl_orbperlim"":0,""pl_orbsmax"":0.1046,""pl_eqt"":1061,""pl_eqtlim"":0,""disc_year"":2019,""discoverymethod"":""Transit"",""disc_refname"":""<a refstr=VANDERBURG_ET_AL__2019 href=https://ui.adsabs.harvard.edu/abs/2019ApJ...881L..19V/abstract target=ref>Vanderburg et al. 2019</a>"",""import_batch"":""astralys_nasa_confirmed_planets_20260918"",""discovery_status"":""confirmed"",""table"":""pscomppars"",""gaia_host_source_id"":""5064574724769475968"",""orbit_order"":3,""retrieved_at"":""2026-09-18T14:51:26.782Z"",""sky_position_kind"":""host_system_direction"",""visual_is_interpretation"":true,""best_mass_is_minimum"":false}"
planet,NASA_EXOPLANET_ARCHIVE,HD 13808 c,HD 13808 c,8db72c50-a0ba-4fac-b4f3-89ebd7a7dda5,HD 13808,33.1780708,-53.7437591,92.07547,,3.13,,53.753,425,2021,Radial Velocity,Ahrer et al. 2021,1054161308,rocky,2026-09-18T14:51:26.782Z,"{""pl_name"":""HD 13808 c"",""hostname"":""HD 13808"",""gaia_dr3_id"":""Gaia DR3 4743692151804240896"",""ra"":33.1780708,""dec"":-53.7437591,""sy_dist"":28.2305,""sy_gaiamag"":8.11006,""pl_rade"":3.13,""pl_radelim"":0,""pl_bmasse"":9.96,""pl_bmasselim"":0,""pl_bmassprov"":""Msini"",""pl_orbper"":53.753,""pl_orbperlim"":0,""pl_orbsmax"":0.2554,""pl_eqt"":424.57,""pl_eqtlim"":0,""disc_year"":2021,""discoverymethod"":""Radial Velocity"",""disc_refname"":""<a refstr=AHRER_ET_AL_2021 href=https://ui.adsabs.harvard.edu/abs/2021MNRAS.503.1248A/abstract target=ref>Ahrer et al. 2021</a>"",""import_batch"":""astralys_nasa_confirmed_planets_20260918"",""discovery_status"":""confirmed"",""table"":""pscomppars"",""gaia_host_source_id"":""4743692151804240896"",""orbit_order"":2,""retrieved_at"":""2026-09-18T14:51:26.782Z"",""sky_position_kind"":""host_system_direction"",""visual_is_interpretation"":true,""best_mass_is_minimum"":true}"
planet,NASA_EXOPLANET_ARCHIVE,rho CrB c,rho CrB c,86e12d29-0558-4d91-ac83-06d663ff65ff,rho CrB,240.2600639,33.3001861,56.969995,,5.68,,102.036,448,2016,Radial Velocity,Fulton et al. 2016,1388812592,gas,2026-09-18T14:51:26.782Z,"{""pl_name"":""rho CrB c"",""hostname"":""rho CrB"",""gaia_dr3_id"":""Gaia DR3 1323427759184545536"",""ra"":240.2600639,""dec"":33.3001861,""sy_dist"":17.4671,""sy_gaiamag"":5.24167,""pl_rade"":5.68,""pl_radelim"":0,""pl_bmasse"":27.442,""pl_bmasselim"":0,""pl_bmassprov"":""Msini"",""pl_orbper"":102.036,""pl_orbperlim"":0,""pl_orbsmax"":0.4206,""pl_eqt"":448.1,""pl_eqtlim"":0,""disc_year"":2016,""discoverymethod"":""Radial Velocity"",""disc_refname"":""<a refstr=FULTON_ET_AL__2016 href=https://ui.adsabs.harvard.edu/abs/2016ApJ...830...46F/abstract target=ref>Fulton et al. 2016</a>"",""import_batch"":""astralys_nasa_confirmed_planets_20260918"",""discovery_status"":""confirmed"",""table"":""pscomppars"",""gaia_host_source_id"":""1323427759184545536"",""orbit_order"":3,""retrieved_at"":""2026-09-18T14:51:26.782Z"",""sky_position_kind"":""host_system_direction"",""visual_is_interpretation"":true,""best_mass_is_minimum"":true}"
planet,NASA_EXOPLANET_ARCHIVE,HD 73534 b,HD 73534 b,8160634f-24e3-43c2-9f2d-d33c89734d3d,HD 73534,129.8153421,12.9599703,271.792644,,13.7,,1750,220,2008,Radial Velocity, Valenti et al. 2009 ,1046719254,gas,2026-09-18T14:51:26.782Z,"{""pl_name"":""HD 73534 b"",""hostname"":""HD 73534"",""gaia_dr3_id"":""Gaia DR3 603083781399095936"",""ra"":129.8153421,""dec"":12.9599703,""sy_dist"":83.3321,""sy_gaiamag"":7.95707,""pl_rade"":13.7,""pl_radelim"":0,""pl_bmasse"":353.42696,""pl_bmasselim"":0,""pl_bmassprov"":""Msini"",""pl_orbper"":1750,""pl_orbperlim"":0,""pl_orbsmax"":2.99,""pl_eqt"":220.25,""pl_eqtlim"":0,""disc_year"":2008,""discoverymethod"":""Radial Velocity"",""disc_refname"":""<a refstr=VALENTI_ET_AL__2009 href=https://ui.adsabs.harvard.edu/abs/2009ApJ...702..989V/abstract target=ref> Valenti et al. 2009 </a>"",""import_batch"":""astralys_nasa_confirmed_planets_20260918"",""discovery_status"":""confirmed"",""table"":""pscomppars"",""gaia_host_source_id"":""603083781399095936"",""orbit_order"":1,""retrieved_at"":""2026-09-18T14:51:26.782Z"",""sky_position_kind"":""host_system_direction"",""visual_is_interpretation"":true,""best_mass_is_minimum"":true}"
planet,NASA_EXOPLANET_ARCHIVE,HD 23596 b,HD 23596 b,486dd95d-d8c3-4b13-b3c9-8884713bc32d,HD 23596,57.0018601,40.5307308,169.606991,,12.4,3786.607641,1535.11912,219,2003,Radial Velocity, Perrier et al. 2003 ,185438043,gas,2026-09-18T14:51:26.782Z,"{""pl_name"":""HD 23596 b"",""hostname"":""HD 23596"",""gaia_dr3_id"":""Gaia DR3 224870885460646016"",""ra"":57.0018601,""dec"":40.5307308,""sy_dist"":52.0018,""sy_gaiamag"":7.10356,""pl_rade"":12.4,""pl_radelim"":0,""pl_bmasse"":3786.607641,""pl_bmasselim"":0,""pl_bmassprov"":""Mass"",""pl_orbper"":1535.11912,""pl_orbperlim"":0,""pl_orbsmax"":2.694,""pl_eqt"":219.49,""pl_eqtlim"":0,""disc_year"":2003,""discoverymethod"":""Radial Velocity"",""disc_refname"":""<a refstr=PERRIER_ET_AL__2003 href=https://ui.adsabs.harvard.edu/abs/2003A&A...410.1039P/abstract target=ref> Perrier et al. 2003 </a>"",""import_batch"":""astralys_nasa_confirmed_planets_20260918"",""discovery_status"":""confirmed"",""table"":""pscomppars"",""gaia_host_source_id"":""224870885460646016"",""orbit_order"":1,""retrieved_at"":""2026-09-18T14:51:26.782Z"",""sky_position_kind"":""host_system_direction"",""visual_is_interpretation"":true,""best_mass_is_minimum"":false}"
planet,NASA_EXOPLANET_ARCHIVE,GJ 15 A b,GJ 15 A b,1939d96c-b5d8-46ad-8313-155f2cdee64d,GJ 15 A,4.6126677,44.0247296,11.61859,,1.55,,11.4407,550,2014,Radial Velocity,Howard et al. 2014,970357307,rocky,2026-09-18T14:51:26.782Z,"{""pl_name"":""GJ 15 A b"",""hostname"":""GJ 15 A"",""gaia_dr3_id"":""Gaia DR3 385334230892516480"",""ra"":4.6126677,""dec"":44.0247296,""sy_dist"":3.56228,""sy_gaiamag"":7.2162,""pl_rade"":1.55,""pl_radelim"":0,""pl_bmasse"":3.03,""pl_bmasselim"":0,""pl_bmassprov"":""Msini"",""pl_orbper"":11.4407,""pl_orbperlim"":0,""pl_orbsmax"":0.072,""pl_eqt"":550,""pl_eqtlim"":0,""disc_year"":2014,""discoverymethod"":""Radial Velocity"",""disc_refname"":""<a refstr=HOWARD_ET_AL__2014 href=https://ui.adsabs.harvard.edu/abs/2014ApJ...794...51H/abstract target=ref>Howard et al. 2014</a>"",""import_batch"":""astralys_nasa_confirmed_planets_20260918"",""discovery_status"":""confirmed"",""table"":""pscomppars"",""gaia_host_source_id"":""385334230892516480"",""orbit_order"":1,""retrieved_at"":""2026-09-18T14:51:26.782Z"",""sky_position_kind"":""host_system_direction"",""visual_is_interpretation"":true,""best_mass_is_minimum"":true}"
planet,NASA_EXOPLANET_ARCHIVE,TOI-5082.01,TOI-5082.01,c929acf5-3483-425b-b5dd-21040681c8c9,TOI-5082,106.569578,22.6831477,140.705655,,2.54811,,4.240122,1165,2024,Transit,Hord et al. 2024,357072891,lava,2026-09-18T14:51:26.782Z,"{""pl_name"":""TOI-5082.01"",""hostname"":""TOI-5082"",""gaia_dr3_id"":""Gaia DR3 3368214650329888512"",""ra"":106.569578,""dec"":22.6831477,""sy_dist"":43.1406,""sy_gaiamag"":8.08646,""pl_rade"":2.54811,""pl_radelim"":0,""pl_bmasse"":7.03,""pl_bmasselim"":0,""pl_bmassprov"":""M-R relationship"",""pl_orbper"":4.240122,""pl_orbperlim"":0,""pl_orbsmax"":0.051204842,""pl_eqt"":1164.91,""pl_eqtlim"":0,""disc_year"":2024,""discoverymethod"":""Transit"",""disc_refname"":""<a refstr=HORD_ET_AL__2024 href=https://ui.adsabs.harvard.edu/abs/2024AJ....167..233H/abstract target=ref>Hord et al. 2024</a>"",""import_batch"":""astralys_nasa_confirmed_planets_20260918"",""discovery_status"":""confirmed"",""table"":""pscomppars"",""gaia_host_source_id"":""3368214650329888512"",""orbit_order"":1,""retrieved_at"":""2026-09-18T14:51:26.782Z"",""sky_position_kind"":""host_system_direction"",""visual_is_interpretation"":true,""best_mass_is_minimum"":false}"
planet,NASA_EXOPLANET_ARCHIVE,HD 20794 f,HD 20794 f,d5ef748c-a083-4eb7-877e-1534d5be60e0,HD 20794,49.9997666,-43.0666533,19.578427,,2.28,,647.6,215,2025,Radial Velocity,Nari et al. 2025,2103347089,rocky,2026-09-18T14:51:26.782Z,"{""pl_name"":""HD 20794 f"",""hostname"":""HD 20794"",""gaia_dr3_id"":""Gaia DR3 4847957293278177024"",""ra"":49.9997666,""dec"":-43.0666533,""sy_dist"":6.00278,""sy_gaiamag"":4.06635,""pl_rade"":2.28,""pl_radelim"":0,""pl_bmasse"":5.82,""pl_bmasselim"":0,""pl_bmassprov"":""Msini"",""pl_orbper"":647.6,""pl_orbperlim"":0,""pl_orbsmax"":1.3541,""pl_eqt"":214.52,""pl_eqtlim"":0,""disc_year"":2025,""discoverymethod"":""Radial Velocity"",""disc_refname"":""<a refstr=NARI_ET_AL_2025 href=https://ui.adsabs.harvard.edu/abs/2025A&A...693A.297N/abstract target=ref>Nari et al. 2025</a>"",""import_batch"":""astralys_nasa_confirmed_planets_20260918"",""discovery_status"":""confirmed"",""table"":""pscomppars"",""gaia_host_source_id"":""4847957293278177024"",""orbit_order"":4,""retrieved_at"":""2026-09-18T14:51:26.782Z"",""sky_position_kind"":""host_system_direction"",""visual_is_interpretation"":true,""best_mass_is_minimum"":true}"
planet,NASA_EXOPLANET_ARCHIVE,HD 105618 b,HD 105618 b,ff2259b9-54f2-4965-927b-2b78662ebd2d,HD 105618,182.4021288,11.2115695,228.582193,,5.44,,10.02245,1023,2022,Radial Velocity,Feng et al. 2022,1264354927,gas,2026-09-18T14:51:26.782Z,"{""pl_name"":""HD 105618 b"",""hostname"":""HD 105618"",""gaia_dr3_id"":""Gaia DR3 3906803888551408000"",""ra"":182.4021288,""dec"":11.2115695,""sy_dist"":70.0837,""sy_gaiamag"":8.46692,""pl_rade"":5.44,""pl_radelim"":0,""pl_bmasse"":25.42627256,""pl_bmasselim"":0,""pl_bmassprov"":""Msini"",""pl_orbper"":10.02245,""pl_orbperlim"":0,""pl_orbsmax"":0.091,""pl_eqt"":1023.19,""pl_eqtlim"":0,""disc_year"":2022,""discoverymethod"":""Radial Velocity"",""disc_refname"":""<a refstr=FENG_ET_AL__2022 href=https://ui.adsabs.harvard.edu/abs/2022ApJS..262...21F/abstract target=ref>Feng et al. 2022</a>"",""import_batch"":""astralys_nasa_confirmed_planets_20260918"",""discovery_status"":""confirmed"",""table"":""pscomppars"",""gaia_host_source_id"":""3906803888551408000"",""orbit_order"":1,""retrieved_at"":""2026-09-18T14:51:26.782Z"",""sky_position_kind"":""host_system_direction"",""visual_is_interpretation"":true,""best_mass_is_minimum"":true}"
planet,NASA_EXOPLANET_ARCHIVE,HD 154088 b,HD 154088 b,fd521f50-f308-42df-af23-48c432eae1fa,HD 154088,256.1164214,-28.5838342,59.586092,,2.46,,18.56,690,2021,Radial Velocity,Unger et al. 2021,1138079416,rocky,2026-09-18T14:51:26.782Z,"{""pl_name"":""HD 154088 b"",""hostname"":""HD 154088"",""gaia_dr3_id"":""Gaia DR3 6029992663310612096"",""ra"":256.1164214,""dec"":-28.5838342,""sy_dist"":18.2692,""sy_gaiamag"":6.36693,""pl_rade"":2.46,""pl_radelim"":0,""pl_bmasse"":6.6,""pl_bmasselim"":0,""pl_bmassprov"":""Msini"",""pl_orbper"":18.56,""pl_orbperlim"":0,""pl_orbsmax"":0.134,""pl_eqt"":689.99,""pl_eqtlim"":0,""disc_year"":2021,""discoverymethod"":""Radial Velocity"",""disc_refname"":""<a refstr=UNGER_ET_AL__2021 href=https://ui.adsabs.harvard.edu/abs/2021A&A...654A.104U/abstract target=ref>Unger et al. 2021</a>"",""import_batch"":""astralys_nasa_confirmed_planets_20260918"",""discovery_status"":""confirmed"",""table"":""pscomppars"",""gaia_host_source_id"":""6029992663310612096"",""orbit_order"":1,""retrieved_at"":""2026-09-18T14:51:26.782Z"",""sky_position_kind"":""host_system_direction"",""visual_is_interpretation"":true,""best_mass_is_minimum"":true}"
planet,NASA_EXOPLANET_ARCHIVE,HD 29399 b,HD 29399 b,4ee161f3-eb22-4784-a7df-572499c87648,HD 29399,68.3903471,-62.8237576,144.003745,,13.5,,892.7,358,2022,Radial Velocity,Pezzotti et al. 2022,341189347,gas,2026-09-18T14:51:26.782Z,"{""pl_name"":""HD 29399 b"",""hostname"":""HD 29399"",""gaia_dr3_id"":""Gaia DR3 4675576135153914368"",""ra"":68.3903471,""dec"":-62.8237576,""sy_dist"":44.1518,""sy_gaiamag"":5.50503,""pl_rade"":13.5,""pl_radelim"":0,""pl_bmasse"":498.99059899,""pl_bmasselim"":0,""pl_bmassprov"":""Msini"",""pl_orbper"":892.7,""pl_orbperlim"":0,""pl_orbsmax"":1.913,""pl_eqt"":358.32,""pl_eqtlim"":0,""disc_year"":2022,""discoverymethod"":""Radial Velocity"",""disc_refname"":""<a refstr=PEZZOTTI_ET_AL__2022 href=https://ui.adsabs.harvard.edu/abs/2022A&A...657A..89P/abstract target=ref>Pezzotti et al. 2022</a>"",""import_batch"":""astralys_nasa_confirmed_planets_20260918"",""discovery_status"":""confirmed"",""table"":""pscomppars"",""gaia_host_source_id"":""4675576135153914368"",""orbit_order"":1,""retrieved_at"":""2026-09-18T14:51:26.782Z"",""sky_position_kind"":""host_system_direction"",""visual_is_interpretation"":true,""best_mass_is_minimum"":true}"
planet,NASA_EXOPLANET_ARCHIVE,eps Ind A b,eps Ind A b,19a1fec6-cec6-4dd5-872b-051f0c4a9f63,eps Ind A,330.8714021,-56.7969023,11.867414,,12.7,2065.8846455,25450,275,2019,Radial Velocity,Feng et al. 2019,909014645,gas,2026-09-18T14:51:26.782Z,"{""pl_name"":""eps Ind A b"",""hostname"":""eps Ind A"",""gaia_dr3_id"":""Gaia DR3 6412595290592307840"",""ra"":330.8714021,""dec"":-56.7969023,""sy_dist"":3.63857,""sy_gaiamag"":4.34562,""pl_rade"":12.7,""pl_radelim"":0,""pl_bmasse"":2065.8846455,""pl_bmasselim"":0,""pl_bmassprov"":""Mass"",""pl_orbper"":25450,""pl_orbperlim"":0,""pl_orbsmax"":15.76,""pl_eqt"":275,""pl_eqtlim"":0,""disc_year"":2019,""discoverymethod"":""Radial Velocity"",""disc_refname"":""<a refstr=FENG_ET_AL__2019 href=https://ui.adsabs.harvard.edu/abs/2019MNRAS.490.5002F/abstract target=ref>Feng et al. 2019</a>"",""import_batch"":""astralys_nasa_confirmed_planets_20260918"",""discovery_status"":""confirmed"",""table"":""pscomppars"",""gaia_host_source_id"":""6412595290592307840"",""orbit_order"":1,""retrieved_at"":""2026-09-18T14:51:26.782Z"",""sky_position_kind"":""host_system_direction"",""visual_is_interpretation"":true,""best_mass_is_minimum"":false}"
planet,NASA_EXOPLANET_ARCHIVE,HD 98736 b,HD 98736 b,455f79a1-b2ac-44f8-93dd-4fe28433a970,HD 98736,170.4549045,18.1896082,105.82425,,13.3,,968.8,180,2018,Radial Velocity,Ment et al. 2018,2098009705,gas,2026-09-18T14:51:26.782Z,"{""pl_name"":""HD 98736 b"",""hostname"":""HD 98736"",""gaia_dr3_id"":""Gaia DR3 3977050728669174912"",""ra"":170.4549045,""dec"":18.1896082,""sy_dist"":32.4459,""sy_gaiamag"":7.75446,""pl_rade"":13.3,""pl_radelim"":0,""pl_bmasse"":740.5439,""pl_bmasselim"":0,""pl_bmassprov"":""Msini"",""pl_orbper"":968.8,""pl_orbperlim"":0,""pl_orbsmax"":1.864,""pl_eqt"":179.53,""pl_eqtlim"":0,""disc_year"":2018,""discoverymethod"":""Radial Velocity"",""disc_refname"":""<a refstr=MENT_ET_AL__2018 href=https://ui.adsabs.harvard.edu/abs/2018AJ....156..213M/abstract target=ref>Ment et al. 2018</a>"",""import_batch"":""astralys_nasa_confirmed_planets_20260918"",""discovery_status"":""confirmed"",""table"":""pscomppars"",""gaia_host_source_id"":""3977050728669174912"",""orbit_order"":1,""retrieved_at"":""2026-09-18T14:51:26.782Z"",""sky_position_kind"":""host_system_direction"",""visual_is_interpretation"":true,""best_mass_is_minimum"":true}"
planet,NASA_EXOPLANET_ARCHIVE,GJ 393 b,GJ 393 b,cdb3072c-d2f6-411b-b284-e31ab1cdeb1d,GJ 393,157.2288672,0.8378485,22.933627,,1.17,,7.02679,485,2021,Radial Velocity,Amado et al. 2021,780817759,rocky,2026-09-18T14:51:26.782Z,"{""pl_name"":""GJ 393 b"",""hostname"":""GJ 393"",""gaia_dr3_id"":""Gaia DR3 3855208897392952192"",""ra"":157.2288672,""dec"":0.8378485,""sy_dist"":7.03149,""sy_gaiamag"":8.67373,""pl_rade"":1.17,""pl_radelim"":0,""pl_bmasse"":1.71,""pl_bmasselim"":0,""pl_bmassprov"":""Msini"",""pl_orbper"":7.02679,""pl_orbperlim"":0,""pl_orbsmax"":0.05402,""pl_eqt"":485,""pl_eqtlim"":0,""disc_year"":2021,""discoverymethod"":""Radial Velocity"",""disc_refname"":""<a refstr=AMADO_ET_AL__2021 href=https://ui.adsabs.harvard.edu/abs/2021A&A...650A.188A/abstract target=ref>Amado et al. 2021</a>"",""import_batch"":""astralys_nasa_confirmed_planets_20260918"",""discovery_status"":""confirmed"",""table"":""pscomppars"",""gaia_host_source_id"":""3855208897392952192"",""orbit_order"":1,""retrieved_at"":""2026-09-18T14:51:26.782Z"",""sky_position_kind"":""host_system_direction"",""visual_is_interpretation"":true,""best_mass_is_minimum"":true}"
planet,NASA_EXOPLANET_ARCHIVE,HD 99492 c,HD 99492 c,38aefcdb-ca18-4bdf-92ee-41519a86af34,HD 99492,171.689687,3.0071331,59.372786,,4.42,,95.233,,2023,Radial Velocity,Stalport et al. 2023,540020965,gas,2026-09-18T14:51:26.782Z,"{""pl_name"":""HD 99492 c"",""hostname"":""HD 99492"",""gaia_dr3_id"":""Gaia DR3 3812355294262255104"",""ra"":171.689687,""dec"":3.0071331,""sy_dist"":18.2038,""sy_gaiamag"":7.26005,""pl_rade"":4.42,""pl_radelim"":0,""pl_bmasse"":17.9,""pl_bmasselim"":0,""pl_bmassprov"":""Msini"",""pl_orbper"":95.233,""pl_orbperlim"":0,""pl_orbsmax"":null,""pl_eqt"":null,""pl_eqtlim"":null,""disc_year"":2023,""discoverymethod"":""Radial Velocity"",""disc_refname"":""<a refstr=STALPORT_ET_AL_2023 href=https://ui.adsabs.harvard.edu/abs/2023A&A...678A..90S/abstract target=ref>Stalport et al. 2023</a>"",""import_batch"":""astralys_nasa_confirmed_planets_20260918"",""discovery_status"":""confirmed"",""table"":""pscomppars"",""gaia_host_source_id"":""3812355294262255104"",""orbit_order"":2,""retrieved_at"":""2026-09-18T14:51:26.782Z"",""sky_position_kind"":""host_system_direction"",""visual_is_interpretation"":true,""best_mass_is_minimum"":true}"
planet,NASA_EXOPLANET_ARCHIVE,HIP 39330 b,HIP 39330 b,843289c6-9564-4ce9-8ff7-5c2ec8572d53,HIP 39330,120.6116831,-46.3353155,118.707085,,13.5,530.77343969,4650,125,2026,Radial Velocity,Pe&ntilde;a et al. 2026,1042583618,gas,2026-09-18T14:51:26.782Z,"{""pl_name"":""HIP 39330 b"",""hostname"":""HIP 39330"",""gaia_dr3_id"":""Gaia DR3 5518807064384744832"",""ra"":120.6116831,""dec"":-46.3353155,""sy_dist"":36.3958,""sy_gaiamag"":7.35423,""pl_rade"":13.5,""pl_radelim"":0,""pl_bmasse"":530.77343969,""pl_bmasselim"":0,""pl_bmassprov"":""Mass"",""pl_orbper"":4650,""pl_orbperlim"":0,""pl_orbsmax"":5.05,""pl_eqt"":125.05,""pl_eqtlim"":0,""disc_year"":2026,""discoverymethod"":""Radial Velocity"",""disc_refname"":""<a refstr=PENA_ET_AL_2026 href=https://ui.adsabs.harvard.edu/abs/2026A&A...709A.213P/abstract target=ref>Pe&ntilde;a et al. 2026</a>"",""import_batch"":""astralys_nasa_confirmed_planets_20260918"",""discovery_status"":""confirmed"",""table"":""pscomppars"",""gaia_host_source_id"":""5518807064384744832"",""orbit_order"":1,""retrieved_at"":""2026-09-18T14:51:26.782Z"",""sky_position_kind"":""host_system_direction"",""visual_is_interpretation"":true,""best_mass_is_minimum"":false}"
planet,NASA_EXOPLANET_ARCHIVE,HD 63765 b,HD 63765 b,4e863fc0-dd68-4139-b570-70ace1a293d9,HD 63765,116.9582617,-54.265345,106.123335,,14.2,,358,247,2011,Radial Velocity, S&eacute;gransan et al. 2011 ,2060860023,gas,2026-09-18T14:51:26.782Z,"{""pl_name"":""HD 63765 b"",""hostname"":""HD 63765"",""gaia_dr3_id"":""Gaia DR3 5488567574038257280"",""ra"":116.9582617,""dec"":-54.265345,""sy_dist"":32.5376,""sy_gaiamag"":7.90983,""pl_rade"":14.2,""pl_radelim"":0,""pl_bmasse"":168.4499,""pl_bmasselim"":0,""pl_bmassprov"":""Msini"",""pl_orbper"":358,""pl_orbperlim"":0,""pl_orbsmax"":0.94,""pl_eqt"":246.9,""pl_eqtlim"":0,""disc_year"":2011,""discoverymethod"":""Radial Velocity"",""disc_refname"":""<a refstr=SEGRANSAN_ET_AL__2011 href=https://ui.adsabs.harvard.edu/abs/2011A%26A...535A..54S/abstract target=ref> S&eacute;gransan et al. 2011 </a>"",""import_batch"":""astralys_nasa_confirmed_planets_20260918"",""discovery_status"":""confirmed"",""table"":""pscomppars"",""gaia_host_source_id"":""5488567574038257280"",""orbit_order"":1,""retrieved_at"":""2026-09-18T14:51:26.782Z"",""sky_position_kind"":""host_system_direction"",""visual_is_interpretation"":true,""best_mass_is_minimum"":true}"
planet,NASA_EXOPLANET_ARCHIVE,HD 143105 b,HD 143105 b,5adb7226-cbd0-4898-9f4c-68a3769753db,HD 143105,238.4023547,68.7199779,152.572189,,13.7,,2.1974,2028,2016,Radial Velocity,H&eacute;brard et al. 2016,1618674683,gas,2026-09-18T14:51:26.782Z,"{""pl_name"":""HD 143105 b"",""hostname"":""HD 143105"",""gaia_dr3_id"":""Gaia DR3 1646538011423566464"",""ra"":238.4023547,""dec"":68.7199779,""sy_dist"":46.7789,""sy_gaiamag"":6.62583,""pl_rade"":13.7,""pl_radelim"":0,""pl_bmasse"":384.5743,""pl_bmasselim"":0,""pl_bmassprov"":""Msini"",""pl_orbper"":2.1974,""pl_orbperlim"":0,""pl_orbsmax"":0.0379,""pl_eqt"":2028.25,""pl_eqtlim"":0,""disc_year"":2016,""discoverymethod"":""Radial Velocity"",""disc_refname"":""<a refstr=H_EACUTE_BRARD_ET_AL__2016 href=https://ui.adsabs.harvard.edu/abs/2016A&A...588A.145H/abstract target=ref>H&eacute;brard et al. 2016</a>"",""import_batch"":""astralys_nasa_confirmed_planets_20260918"",""discovery_status"":""confirmed"",""table"":""pscomppars"",""gaia_host_source_id"":""1646538011423566464"",""orbit_order"":1,""retrieved_at"":""2026-09-18T14:51:26.782Z"",""sky_position_kind"":""host_system_direction"",""visual_is_interpretation"":true,""best_mass_is_minimum"":true}"
planet,NASA_EXOPLANET_ARCHIVE,HD 33283 b,HD 33283 b,e3d55a9d-56f9-4b64-8ca9-1827363e3235,HD 33283,77.0044889,-26.7976689,293.091283,,12.5,,18.1991,1034,2006,Radial Velocity, Johnson et al. 2006 ,608031510,gas,2026-09-18T14:51:26.782Z,"{""pl_name"":""HD 33283 b"",""hostname"":""HD 33283"",""gaia_dr3_id"":""Gaia DR3 2955981936912654592"",""ra"":77.0044889,""dec"":-26.7976689,""sy_dist"":89.8623,""sy_gaiamag"":7.89933,""pl_rade"":12.5,""pl_radelim"":0,""pl_bmasse"":104.56607,""pl_bmasselim"":0,""pl_bmassprov"":""Msini"",""pl_orbper"":18.1991,""pl_orbperlim"":0,""pl_orbsmax"":0.1508,""pl_eqt"":1034.4,""pl_eqtlim"":0,""disc_year"":2006,""discoverymethod"":""Radial Velocity"",""disc_refname"":""<a refstr=JOHNSON_ET_AL__2006 href=https://ui.adsabs.harvard.edu/abs/2006ApJ...647..600J/abstract target=ref> Johnson et al. 2006 </a>"",""import_batch"":""astralys_nasa_confirmed_planets_20260918"",""discovery_status"":""confirmed"",""table"":""pscomppars"",""gaia_host_source_id"":""2955981936912654592"",""orbit_order"":1,""retrieved_at"":""2026-09-18T14:51:26.782Z"",""sky_position_kind"":""host_system_direction"",""visual_is_interpretation"":true,""best_mass_is_minimum"":true}"
planet,NASA_EXOPLANET_ARCHIVE,HD 159868 c,HD 159868 c,1ec41864-8ff3-4e22-a8be-2572232f4adf,HD 159868,264.7466665,-43.1462347,182.159104,,14,,351,383,2012,Radial Velocity, Wittenmyer et al. 2012 ,1042619836,gas,2026-09-18T14:51:26.782Z,"{""pl_name"":""HD 159868 c"",""hostname"":""HD 159868"",""gaia_dr3_id"":""Gaia DR3 5955841736510622208"",""ra"":264.7466665,""dec"":-43.1462347,""sy_dist"":55.8503,""sy_gaiamag"":7.04579,""pl_rade"":14,""pl_radelim"":0,""pl_bmasse"":244.09344,""pl_bmasselim"":0,""pl_bmassprov"":""Msini"",""pl_orbper"":351,""pl_orbperlim"":0,""pl_orbsmax"":1.032,""pl_eqt"":383.37,""pl_eqtlim"":0,""disc_year"":2012,""discoverymethod"":""Radial Velocity"",""disc_refname"":""<a refstr=WITTENMYER_ET_AL__2012 href=https://ui.adsabs.harvard.edu/abs/2012ApJ...753..169W/abstract target=ref> Wittenmyer et al. 2012 </a>"",""import_batch"":""astralys_nasa_confirmed_planets_20260918"",""discovery_status"":""confirmed"",""table"":""pscomppars"",""gaia_host_source_id"":""5955841736510622208"",""orbit_order"":1,""retrieved_at"":""2026-09-18T14:51:26.782Z"",""sky_position_kind"":""host_system_direction"",""visual_is_interpretation"":true,""best_mass_is_minimum"":true}"
planet,NASA_EXOPLANET_ARCHIVE,HIP 111909 b,HIP 111909 b,58340aae-5e1a-4271-ae6a-9970b86339eb,HIP 111909,340.0304354,-49.5985391,287.26842,,13.7,,487.08,437,2025,Radial Velocity,Jenkins et al. 2025,473388764,gas,2026-09-18T14:51:26.782Z,"{""pl_name"":""HIP 111909 b"",""hostname"":""HIP 111909"",""gaia_dr3_id"":""Gaia DR3 6517272336609082880"",""ra"":340.0304354,""dec"":-49.5985391,""sy_dist"":88.077,""sy_gaiamag"":7.09697,""pl_rade"":13.7,""pl_radelim"":0,""pl_bmasse"":384.57237247,""pl_bmasselim"":0,""pl_bmassprov"":""Msini"",""pl_orbper"":487.08,""pl_orbperlim"":0,""pl_orbsmax"":1.32,""pl_eqt"":436.91,""pl_eqtlim"":0,""disc_year"":2025,""discoverymethod"":""Radial Velocity"",""disc_refname"":""<a refstr=JENKINS_ET_AL_2025 href=https://ui.adsabs.harvard.edu/abs/2025A&A...704A.283J/abstract target=ref>Jenkins et al. 2025</a>"",""import_batch"":""astralys_nasa_confirmed_planets_20260918"",""discovery_status"":""confirmed"",""table"":""pscomppars"",""gaia_host_source_id"":""6517272336609082880"",""orbit_order"":1,""retrieved_at"":""2026-09-18T14:51:26.782Z"",""sky_position_kind"":""host_system_direction"",""visual_is_interpretation"":true,""best_mass_is_minimum"":true}"
planet,NASA_EXOPLANET_ARCHIVE,HD 37605 b,HD 37605 b,b8483a6a-25d2-415b-b059-8d935ec2eae2,HD 37605,85.0074276,6.0595116,152.596651,,13.2,,55.01292,466,2004,Radial Velocity, Cochran et al. 2004 ,1627309932,gas,2026-09-18T14:51:26.782Z,"{""pl_name"":""HD 37605 b"",""hostname"":""HD 37605"",""gaia_dr3_id"":""Gaia DR3 3332911492327546368"",""ra"":85.0074276,""dec"":6.0595116,""sy_dist"":46.7864,""sy_gaiamag"":8.46192,""pl_rade"":13.2,""pl_radelim"":0,""pl_bmasse"":854.9627,""pl_bmasselim"":0,""pl_bmassprov"":""Msini"",""pl_orbper"":55.01292,""pl_orbperlim"":0,""pl_orbsmax"":0.277,""pl_eqt"":465.76,""pl_eqtlim"":0,""disc_year"":2004,""discoverymethod"":""Radial Velocity"",""disc_refname"":""<a refstr=COCHRAN_ET_AL__2004 href=https://ui.adsabs.harvard.edu/abs/2004ApJ...611L.133C/abstract target=ref> Cochran et al. 2004 </a>"",""import_batch"":""astralys_nasa_confirmed_planets_20260918"",""discovery_status"":""confirmed"",""table"":""pscomppars"",""gaia_host_source_id"":""3332911492327546368"",""orbit_order"":1,""retrieved_at"":""2026-09-18T14:51:26.782Z"",""sky_position_kind"":""host_system_direction"",""visual_is_interpretation"":true,""best_mass_is_minimum"":true}"
planet,NASA_EXOPLANET_ARCHIVE,HD 23079 c,HD 23079 c,87c7ea48-10f1-420f-873e-8a6ebd172007,HD 23079,54.9281897,-52.9162344,109.128862,,2.8,,5.748913,,2025,Radial Velocity,Delisle et al. 2025,134632069,rocky,2026-09-18T14:51:26.782Z,"{""pl_name"":""HD 23079 c"",""hostname"":""HD 23079"",""gaia_dr3_id"":""Gaia DR3 4733035238430992768"",""ra"":54.9281897,""dec"":-52.9162344,""sy_dist"":33.4591,""sy_gaiamag"":6.96235,""pl_rade"":2.8,""pl_radelim"":0,""pl_bmasse"":8.26,""pl_bmasselim"":0,""pl_bmassprov"":""Msini"",""pl_orbper"":5.748913,""pl_orbperlim"":0,""pl_orbsmax"":null,""pl_eqt"":null,""pl_eqtlim"":null,""disc_year"":2025,""discoverymethod"":""Radial Velocity"",""disc_refname"":""<a refstr=DELISLE_ET_AL_2025 href=https://ui.adsabs.harvard.edu/abs/2025A&A...703A..78D/abstract target=ref>Delisle et al. 2025</a>"",""import_batch"":""astralys_nasa_confirmed_planets_20260918"",""discovery_status"":""confirmed"",""table"":""pscomppars"",""gaia_host_source_id"":""4733035238430992768"",""orbit_order"":1,""retrieved_at"":""2026-09-18T14:51:26.782Z"",""sky_position_kind"":""host_system_direction"",""visual_is_interpretation"":true,""best_mass_is_minimum"":true}"
planet,NASA_EXOPLANET_ARCHIVE,GJ 887 b,GJ 887 b,cc13766a-38fb-4d92-a0fb-423902dfc4dc,GJ 887,346.5027573,-35.8473489,10.720063,,1.8,,9.2619,426,2020,Radial Velocity,Jeffers et al. 2020,103471524,rocky,2026-09-18T14:51:26.782Z,"{""pl_name"":""GJ 887 b"",""hostname"":""GJ 887"",""gaia_dr3_id"":""Gaia DR3 6553614253923452800"",""ra"":346.5027573,""dec"":-35.8473489,""sy_dist"":3.28679,""sy_gaiamag"":6.52199,""pl_rade"":1.8,""pl_radelim"":0,""pl_bmasse"":3.9,""pl_bmasselim"":0,""pl_bmassprov"":""Msini"",""pl_orbper"":9.2619,""pl_orbperlim"":0,""pl_orbsmax"":0.0683,""pl_eqt"":426,""pl_eqtlim"":0,""disc_year"":2020,""discoverymethod"":""Radial Velocity"",""disc_refname"":""<a refstr=JEFFERS_ET_AL__2020 href=https://ui.adsabs.harvard.edu/abs/2020Sci...368.1477J/abstract target=ref>Jeffers et al. 2020</a>"",""import_batch"":""astralys_nasa_confirmed_planets_20260918"",""discovery_status"":""confirmed"",""table"":""pscomppars"",""gaia_host_source_id"":""6553614253923452800"",""orbit_order"":2,""retrieved_at"":""2026-09-18T14:51:26.782Z"",""sky_position_kind"":""host_system_direction"",""visual_is_interpretation"":true,""best_mass_is_minimum"":true}"
planet,NASA_EXOPLANET_ARCHIVE,HD 222076 b,HD 222076 b,e414dd4b-c5e4-4269-bfdd-171ed040f204,HD 222076,354.531982,-70.9032461,297.303588,,13.5,,871,347,2016,Radial Velocity,Wittenmyer et al. 2017,1796261459,gas,2026-09-18T14:51:26.782Z,"{""pl_name"":""HD 222076 b"",""hostname"":""HD 222076"",""gaia_dr3_id"":""Gaia DR3 6386468454774591744"",""ra"":354.531982,""dec"":-70.9032461,""sy_dist"":91.1538,""sy_gaiamag"":7.18755,""pl_rade"":13.5,""pl_radelim"":0,""pl_bmasse"":495.8148,""pl_bmasselim"":0,""pl_bmassprov"":""Msini"",""pl_orbper"":871,""pl_orbperlim"":0,""pl_orbsmax"":1.83,""pl_eqt"":346.88,""pl_eqtlim"":0,""disc_year"":2016,""discoverymethod"":""Radial Velocity"",""disc_refname"":""<a refstr=WITTENMYER_ET_AL__2017 href=https://ui.adsabs.harvard.edu/abs/2017AJ....153...51W/abstract target=ref>Wittenmyer et al. 2017</a>"",""import_batch"":""astralys_nasa_confirmed_planets_20260918"",""discovery_status"":""confirmed"",""table"":""pscomppars"",""gaia_host_source_id"":""6386468454774591744"",""orbit_order"":1,""retrieved_at"":""2026-09-18T14:51:26.782Z"",""sky_position_kind"":""host_system_direction"",""visual_is_interpretation"":true,""best_mass_is_minimum"":true}"
planet,NASA_EXOPLANET_ARCHIVE,HD 221585 b,HD 221585 b,7a698d7f-8c98-42a0-8696-7d30278ad47c,HD 221585,353.2293802,63.1556146,182.169541,,13.5,,1173,243,2016,Radial Velocity,D&iacute;az et al. 2016,2055981237,gas,2026-09-18T14:51:26.782Z,"{""pl_name"":""HD 221585 b"",""hostname"":""HD 221585"",""gaia_dr3_id"":""Gaia DR3 2016655237613545728"",""ra"":353.2293802,""dec"":63.1556146,""sy_dist"":55.8535,""sy_gaiamag"":7.28128,""pl_rade"":13.5,""pl_radelim"":0,""pl_bmasse"":511.7063,""pl_bmasselim"":0,""pl_bmassprov"":""Msini"",""pl_orbper"":1173,""pl_orbperlim"":0,""pl_orbsmax"":2.306,""pl_eqt"":242.77,""pl_eqtlim"":0,""disc_year"":2016,""discoverymethod"":""Radial Velocity"",""disc_refname"":""<a refstr=D_IACUTE_AZ_ET_AL__2016 href=https://ui.adsabs.harvard.edu/abs/2016A&A...591A.146D/abstract target=ref>D&iacute;az et al. 2016</a>"",""import_batch"":""astralys_nasa_confirmed_planets_20260918"",""discovery_status"":""confirmed"",""table"":""pscomppars"",""gaia_host_source_id"":""2016655237613545728"",""orbit_order"":1,""retrieved_at"":""2026-09-18T14:51:26.782Z"",""sky_position_kind"":""host_system_direction"",""visual_is_interpretation"":true,""best_mass_is_minimum"":true}"
planet,NASA_EXOPLANET_ARCHIVE,HD 22496 b,HD 22496 b,6eab9ef4-2d15-4e35-9da3-3554845bd86b,HD 22496,53.7565398,-48.4178173,44.342865,,2.22,,5.09071,573,2021,Radial Velocity,Lillo-Box et al. 2021,1272054953,rocky,2026-09-18T14:51:26.782Z,"{""pl_name"":""HD 22496 b"",""hostname"":""HD 22496"",""gaia_dr3_id"":""Gaia DR3 4833654227548585856"",""ra"":53.7565398,""dec"":-48.4178173,""sy_dist"":13.5956,""sy_gaiamag"":8.01945,""pl_rade"":2.22,""pl_radelim"":0,""pl_bmasse"":5.57,""pl_bmasselim"":0,""pl_bmassprov"":""Msini"",""pl_orbper"":5.09071,""pl_orbperlim"":0,""pl_orbsmax"":0.051,""pl_eqt"":573,""pl_eqtlim"":0,""disc_year"":2021,""discoverymethod"":""Radial Velocity"",""disc_refname"":""<a refstr=LILLO_BOX_ET_AL__2021 href=https://ui.adsabs.harvard.edu/abs/2021A&A...654A..60L/abstract target=ref>Lillo-Box et al. 2021</a>"",""import_batch"":""astralys_nasa_confirmed_planets_20260918"",""discovery_status"":""confirmed"",""table"":""pscomppars"",""gaia_host_source_id"":""4833654227548585856"",""orbit_order"":1,""retrieved_at"":""2026-09-18T14:51:26.782Z"",""sky_position_kind"":""host_system_direction"",""visual_is_interpretation"":true,""best_mass_is_minimum"":true}"
planet,NASA_EXOPLANET_ARCHIVE,HD 210277 b,HD 210277 b,9723c6fc-f9bb-4c1f-8e25-005b6a7c16f9,HD 210277,332.3748117,-7.5505962,69.466336,,13.6,,442.19,260,1998,Radial Velocity, Marcy et al. 1999 ,315619160,gas,2026-09-18T14:51:26.782Z,"{""pl_name"":""HD 210277 b"",""hostname"":""HD 210277"",""gaia_dr3_id"":""Gaia DR3 2619706544757416192"",""ra"":332.3748117,""dec"":-7.5505962,""sy_dist"":21.2985,""sy_gaiamag"":6.34701,""pl_rade"":13.6,""pl_radelim"":0,""pl_bmasse"":410.0007,""pl_bmasselim"":0,""pl_bmassprov"":""Msini"",""pl_orbper"":442.19,""pl_orbperlim"":0,""pl_orbsmax"":1.13,""pl_eqt"":259.86,""pl_eqtlim"":0,""disc_year"":1998,""discoverymethod"":""Radial Velocity"",""disc_refname"":""<a refstr=MARCY_ET_AL__1999 href=https://ui.adsabs.harvard.edu/abs/1999ApJ...520..239M/abstract target=ref> Marcy et al. 1999 </a>"",""import_batch"":""astralys_nasa_confirmed_planets_20260918"",""discovery_status"":""confirmed"",""table"":""pscomppars"",""gaia_host_source_id"":""2619706544757416192"",""orbit_order"":1,""retrieved_at"":""2026-09-18T14:51:26.782Z"",""sky_position_kind"":""host_system_direction"",""visual_is_interpretation"":true,""best_mass_is_minimum"":true}"
planet,NASA_EXOPLANET_ARCHIVE,ups And c,ups And c,a1f069c8-883b-4b87-8799-4c772c0caeec,ups And,24.1983534,41.4038147,43.722516,,12.3,4443.24112986,241.258,408,1999,Radial Velocity, Butler et al. 1999 ,255985461,gas,2026-09-18T14:51:26.782Z,"{""pl_name"":""ups And c"",""hostname"":""ups And"",""gaia_dr3_id"":""Gaia DR3 348020482735930112"",""ra"":24.1983534,""dec"":41.4038147,""sy_dist"":13.4054,""sy_gaiamag"":3.98687,""pl_rade"":12.3,""pl_radelim"":0,""pl_bmasse"":4443.24112986,""pl_bmasselim"":0,""pl_bmassprov"":""Mass"",""pl_orbper"":241.258,""pl_orbperlim"":0,""pl_orbsmax"":0.827774,""pl_eqt"":407.56,""pl_eqtlim"":0,""disc_year"":1999,""discoverymethod"":""Radial Velocity"",""disc_refname"":""<a refstr=BUTLER_ET_AL__1999 href=https://ui.adsabs.harvard.edu/abs/1999ApJ...526..916B/abstract target=ref> Butler et al. 1999 </a>"",""import_batch"":""astralys_nasa_confirmed_planets_20260918"",""discovery_status"":""confirmed"",""table"":""pscomppars"",""gaia_host_source_id"":""348020482735930112"",""orbit_order"":2,""retrieved_at"":""2026-09-18T14:51:26.782Z"",""sky_position_kind"":""host_system_direction"",""visual_is_interpretation"":true,""best_mass_is_minimum"":false}"
planet,NASA_EXOPLANET_ARCHIVE,HD 200964 c,HD 200964 c,3a363da0-ea5f-44b4-834c-17e73406cc2f,HD 200964,316.6664183,3.8033357,236.763816,,13.7,,852.5,381,2010,Radial Velocity, Johnson et al. 2010 ,578510557,gas,2026-09-18T14:51:26.782Z,"{""pl_name"":""HD 200964 c"",""hostname"":""HD 200964"",""gaia_dr3_id"":""Gaia DR3 1732018855730384256"",""ra"":316.6664183,""dec"":3.8033357,""sy_dist"":72.5922,""sy_gaiamag"":6.23723,""pl_rade"":13.7,""pl_radelim"":0,""pl_bmasse"":385.84562,""pl_bmasselim"":0,""pl_bmassprov"":""Msini"",""pl_orbper"":852.5,""pl_orbperlim"":0,""pl_orbsmax"":1.96,""pl_eqt"":380.62,""pl_eqtlim"":0,""disc_year"":2010,""discoverymethod"":""Radial Velocity"",""disc_refname"":""<a refstr=JOHNSON_ET_AL__2010 href=https://ui.adsabs.harvard.edu/abs/2010arXiv1007.4552J/abstract target=ref> Johnson et al. 2010 </a>"",""import_batch"":""astralys_nasa_confirmed_planets_20260918"",""discovery_status"":""confirmed"",""table"":""pscomppars"",""gaia_host_source_id"":""1732018855730384256"",""orbit_order"":2,""retrieved_at"":""2026-09-18T14:51:26.782Z"",""sky_position_kind"":""host_system_direction"",""visual_is_interpretation"":true,""best_mass_is_minimum"":true}"
planet,NASA_EXOPLANET_ARCHIVE,HD 37124 b,HD 37124 b,d5b7dd06-d7dd-4281-ab53-1cb8de8c661b,HD 37124,84.2599947,20.7289784,103.272079,,14,,154.378,366,2002,Radial Velocity, Butler et al. 2003 ,1782286364,gas,2026-09-18T14:51:26.782Z,"{""pl_name"":""HD 37124 b"",""hostname"":""HD 37124"",""gaia_dr3_id"":""Gaia DR3 3402798414192387328"",""ra"":84.2599947,""dec"":20.7289784,""sy_dist"":31.6634,""sy_gaiamag"":7.47238,""pl_rade"":14,""pl_radelim"":0,""pl_bmasse"":214.53525,""pl_bmasselim"":0,""pl_bmassprov"":""Msini"",""pl_orbper"":154.378,""pl_orbperlim"":0,""pl_orbsmax"":0.53364,""pl_eqt"":366.48,""pl_eqtlim"":0,""disc_year"":2002,""discoverymethod"":""Radial Velocity"",""disc_refname"":""<a refstr=BUTLER_ET_AL__2003 href=https://ui.adsabs.harvard.edu/abs/2003ApJ...582..455B/abstract target=ref> Butler et al. 2003 </a>"",""import_batch"":""astralys_nasa_confirmed_planets_20260918"",""discovery_status"":""confirmed"",""table"":""pscomppars"",""gaia_host_source_id"":""3402798414192387328"",""orbit_order"":1,""retrieved_at"":""2026-09-18T14:51:26.782Z"",""sky_position_kind"":""host_system_direction"",""visual_is_interpretation"":true,""best_mass_is_minimum"":true}"
planet,NASA_EXOPLANET_ARCHIVE,HIP 14810 c,HIP 14810 c,f6bb6d20-917a-4d45-b262-a8234842366d,HIP 14810,47.809275,21.0971302,164.643549,,13.6,,147.747,373,2006,Radial Velocity, Wright et al. 2007 ,954973917,gas,2026-09-18T14:51:26.782Z,"{""pl_name"":""HIP 14810 c"",""hostname"":""HIP 14810"",""gaia_dr3_id"":""Gaia DR3 60684353135617792"",""ra"":47.809275,""dec"":21.0971302,""sy_dist"":50.48,""sy_gaiamag"":8.33307,""pl_rade"":13.6,""pl_radelim"":0,""pl_bmasse"":416.3573,""pl_bmasselim"":0,""pl_bmassprov"":""Msini"",""pl_orbper"":147.747,""pl_orbperlim"":0,""pl_orbsmax"":0.549,""pl_eqt"":373.22,""pl_eqtlim"":0,""disc_year"":2006,""discoverymethod"":""Radial Velocity"",""disc_refname"":""<a refstr=WRIGHT_ET_AL__2007 href=https://ui.adsabs.harvard.edu/abs/2007ApJ...657..533W/abstract target=ref> Wright et al. 2007 </a>"",""import_batch"":""astralys_nasa_confirmed_planets_20260918"",""discovery_status"":""confirmed"",""table"":""pscomppars"",""gaia_host_source_id"":""60684353135617792"",""orbit_order"":2,""retrieved_at"":""2026-09-18T14:51:26.782Z"",""sky_position_kind"":""host_system_direction"",""visual_is_interpretation"":true,""best_mass_is_minimum"":true}"
planet,NASA_EXOPLANET_ARCHIVE,HD 25463 c,HD 25463 c,d6796635-c27f-47cc-b4c8-b2c774d6a868,HD 25463,60.7483361,9.2077676,148.78617,,1.36354953,4.3,3.04405,1586,2023,Transit,Akana Murphy et al. 2023,638067813,lava,2026-09-18T14:51:26.782Z,"{""pl_name"":""HD 25463 c"",""hostname"":""HD 25463"",""gaia_dr3_id"":""Gaia DR3 3301771025223950336"",""ra"":60.7483361,""dec"":9.2077676,""sy_dist"":45.6181,""sy_gaiamag"":6.77613,""pl_rade"":1.36354953,""pl_radelim"":0,""pl_bmasse"":4.3,""pl_bmasselim"":0,""pl_bmassprov"":""Mass"",""pl_orbper"":3.04405,""pl_orbperlim"":0,""pl_orbsmax"":0.0443,""pl_eqt"":1585.57,""pl_eqtlim"":0,""disc_year"":2023,""discoverymethod"":""Transit"",""disc_refname"":""<a refstr=AKANA_MURPHY_ET_AL__2023 href=https://ui.adsabs.harvard.edu/abs/2023AJ....166..153A/abstract target=ref>Akana Murphy et al. 2023</a>"",""import_batch"":""astralys_nasa_confirmed_planets_20260918"",""discovery_status"":""confirmed"",""table"":""pscomppars"",""gaia_host_source_id"":""3301771025223950336"",""orbit_order"":1,""retrieved_at"":""2026-09-18T14:51:26.782Z"",""sky_position_kind"":""host_system_direction"",""visual_is_interpretation"":true,""best_mass_is_minimum"":false}"
planet,NASA_EXOPLANET_ARCHIVE,HD 96167 b,HD 96167 b,cedeeca6-c31e-498b-a37b-64facd1b15d2,HD 96167,166.3125657,-10.291345,278.213025,,14,,498.04,334,2009,Radial Velocity, Peek et al. 2009 ,1317927375,gas,2026-09-18T14:51:26.782Z,"{""pl_name"":""HD 96167 b"",""hostname"":""HD 96167"",""gaia_dr3_id"":""Gaia DR3 3758718711877270784"",""ra"":166.3125657,""dec"":-10.291345,""sy_dist"":85.3006,""sy_gaiamag"":7.92849,""pl_rade"":14,""pl_radelim"":0,""pl_bmasse"":227.88411,""pl_bmasselim"":0,""pl_bmassprov"":""Msini"",""pl_orbper"":498.04,""pl_orbperlim"":0,""pl_orbsmax"":1.332,""pl_eqt"":333.63,""pl_eqtlim"":0,""disc_year"":2009,""discoverymethod"":""Radial Velocity"",""disc_refname"":""<a refstr=PEEK_ET_AL__2009 href=https://ui.adsabs.harvard.edu/abs/2009PASP..121..613P/abstract target=ref> Peek et al. 2009 </a>"",""import_batch"":""astralys_nasa_confirmed_planets_20260918"",""discovery_status"":""confirmed"",""table"":""pscomppars"",""gaia_host_source_id"":""3758718711877270784"",""orbit_order"":1,""retrieved_at"":""2026-09-18T14:51:26.782Z"",""sky_position_kind"":""host_system_direction"",""visual_is_interpretation"":true,""best_mass_is_minimum"":true}"
planet,NASA_EXOPLANET_ARCHIVE,HD 109246 b,HD 109246 b,d4e2ab51-0f86-457b-af89-e16e320385a5,HD 109246,188.027184,74.4893379,221.247596,,13.9,,68.27,507,2010,Radial Velocity, Boisse et al. 2010 ,768215274,gas,2026-09-18T14:51:26.782Z,"{""pl_name"":""HD 109246 b"",""hostname"":""HD 109246"",""gaia_dr3_id"":""Gaia DR3 1692267077979468544"",""ra"":188.027184,""dec"":74.4893379,""sy_dist"":67.8349,""sy_gaiamag"":8.5873,""pl_rade"":13.9,""pl_radelim"":0,""pl_bmasse"":273.3338,""pl_bmasselim"":0,""pl_bmassprov"":""Msini"",""pl_orbper"":68.27,""pl_orbperlim"":0,""pl_orbsmax"":0.33,""pl_eqt"":507.43,""pl_eqtlim"":0,""disc_year"":2010,""discoverymethod"":""Radial Velocity"",""disc_refname"":""<a refstr=BOISSE_ET_AL__2010 href=https://ui.adsabs.harvard.edu/abs/2010A%26A...523A..88B/abstract target=ref> Boisse et al. 2010 </a>"",""import_batch"":""astralys_nasa_confirmed_planets_20260918"",""discovery_status"":""confirmed"",""table"":""pscomppars"",""gaia_host_source_id"":""1692267077979468544"",""orbit_order"":1,""retrieved_at"":""2026-09-18T14:51:26.782Z"",""sky_position_kind"":""host_system_direction"",""visual_is_interpretation"":true,""best_mass_is_minimum"":true}"
planet,NASA_EXOPLANET_ARCHIVE,HD 332231 b,HD 332231 b,88af8714-4672-43bd-a496-de9daf5160c0,HD 332231,306.741134,33.7443882,263.09863,,9.07303305,74.1,18.712024,798,2020,Transit,Dalba et al. 2020,1108503496,gas,2026-09-18T14:51:26.782Z,"{""pl_name"":""HD 332231 b"",""hostname"":""HD 332231"",""gaia_dr3_id"":""Gaia DR3 2056007995732413312"",""ra"":306.741134,""dec"":33.7443882,""sy_dist"":80.6665,""sy_gaiamag"":8.41839,""pl_rade"":9.07303305,""pl_radelim"":0,""pl_bmasse"":74.1,""pl_bmasselim"":0,""pl_bmassprov"":""Mass"",""pl_orbper"":18.712024,""pl_orbperlim"":0,""pl_orbsmax"":0.145,""pl_eqt"":798.3,""pl_eqtlim"":0,""disc_year"":2020,""discoverymethod"":""Transit"",""disc_refname"":""<a refstr=DALBA_ET_AL__2020 href=https://ui.adsabs.harvard.edu/abs/2020AJ....159..241D/abstract target=ref>Dalba et al. 2020</a>"",""import_batch"":""astralys_nasa_confirmed_planets_20260918"",""discovery_status"":""confirmed"",""table"":""pscomppars"",""gaia_host_source_id"":""2056007995732413312"",""orbit_order"":1,""retrieved_at"":""2026-09-18T14:51:26.782Z"",""sky_position_kind"":""host_system_direction"",""visual_is_interpretation"":true,""best_mass_is_minimum"":false}"
planet,NASA_EXOPLANET_ARCHIVE,HD 202206 c,HD 202206 c,a7a53a51-5130-4fe8-a976-89d561ecd4de,HD 202206,318.7405221,-20.7897284,149.922498,,13.1,982.08977763,1299.22,183,2004,Radial Velocity, Correia et al. 2005 ,72477290,gas,2026-09-18T14:51:26.782Z,"{""pl_name"":""HD 202206 c"",""hostname"":""HD 202206"",""gaia_dr3_id"":""Gaia DR3 6832155218215202944"",""ra"":318.7405221,""dec"":-20.7897284,""sy_dist"":45.9665,""sy_gaiamag"":7.91051,""pl_rade"":13.1,""pl_radelim"":0,""pl_bmasse"":982.08977763,""pl_bmasselim"":0,""pl_bmassprov"":""Mass"",""pl_orbper"":1299.22,""pl_orbperlim"":0,""pl_orbsmax"":2.39,""pl_eqt"":183.35,""pl_eqtlim"":0,""disc_year"":2004,""discoverymethod"":""Radial Velocity"",""disc_refname"":""<a refstr=CORREIA_ET_AL__2005 href=https://ui.adsabs.harvard.edu/abs/2005A&A...440..751C/abstract target=ref> Correia et al. 2005 </a>"",""import_batch"":""astralys_nasa_confirmed_planets_20260918"",""discovery_status"":""confirmed"",""table"":""pscomppars"",""gaia_host_source_id"":""6832155218215202944"",""orbit_order"":2,""retrieved_at"":""2026-09-18T14:51:26.782Z"",""sky_position_kind"":""host_system_direction"",""visual_is_interpretation"":true,""best_mass_is_minimum"":false}"
planet,NASA_EXOPLANET_ARCHIVE,HD 11977 b,HD 11977 b,699a74ff-0ed6-43cd-ae0c-9930e75ab280,HD 11977,28.7347403,-67.6469871,221.567882,,12.7,,711,548,2005,Radial Velocity, Setiawan et al. 2005 ,1744860797,gas,2026-09-18T14:51:26.782Z,"{""pl_name"":""HD 11977 b"",""hostname"":""HD 11977"",""gaia_dr3_id"":""Gaia DR3 4697508196671120000"",""ra"":28.7347403,""dec"":-67.6469871,""sy_dist"":67.9331,""sy_gaiamag"":4.43863,""pl_rade"":12.7,""pl_radelim"":0,""pl_bmasse"":2080,""pl_bmasselim"":0,""pl_bmassprov"":""Msini"",""pl_orbper"":711,""pl_orbperlim"":0,""pl_orbsmax"":1.93,""pl_eqt"":547.97,""pl_eqtlim"":0,""disc_year"":2005,""discoverymethod"":""Radial Velocity"",""disc_refname"":""<a refstr=SETIAWAN_ET_AL__2005 href=https://ui.adsabs.harvard.edu/abs/2005A&A...437L..31S/abstract target=ref> Setiawan et al. 2005 </a>"",""import_batch"":""astralys_nasa_confirmed_planets_20260918"",""discovery_status"":""confirmed"",""table"":""pscomppars"",""gaia_host_source_id"":""4697508196671120000"",""orbit_order"":1,""retrieved_at"":""2026-09-18T14:51:26.782Z"",""sky_position_kind"":""host_system_direction"",""visual_is_interpretation"":true,""best_mass_is_minimum"":true}"
planet,NASA_EXOPLANET_ARCHIVE,eps CrB b,eps CrB b,d914f7fc-e785-4b66-9091-a50f23f1cc2f,eps CrB,239.3965057,26.8776171,227.879653,,12.7,,417.9,854,2012,Radial Velocity, Lee et al. 2012 ,162196202,gas,2026-09-18T14:51:26.782Z,"{""pl_name"":""eps CrB b"",""hostname"":""eps CrB"",""gaia_dr3_id"":""Gaia DR3 1220404653534258816"",""ra"":239.3965057,""dec"":26.8776171,""sy_dist"":69.8683,""sy_gaiamag"":3.75773,""pl_rade"":12.7,""pl_radelim"":0,""pl_bmasse"":2129.461,""pl_bmasselim"":0,""pl_bmassprov"":""Msini"",""pl_orbper"":417.9,""pl_orbperlim"":0,""pl_orbsmax"":1.3,""pl_eqt"":853.92,""pl_eqtlim"":0,""disc_year"":2012,""discoverymethod"":""Radial Velocity"",""disc_refname"":""<a refstr=LEE_ET_AL__2012 href=https://ui.adsabs.harvard.edu/abs/2012A%26A...546A...5L/abstract target=ref> Lee et al. 2012 </a>"",""import_batch"":""astralys_nasa_confirmed_planets_20260918"",""discovery_status"":""confirmed"",""table"":""pscomppars"",""gaia_host_source_id"":""1220404653534258816"",""orbit_order"":1,""retrieved_at"":""2026-09-18T14:51:26.782Z"",""sky_position_kind"":""host_system_direction"",""visual_is_interpretation"":true,""best_mass_is_minimum"":true}"
planet,NASA_EXOPLANET_ARCHIVE,HD 127195 c,HD 127195 c,a8f46de5-0675-44dd-90ba-e8c7a7181bc6,HD 127195,217.8714193,-47.7292571,276.3086,,14.1,,836.99,,2026,Radial Velocity,Figueira et al. 2026,1842901296,gas,2026-09-18T14:51:26.782Z,"{""pl_name"":""HD 127195 c"",""hostname"":""HD 127195"",""gaia_dr3_id"":""Gaia DR3 6091942515572349312"",""ra"":217.8714193,""dec"":-47.7292571,""sy_dist"":84.7167,""sy_gaiamag"":6.92274,""pl_rade"":14.1,""pl_radelim"":0,""pl_bmasse"":206.58846455,""pl_bmasselim"":0,""pl_bmassprov"":""Msini"",""pl_orbper"":836.99,""pl_orbperlim"":0,""pl_orbsmax"":null,""pl_eqt"":null,""pl_eqtlim"":null,""disc_year"":2026,""discoverymethod"":""Radial Velocity"",""disc_refname"":""<a refstr=FIGUEIRA_ET_AL_2026 href=https://ui.adsabs.harvard.edu/abs/2026A&A...712A.143F/abstract target=ref>Figueira et al. 2026</a>"",""import_batch"":""astralys_nasa_confirmed_planets_20260918"",""discovery_status"":""confirmed"",""table"":""pscomppars"",""gaia_host_source_id"":""6091942515572349312"",""orbit_order"":2,""retrieved_at"":""2026-09-18T14:51:26.782Z"",""sky_position_kind"":""host_system_direction"",""visual_is_interpretation"":true,""best_mass_is_minimum"":true}"
planet,NASA_EXOPLANET_ARCHIVE,HD 190007 b,HD 190007 b,5e3fef2e-73dd-416a-9844-a191917f85ab,HD 190007,300.6956339,3.3266992,41.4678,,4.06,,11.724128,651,2020,Radial Velocity,Burt et al. 2021,965242439,gas,2026-09-18T14:51:26.782Z,"{""pl_name"":""HD 190007 b"",""hostname"":""HD 190007"",""gaia_dr3_id"":""Gaia DR3 4247023886053586304"",""ra"":300.6956339,""dec"":3.3266992,""sy_dist"":12.7141,""sy_gaiamag"":7.06341,""pl_rade"":4.06,""pl_radelim"":0,""pl_bmasse"":15.5,""pl_bmasselim"":0,""pl_bmassprov"":""Msini"",""pl_orbper"":11.724128,""pl_orbperlim"":0,""pl_orbsmax"":0.092,""pl_eqt"":651.41,""pl_eqtlim"":0,""disc_year"":2020,""discoverymethod"":""Radial Velocity"",""disc_refname"":""<a refstr=BURT_ET_AL__2021 href=https://ui.adsabs.harvard.edu/abs/2021AJ....161...10B/abstract target=ref>Burt et al. 2021</a>"",""import_batch"":""astralys_nasa_confirmed_planets_20260918"",""discovery_status"":""confirmed"",""table"":""pscomppars"",""gaia_host_source_id"":""4247023886053586304"",""orbit_order"":1,""retrieved_at"":""2026-09-18T14:51:26.782Z"",""sky_position_kind"":""host_system_direction"",""visual_is_interpretation"":true,""best_mass_is_minimum"":true}"
planet,NASA_EXOPLANET_ARCHIVE,DMPP-6 b,DMPP-6 b,3da367f5-f0e7-4a5b-beb3-078c0f124fce,DMPP-6,120.3857827,-70.0234291,178.180001,,2.28,,7.6027,1204,2026,Radial Velocity,Standing et al. 2026,234947371,lava,2026-09-18T14:51:26.782Z,"{""pl_name"":""DMPP-6 b"",""hostname"":""DMPP-6"",""gaia_dr3_id"":""Gaia DR3 5270480576538756352"",""ra"":120.3857827,""dec"":-70.0234291,""sy_dist"":54.6303,""sy_gaiamag"":7.56056,""pl_rade"":2.28,""pl_radelim"":0,""pl_bmasse"":5.8,""pl_bmasselim"":0,""pl_bmassprov"":""Msini"",""pl_orbper"":7.6027,""pl_orbperlim"":0,""pl_orbsmax"":0.0779,""pl_eqt"":1203.65,""pl_eqtlim"":0,""disc_year"":2026,""discoverymethod"":""Radial Velocity"",""disc_refname"":""<a refstr=STANDING_ET_AL_2026 href=https://ui.adsabs.harvard.edu/abs/2026MNRAS.547ag370S/abstract target=ref>Standing et al. 2026</a>"",""import_batch"":""astralys_nasa_confirmed_planets_20260918"",""discovery_status"":""confirmed"",""table"":""pscomppars"",""gaia_host_source_id"":""5270480576538756352"",""orbit_order"":1,""retrieved_at"":""2026-09-18T14:51:26.782Z"",""sky_position_kind"":""host_system_direction"",""visual_is_interpretation"":true,""best_mass_is_minimum"":true}"
planet,NASA_EXOPLANET_ARCHIVE,HD 148164 b,HD 148164 b,f75f8777-e76c-4516-b083-85d1287bc58b,HD 148164,246.4351678,11.9190729,251.782973,,13.7,,328.55,338,2018,Radial Velocity,Ment et al. 2018,1258764282,gas,2026-09-18T14:51:26.782Z,"{""pl_name"":""HD 148164 b"",""hostname"":""HD 148164"",""gaia_dr3_id"":""Gaia DR3 4459907547841472128"",""ra"":246.4351678,""dec"":11.9190729,""sy_dist"":77.1971,""sy_gaiamag"":8.0907,""pl_rade"":13.7,""pl_radelim"":0,""pl_bmasse"":390.9309,""pl_bmasselim"":0,""pl_bmassprov"":""Msini"",""pl_orbper"":328.55,""pl_orbperlim"":0,""pl_orbsmax"":0.993,""pl_eqt"":337.89,""pl_eqtlim"":0,""disc_year"":2018,""discoverymethod"":""Radial Velocity"",""disc_refname"":""<a refstr=MENT_ET_AL__2018 href=https://ui.adsabs.harvard.edu/abs/2018AJ....156..213M/abstract target=ref>Ment et al. 2018</a>"",""import_batch"":""astralys_nasa_confirmed_planets_20260918"",""discovery_status"":""confirmed"",""table"":""pscomppars"",""gaia_host_source_id"":""4459907547841472128"",""orbit_order"":1,""retrieved_at"":""2026-09-18T14:51:26.782Z"",""sky_position_kind"":""host_system_direction"",""visual_is_interpretation"":true,""best_mass_is_minimum"":true}"
planet,NASA_EXOPLANET_ARCHIVE,HD 11964 c,HD 11964 c,4f18426f-858f-45ed-ab7a-0a710465553e,HD 11964,29.2884252,-10.2434693,109.382612,,5.38,,37.91,758,2008,Radial Velocity, Wright et al. 2009 ,678198875,gas,2026-09-18T14:51:26.782Z,"{""pl_name"":""HD 11964 c"",""hostname"":""HD 11964"",""gaia_dr3_id"":""Gaia DR3 2462426800883134336"",""ra"":29.2884252,""dec"":-10.2434693,""sy_dist"":33.5369,""sy_gaiamag"":6.209,""pl_rade"":5.38,""pl_radelim"":0,""pl_bmasse"":25,""pl_bmasselim"":0,""pl_bmassprov"":""Msini"",""pl_orbper"":37.91,""pl_orbperlim"":0,""pl_orbsmax"":0.229,""pl_eqt"":757.54,""pl_eqtlim"":0,""disc_year"":2008,""discoverymethod"":""Radial Velocity"",""disc_refname"":""<a refstr=WRIGHT_ET_AL__2009 href=https://ui.adsabs.harvard.edu/abs/2009ApJ...693.1084W/abstract target=ref> Wright et al. 2009 </a>"",""import_batch"":""astralys_nasa_confirmed_planets_20260918"",""discovery_status"":""confirmed"",""table"":""pscomppars"",""gaia_host_source_id"":""2462426800883134336"",""orbit_order"":1,""retrieved_at"":""2026-09-18T14:51:26.782Z"",""sky_position_kind"":""host_system_direction"",""visual_is_interpretation"":true,""best_mass_is_minimum"":true}"
planet,NASA_EXOPLANET_ARCHIVE,HD 39194 b,HD 39194 b,de9ada87-f664-4eaa-ad7a-24cab36dfd2d,HD 39194,86.129071,-70.1382377,86.14791,,1.99,,5.63692,915,2021,Radial Velocity,Unger et al. 2021,1439901226,lava,2026-09-18T14:51:26.782Z,"{""pl_name"":""HD 39194 b"",""hostname"":""HD 39194"",""gaia_dr3_id"":""Gaia DR3 4657193606465368704"",""ra"":86.129071,""dec"":-70.1382377,""sy_dist"":26.4131,""sy_gaiamag"":7.85201,""pl_rade"":1.99,""pl_radelim"":0,""pl_bmasse"":4.62,""pl_bmasselim"":0,""pl_bmassprov"":""Msini"",""pl_orbper"":5.63692,""pl_orbperlim"":0,""pl_orbsmax"":0.05895,""pl_eqt"":915.16,""pl_eqtlim"":0,""disc_year"":2021,""discoverymethod"":""Radial Velocity"",""disc_refname"":""<a refstr=UNGER_ET_AL__2021 href=https://ui.adsabs.harvard.edu/abs/2021A&A...654A.104U/abstract target=ref>Unger et al. 2021</a>"",""import_batch"":""astralys_nasa_confirmed_planets_20260918"",""discovery_status"":""confirmed"",""table"":""pscomppars"",""gaia_host_source_id"":""4657193606465368704"",""orbit_order"":1,""retrieved_at"":""2026-09-18T14:51:26.782Z"",""sky_position_kind"":""host_system_direction"",""visual_is_interpretation"":true,""best_mass_is_minimum"":true}"
planet,NASA_EXOPLANET_ARCHIVE,HD 199509 b,HD 199509 b,1f7fc10c-d41f-499b-8a94-bc2bfd12488e,HD 199509,317.3445632,-82.0274926,79.274173,,7.43,,99.62167,411,2022,Radial Velocity,Feng et al. 2022,712716567,gas,2026-09-18T14:51:26.782Z,"{""pl_name"":""HD 199509 b"",""hostname"":""HD 199509"",""gaia_dr3_id"":""Gaia DR3 6348288635054855680"",""ra"":317.3445632,""dec"":-82.0274926,""sy_dist"":24.3056,""sy_gaiamag"":6.817,""pl_rade"":7.43,""pl_radelim"":0,""pl_bmasse"":43.22466335,""pl_bmasselim"":0,""pl_bmassprov"":""Msini"",""pl_orbper"":99.62167,""pl_orbperlim"":0,""pl_orbsmax"":0.426,""pl_eqt"":410.73,""pl_eqtlim"":0,""disc_year"":2022,""discoverymethod"":""Radial Velocity"",""disc_refname"":""<a refstr=FENG_ET_AL__2022 href=https://ui.adsabs.harvard.edu/abs/2022ApJS..262...21F/abstract target=ref>Feng et al. 2022</a>"",""import_batch"":""astralys_nasa_confirmed_planets_20260918"",""discovery_status"":""confirmed"",""table"":""pscomppars"",""gaia_host_source_id"":""6348288635054855680"",""orbit_order"":1,""retrieved_at"":""2026-09-18T14:51:26.782Z"",""sky_position_kind"":""host_system_direction"",""visual_is_interpretation"":true,""best_mass_is_minimum"":true}"
planet,NASA_EXOPLANET_ARCHIVE,HD 136352 c,HD 136352 c,aa5206a9-465e-4432-9326-2138e21892cf,HD 136352,230.4401147,-48.3188174,47.886224,,2.916,11.24,27.59221,677,2019,Radial Velocity,Udry et al. 2019,1428454595,rocky,2026-09-18T14:51:26.782Z,"{""pl_name"":""HD 136352 c"",""hostname"":""HD 136352"",""gaia_dr3_id"":""Gaia DR3 5902750168276592256"",""ra"":230.4401147,""dec"":-48.3188174,""sy_dist"":14.682,""sy_gaiamag"":5.48495,""pl_rade"":2.916,""pl_radelim"":0,""pl_bmasse"":11.24,""pl_bmasselim"":0,""pl_bmassprov"":""Mass"",""pl_orbper"":27.59221,""pl_orbperlim"":0,""pl_orbsmax"":0.1721,""pl_eqt"":677,""pl_eqtlim"":0,""disc_year"":2019,""discoverymethod"":""Radial Velocity"",""disc_refname"":""<a refstr=UDRY_ET_AL__2019 href=https://ui.adsabs.harvard.edu/abs/2019A&A...622A..37U/abstract target=ref>Udry et al. 2019</a>"",""import_batch"":""astralys_nasa_confirmed_planets_20260918"",""discovery_status"":""confirmed"",""table"":""pscomppars"",""gaia_host_source_id"":""5902750168276592256"",""orbit_order"":2,""retrieved_at"":""2026-09-18T14:51:26.782Z"",""sky_position_kind"":""host_system_direction"",""visual_is_interpretation"":true,""best_mass_is_minimum"":false}"
planet,NASA_EXOPLANET_ARCHIVE,HD 134987 b,HD 134987 b,d4602acb-748f-4e26-8ec6-be2f61ca2c39,HD 134987,228.3675397,-25.3096721,85.388945,,13.5,,258.17999,339,1999,Radial Velocity, Vogt et al. 2000 ,1153083007,gas,2026-09-18T14:51:26.782Z,"{""pl_name"":""HD 134987 b"",""hostname"":""HD 134987"",""gaia_dr3_id"":""Gaia DR3 6226694571859532800"",""ra"":228.3675397,""dec"":-25.3096721,""sy_dist"":26.1804,""sy_gaiamag"":6.28994,""pl_rade"":13.5,""pl_radelim"":0,""pl_bmasse"":511.7063,""pl_bmasselim"":0,""pl_bmassprov"":""Msini"",""pl_orbper"":258.17999,""pl_orbperlim"":0,""pl_orbsmax"":0.81,""pl_eqt"":339.45,""pl_eqtlim"":0,""disc_year"":1999,""discoverymethod"":""Radial Velocity"",""disc_refname"":""<a refstr=VOGT_ET_AL__2000 href=https://ui.adsabs.harvard.edu/abs/2000ApJ...536..902V/abstract target=ref> Vogt et al. 2000 </a>"",""import_batch"":""astralys_nasa_confirmed_planets_20260918"",""discovery_status"":""confirmed"",""table"":""pscomppars"",""gaia_host_source_id"":""6226694571859532800"",""orbit_order"":1,""retrieved_at"":""2026-09-18T14:51:26.782Z"",""sky_position_kind"":""host_system_direction"",""visual_is_interpretation"":true,""best_mass_is_minimum"":true}"
planet,NASA_EXOPLANET_ARCHIVE,HD 5278 c,HD 5278 c,392f63fd-fad2-49e8-b730-43e6390ef533,HD 5278,12.5467785,-83.7437671,187.815628,,4.49,,40.87,665,2021,Radial Velocity,Sozzetti et al. 2021,551550315,gas,2026-09-18T14:51:26.782Z,"{""pl_name"":""HD 5278 c"",""hostname"":""HD 5278"",""gaia_dr3_id"":""Gaia DR3 4617759514501503616"",""ra"":12.5467785,""dec"":-83.7437671,""sy_dist"":57.5846,""sy_gaiamag"":7.80375,""pl_rade"":4.49,""pl_radelim"":0,""pl_bmasse"":18.4,""pl_bmasselim"":0,""pl_bmassprov"":""Msini"",""pl_orbper"":40.87,""pl_orbperlim"":0,""pl_orbsmax"":0.2416,""pl_eqt"":664.95,""pl_eqtlim"":0,""disc_year"":2021,""discoverymethod"":""Radial Velocity"",""disc_refname"":""<a refstr=SOZZETTI_ET_AL__2021 href=https://ui.adsabs.harvard.edu/abs/2021A&A...648A..75S/abstract target=ref>Sozzetti et al. 2021</a>"",""import_batch"":""astralys_nasa_confirmed_planets_20260918"",""discovery_status"":""confirmed"",""table"":""pscomppars"",""gaia_host_source_id"":""4617759514501503616"",""orbit_order"":2,""retrieved_at"":""2026-09-18T14:51:26.782Z"",""sky_position_kind"":""host_system_direction"",""visual_is_interpretation"":true,""best_mass_is_minimum"":true}"
planet,NASA_EXOPLANET_ARCHIVE,HD 179079 b,HD 179079 b,41e4f982-9e57-400a-a680-cb50fce22f28,HD 179079,287.7903733,-2.6387703,227.368566,,,,14.479,998,2008,Radial Velocity, Valenti et al. 2009 ,1228725357,lava,2026-09-18T14:51:26.782Z,"{""pl_name"":""HD 179079 b"",""hostname"":""HD 179079"",""gaia_dr3_id"":""Gaia DR3 4261265619668314624"",""ra"":287.7903733,""dec"":-2.6387703,""sy_dist"":69.7116,""sy_gaiamag"":7.77454,""pl_rade"":null,""pl_radelim"":null,""pl_bmasse"":4195.3349724,""pl_bmasselim"":1,""pl_bmassprov"":""Mass"",""pl_orbper"":14.479,""pl_orbperlim"":0,""pl_orbsmax"":0.1214,""pl_eqt"":997.61,""pl_eqtlim"":0,""disc_year"":2008,""discoverymethod"":""Radial Velocity"",""disc_refname"":""<a refstr=VALENTI_ET_AL__2009 href=https://ui.adsabs.harvard.edu/abs/2009ApJ...702..989V/abstract target=ref> Valenti et al. 2009 </a>"",""import_batch"":""astralys_nasa_confirmed_planets_20260918"",""discovery_status"":""confirmed"",""table"":""pscomppars"",""gaia_host_source_id"":""4261265619668314624"",""orbit_order"":1,""retrieved_at"":""2026-09-18T14:51:26.782Z"",""sky_position_kind"":""host_system_direction"",""visual_is_interpretation"":true,""best_mass_is_minimum"":false}"
planet,NASA_EXOPLANET_ARCHIVE,HD 164509 b,HD 164509 b,164d339f-e4d5-42b1-8c12-bc66d25151cd,HD 164509,270.3800811,0.1044685,173.227649,,14.3,,280.17,319,2012,Radial Velocity, Giguere et al. 2012 ,677838182,gas,2026-09-18T14:51:26.782Z,"{""pl_name"":""HD 164509 b"",""hostname"":""HD 164509"",""gaia_dr3_id"":""Gaia DR3 4275421969292868224"",""ra"":270.3800811,""dec"":0.1044685,""sy_dist"":53.1119,""sy_gaiamag"":7.95594,""pl_rade"":14.3,""pl_radelim"":0,""pl_bmasse"":140.79869,""pl_bmasselim"":0,""pl_bmassprov"":""Msini"",""pl_orbper"":280.17,""pl_orbperlim"":0,""pl_orbsmax"":0.87,""pl_eqt"":319.12,""pl_eqtlim"":0,""disc_year"":2012,""discoverymethod"":""Radial Velocity"",""disc_refname"":""<a refstr=GIGUERE_ET_AL__2012 href=https://ui.adsabs.harvard.edu/abs/2012ApJ...744....4G/abstract target=ref> Giguere et al. 2012 </a>"",""import_batch"":""astralys_nasa_confirmed_planets_20260918"",""discovery_status"":""confirmed"",""table"":""pscomppars"",""gaia_host_source_id"":""4275421969292868224"",""orbit_order"":1,""retrieved_at"":""2026-09-18T14:51:26.782Z"",""sky_position_kind"":""host_system_direction"",""visual_is_interpretation"":true,""best_mass_is_minimum"":true}"
planet,NASA_EXOPLANET_ARCHIVE,HD 114783 b,HD 114783 b,04d03e48-8a7f-455d-aa75-513ae9017ad0,HD 114783,198.1818436,-2.2649921,68.697586,,13.7,,493.7,211,2001,Radial Velocity, Vogt et al. 2002 ,1332944424,gas,2026-09-18T14:51:26.782Z,"{""pl_name"":""HD 114783 b"",""hostname"":""HD 114783"",""gaia_dr3_id"":""Gaia DR3 3684934540986187776"",""ra"":198.1818436,""dec"":-2.2649921,""sy_dist"":21.0628,""sy_gaiamag"":7.31783,""pl_rade"":13.7,""pl_radelim"":0,""pl_bmasse"":349.6,""pl_bmasselim"":0,""pl_bmassprov"":""Msini"",""pl_orbper"":493.7,""pl_orbperlim"":0,""pl_orbsmax"":1.16,""pl_eqt"":210.79,""pl_eqtlim"":0,""disc_year"":2001,""discoverymethod"":""Radial Velocity"",""disc_refname"":""<a refstr=VOGT_ET_AL__2002 href=https://ui.adsabs.harvard.edu/abs/2002ApJ...568..352V/abstract target=ref> Vogt et al. 2002 </a>"",""import_batch"":""astralys_nasa_confirmed_planets_20260918"",""discovery_status"":""confirmed"",""table"":""pscomppars"",""gaia_host_source_id"":""3684934540986187776"",""orbit_order"":1,""retrieved_at"":""2026-09-18T14:51:26.782Z"",""sky_position_kind"":""host_system_direction"",""visual_is_interpretation"":true,""best_mass_is_minimum"":true}"
planet,NASA_EXOPLANET_ARCHIVE,HD 19994 b,HD 19994 b,4cd670ad-b1c4-4588-9b3a-c8c1e9951721,HD 19994,48.1943193,-1.1963955,73.46403,,13.6,,466.2,350,2003,Radial Velocity, Mayor et al. 2004 ,1572573772,gas,2026-09-18T14:51:26.782Z,"{""pl_name"":""HD 19994 b"",""hostname"":""HD 19994"",""gaia_dr3_id"":""Gaia DR3 3265335443260522112"",""ra"":48.1943193,""dec"":-1.1963955,""sy_dist"":22.5242,""sy_gaiamag"":4.93038,""pl_rade"":13.6,""pl_radelim"":0,""pl_bmasse"":435.41,""pl_bmasselim"":0,""pl_bmassprov"":""Msini"",""pl_orbper"":466.2,""pl_orbperlim"":0,""pl_orbsmax"":1.305,""pl_eqt"":350.1,""pl_eqtlim"":0,""disc_year"":2003,""discoverymethod"":""Radial Velocity"",""disc_refname"":""<a refstr=MAYOR_ET_AL__2004 href=https://ui.adsabs.harvard.edu/abs/2004A&A...415..391M/abstract target=ref> Mayor et al. 2004 </a>"",""import_batch"":""astralys_nasa_confirmed_planets_20260918"",""discovery_status"":""confirmed"",""table"":""pscomppars"",""gaia_host_source_id"":""3265335443260522112"",""orbit_order"":1,""retrieved_at"":""2026-09-18T14:51:26.782Z"",""sky_position_kind"":""host_system_direction"",""visual_is_interpretation"":true,""best_mass_is_minimum"":true}"
planet,NASA_EXOPLANET_ARCHIVE,47 UMa b,47 UMa b,4a1e31a7-46c0-43e7-a3d1-7a39f286af43,47 UMa,164.8647611,40.4304931,44.998765,,13.2,,1078,215,1996,Radial Velocity, Butler & Marcy 1996 ,1495892228,gas,2026-09-18T14:51:26.782Z,"{""pl_name"":""47 UMa b"",""hostname"":""47 UMa"",""gaia_dr3_id"":""Gaia DR3 777254360337133312"",""ra"":164.8647611,""dec"":40.4304931,""sy_dist"":13.7967,""sy_gaiamag"":4.87837,""pl_rade"":13.2,""pl_radelim"":0,""pl_bmasse"":804.08,""pl_bmasselim"":0,""pl_bmassprov"":""Msini"",""pl_orbper"":1078,""pl_orbperlim"":0,""pl_orbsmax"":2.1,""pl_eqt"":215.23,""pl_eqtlim"":0,""disc_year"":1996,""discoverymethod"":""Radial Velocity"",""disc_refname"":""<a refstr=BUTLER___MARCY_1996 href=https://ui.adsabs.harvard.edu/abs/1996ApJ...464L.153B/abstract target=ref> Butler & Marcy 1996 </a>"",""import_batch"":""astralys_nasa_confirmed_planets_20260918"",""discovery_status"":""confirmed"",""table"":""pscomppars"",""gaia_host_source_id"":""777254360337133312"",""orbit_order"":1,""retrieved_at"":""2026-09-18T14:51:26.782Z"",""sky_position_kind"":""host_system_direction"",""visual_is_interpretation"":true,""best_mass_is_minimum"":true}"
planet,NASA_EXOPLANET_ARCHIVE,61 Vir b,61 Vir b,6fceafb0-9112-4248-b315-a422a26f4aad,61 Vir,199.596455,-18.3157745,27.734088,,2.11,,4.215,1178,2009,Radial Velocity, Vogt et al. 2010 ,1752160436,lava,2026-09-18T14:51:26.782Z,"{""pl_name"":""61 Vir b"",""hostname"":""61 Vir"",""gaia_dr3_id"":""Gaia DR3 3507879565090229888"",""ra"":199.596455,""dec"":-18.3157745,""sy_dist"":8.50332,""sy_gaiamag"":4.54052,""pl_rade"":2.11,""pl_radelim"":0,""pl_bmasse"":5.1,""pl_bmasselim"":0,""pl_bmassprov"":""Msini"",""pl_orbper"":4.215,""pl_orbperlim"":0,""pl_orbsmax"":0.050201,""pl_eqt"":1177.85,""pl_eqtlim"":0,""disc_year"":2009,""discoverymethod"":""Radial Velocity"",""disc_refname"":""<a refstr=VOGT_ET_AL__2010 href=https://ui.adsabs.harvard.edu/abs/2010ApJ...708.1366V/abstract target=ref> Vogt et al. 2010 </a>"",""import_batch"":""astralys_nasa_confirmed_planets_20260918"",""discovery_status"":""confirmed"",""table"":""pscomppars"",""gaia_host_source_id"":""3507879565090229888"",""orbit_order"":1,""retrieved_at"":""2026-09-18T14:51:26.782Z"",""sky_position_kind"":""host_system_direction"",""visual_is_interpretation"":true,""best_mass_is_minimum"":true}"
planet,NASA_EXOPLANET_ARCHIVE,61 Vir c,61 Vir c,6fceafb0-9112-4248-b315-a422a26f4aad,61 Vir,199.596455,-18.3157745,27.734088,,4.46,,38.021,566,2009,Radial Velocity, Vogt et al. 2010 ,1735382817,gas,2026-09-18T14:51:26.782Z,"{""pl_name"":""61 Vir c"",""hostname"":""61 Vir"",""gaia_dr3_id"":""Gaia DR3 3507879565090229888"",""ra"":199.596455,""dec"":-18.3157745,""sy_dist"":8.50332,""sy_gaiamag"":4.54052,""pl_rade"":4.46,""pl_radelim"":0,""pl_bmasse"":18.2,""pl_bmasselim"":0,""pl_bmassprov"":""Msini"",""pl_orbper"":38.021,""pl_orbperlim"":0,""pl_orbsmax"":0.2175,""pl_eqt"":565.87,""pl_eqtlim"":0,""disc_year"":2009,""discoverymethod"":""Radial Velocity"",""disc_refname"":""<a refstr=VOGT_ET_AL__2010 href=https://ui.adsabs.harvard.edu/abs/2010ApJ...708.1366V/abstract target=ref> Vogt et al. 2010 </a>"",""import_batch"":""astralys_nasa_confirmed_planets_20260918"",""discovery_status"":""confirmed"",""table"":""pscomppars"",""gaia_host_source_id"":""3507879565090229888"",""orbit_order"":2,""retrieved_at"":""2026-09-18T14:51:26.782Z"",""sky_position_kind"":""host_system_direction"",""visual_is_interpretation"":true,""best_mass_is_minimum"":true}"
planet,NASA_EXOPLANET_ARCHIVE,47 UMa d,47 UMa d,4a1e31a7-46c0-43e7-a3d1-7a39f286af43,47 UMa,164.8647611,40.4304931,44.998765,,13.5,,14002,92,2009,Radial Velocity, Gregory &amp; Fischer 2010 ,1596557942,gas,2026-09-18T14:51:26.782Z,"{""pl_name"":""47 UMa d"",""hostname"":""47 UMa"",""gaia_dr3_id"":""Gaia DR3 777254360337133312"",""ra"":164.8647611,""dec"":40.4304931,""sy_dist"":13.7967,""sy_gaiamag"":4.87837,""pl_rade"":13.5,""pl_radelim"":0,""pl_bmasse"":521.22,""pl_bmasselim"":0,""pl_bmassprov"":""Msini"",""pl_orbper"":14002,""pl_orbperlim"":0,""pl_orbsmax"":11.6,""pl_eqt"":91.58,""pl_eqtlim"":0,""disc_year"":2009,""discoverymethod"":""Radial Velocity"",""disc_refname"":""<a refstr=GREGORY___FISCHER_2010 href=https://ui.adsabs.harvard.edu/abs/2010MNRAS.403..731G/abstract target=ref> Gregory &amp; Fischer 2010 </a>"",""import_batch"":""astralys_nasa_confirmed_planets_20260918"",""discovery_status"":""confirmed"",""table"":""pscomppars"",""gaia_host_source_id"":""777254360337133312"",""orbit_order"":3,""retrieved_at"":""2026-09-18T14:51:26.782Z"",""sky_position_kind"":""host_system_direction"",""visual_is_interpretation"":true,""best_mass_is_minimum"":true}"
planet,NASA_EXOPLANET_ARCHIVE,47 UMa c,47 UMa c,4a1e31a7-46c0-43e7-a3d1-7a39f286af43,47 UMa,164.8647611,40.4304931,44.998765,,14.2,,2391,164,2001,Radial Velocity, Fischer et al. 2002 ,1479114609,gas,2026-09-18T14:51:26.782Z,"{""pl_name"":""47 UMa c"",""hostname"":""47 UMa"",""gaia_dr3_id"":""Gaia DR3 777254360337133312"",""ra"":164.8647611,""dec"":40.4304931,""sy_dist"":13.7967,""sy_gaiamag"":4.87837,""pl_rade"":14.2,""pl_radelim"":0,""pl_bmasse"":171.621,""pl_bmasselim"":0,""pl_bmassprov"":""Msini"",""pl_orbper"":2391,""pl_orbperlim"":0,""pl_orbsmax"":3.6,""pl_eqt"":164.38,""pl_eqtlim"":0,""disc_year"":2001,""discoverymethod"":""Radial Velocity"",""disc_refname"":""<a refstr=FISCHER_ET_AL__2002 href=https://ui.adsabs.harvard.edu/abs/2002ApJ...564.1028F/abstract target=ref> Fischer et al. 2002 </a>"",""import_batch"":""astralys_nasa_confirmed_planets_20260918"",""discovery_status"":""confirmed"",""table"":""pscomppars"",""gaia_host_source_id"":""777254360337133312"",""orbit_order"":2,""retrieved_at"":""2026-09-18T14:51:26.782Z"",""sky_position_kind"":""host_system_direction"",""visual_is_interpretation"":true,""best_mass_is_minimum"":true}"
planet,NASA_EXOPLANET_ARCHIVE,HD 47186 c,HD 47186 c,24e9d305-3f34-49d4-ac62-f81bb70b2bd1,HD 47186,99.0367212,-27.6234285,122.169558,,13,,1353.6,183,2008,Radial Velocity, Bouchy et al. 2009 ,2063651942,gas,2026-09-18T14:51:26.782Z,"{""pl_name"":""HD 47186 c"",""hostname"":""HD 47186"",""gaia_dr3_id"":""Gaia DR3 2919760965880144384"",""ra"":99.0367212,""dec"":-27.6234285,""sy_dist"":37.4574,""sy_gaiamag"":7.44897,""pl_rade"":13,""pl_radelim"":0,""pl_bmasse"":111.42,""pl_bmasselim"":0,""pl_bmassprov"":""Msini"",""pl_orbper"":1353.6,""pl_orbperlim"":0,""pl_orbsmax"":2.395,""pl_eqt"":183.18,""pl_eqtlim"":0,""disc_year"":2008,""discoverymethod"":""Radial Velocity"",""disc_refname"":""<a refstr=BOUCHY_ET_AL__2009 href=https://ui.adsabs.harvard.edu/abs/2009A&A...496..527B/abstract target=ref> Bouchy et al. 2009 </a>"",""import_batch"":""astralys_nasa_confirmed_planets_20260918"",""discovery_status"":""confirmed"",""table"":""pscomppars"",""gaia_host_source_id"":""2919760965880144384"",""orbit_order"":2,""retrieved_at"":""2026-09-18T14:51:26.782Z"",""sky_position_kind"":""host_system_direction"",""visual_is_interpretation"":true,""best_mass_is_minimum"":true}"
planet,NASA_EXOPLANET_ARCHIVE,HD 196885 A b,HD 196885 A b,bb23facf-c99c-4e4e-9bd9-131305f7f7a6,HD 196885 A,309.9664609,11.2500236,111.444896,,13.2,,1333,224,2007,Radial Velocity, Correia et al. 2008 ,944537597,gas,2026-09-18T14:51:26.782Z,"{""pl_name"":""HD 196885 A b"",""hostname"":""HD 196885 A"",""gaia_dr3_id"":""Gaia DR3 1754430373040023168"",""ra"":309.9664609,""dec"":11.2500236,""sy_dist"":34.1692,""sy_gaiamag"":6.26141,""pl_rade"":13.2,""pl_radelim"":0,""pl_bmasse"":819.97,""pl_bmasselim"":0,""pl_bmassprov"":""Msini"",""pl_orbper"":1333,""pl_orbperlim"":0,""pl_orbsmax"":2.37,""pl_eqt"":224.21,""pl_eqtlim"":0,""disc_year"":2007,""discoverymethod"":""Radial Velocity"",""disc_refname"":""<a refstr=CORREIA_ET_AL__2008 href=https://ui.adsabs.harvard.edu/abs/2008A&A...479..271C/abstract target=ref> Correia et al. 2008 </a>"",""import_batch"":""astralys_nasa_confirmed_planets_20260918"",""discovery_status"":""confirmed"",""table"":""pscomppars"",""gaia_host_source_id"":""1754430373040023168"",""orbit_order"":1,""retrieved_at"":""2026-09-18T14:51:26.782Z"",""sky_position_kind"":""host_system_direction"",""visual_is_interpretation"":true,""best_mass_is_minimum"":true}"
planet,NASA_EXOPLANET_ARCHIVE,HD 110014 b,HD 110014 b,f85291a0-9432-4926-a0a3-0cc377eaab20,HD 110014,189.8111935,-7.9956702,328.628262,,12.4,,835.477,670,2009,Radial Velocity, de Medeiros et al. 2009 ,1688929742,gas,2026-09-18T14:51:26.782Z,"{""pl_name"":""HD 110014 b"",""hostname"":""HD 110014"",""gaia_dr3_id"":""Gaia DR3 3676091134604409728"",""ra"":189.8111935,""dec"":-7.9956702,""sy_dist"":100.758,""sy_gaiamag"":4.31048,""pl_rade"":12.4,""pl_radelim"":0,""pl_bmasse"":3524.59,""pl_bmasselim"":0,""pl_bmassprov"":""Msini"",""pl_orbper"":835.477,""pl_orbperlim"":0,""pl_orbsmax"":2.14,""pl_eqt"":669.84,""pl_eqtlim"":0,""disc_year"":2009,""discoverymethod"":""Radial Velocity"",""disc_refname"":""<a refstr=DE_MEDEIROS_ET_AL__2009 href=https://ui.adsabs.harvard.edu/abs/2009A%26A...504..617D/abstract target=ref> de Medeiros et al. 2009 </a>"",""import_batch"":""astralys_nasa_confirmed_planets_20260918"",""discovery_status"":""confirmed"",""table"":""pscomppars"",""gaia_host_source_id"":""3676091134604409728"",""orbit_order"":1,""retrieved_at"":""2026-09-18T14:51:26.782Z"",""sky_position_kind"":""host_system_direction"",""visual_is_interpretation"":true,""best_mass_is_minimum"":true}"
planet,NASA_EXOPLANET_ARCHIVE,HD 134987 c,HD 134987 c,d4602acb-748f-4e26-8ec6-be2f61ca2c39,HD 134987,228.3675397,-25.3096721,85.388945,,13.9,,5000,125,2009,Radial Velocity, Jones et al. 2010 ,1136305388,gas,2026-09-18T14:51:26.782Z,"{""pl_name"":""HD 134987 c"",""hostname"":""HD 134987"",""gaia_dr3_id"":""Gaia DR3 6226694571859532800"",""ra"":228.3675397,""dec"":-25.3096721,""sy_dist"":26.1804,""sy_gaiamag"":6.28994,""pl_rade"":13.9,""pl_radelim"":0,""pl_bmasse"":260,""pl_bmasselim"":0,""pl_bmassprov"":""Msini"",""pl_orbper"":5000,""pl_orbperlim"":0,""pl_orbsmax"":5.8,""pl_eqt"":125.03,""pl_eqtlim"":0,""disc_year"":2009,""discoverymethod"":""Radial Velocity"",""disc_refname"":""<a refstr=JONES_ET_AL__2010 href=https://ui.adsabs.harvard.edu/abs/2010MNRAS.403.1703J/abstract target=ref> Jones et al. 2010 </a>"",""import_batch"":""astralys_nasa_confirmed_planets_20260918"",""discovery_status"":""confirmed"",""table"":""pscomppars"",""gaia_host_source_id"":""6226694571859532800"",""orbit_order"":2,""retrieved_at"":""2026-09-18T14:51:26.782Z"",""sky_position_kind"":""host_system_direction"",""visual_is_interpretation"":true,""best_mass_is_minimum"":true}"
planet,NASA_EXOPLANET_ARCHIVE,HD 147018 b,HD 147018 b,96bc5d99-1f89-40b0-827a-8bde26e91d19,HD 147018,245.7490012,-61.6901291,131.85052,,13.4,,44.236,520,2009,Radial Velocity, S&eacute;gransan et al. 2010 ,918090094,gas,2026-09-18T14:51:26.782Z,"{""pl_name"":""HD 147018 b"",""hostname"":""HD 147018"",""gaia_dr3_id"":""Gaia DR3 5831054382288870912"",""ra"":245.7490012,""dec"":-61.6901291,""sy_dist"":40.4256,""sy_gaiamag"":8.11145,""pl_rade"":13.4,""pl_radelim"":0,""pl_bmasse"":674,""pl_bmasselim"":0,""pl_bmassprov"":""Msini"",""pl_orbper"":44.236,""pl_orbperlim"":0,""pl_orbsmax"":0.2388,""pl_eqt"":519.98,""pl_eqtlim"":0,""disc_year"":2009,""discoverymethod"":""Radial Velocity"",""disc_refname"":""<a refstr=SEGRANSAN_ET_AL__2010 href=https://ui.adsabs.harvard.edu/abs/2010A%26A...511A..45S/abstract target=ref> S&eacute;gransan et al. 2010 </a>"",""import_batch"":""astralys_nasa_confirmed_planets_20260918"",""discovery_status"":""confirmed"",""table"":""pscomppars"",""gaia_host_source_id"":""5831054382288870912"",""orbit_order"":1,""retrieved_at"":""2026-09-18T14:51:26.782Z"",""sky_position_kind"":""host_system_direction"",""visual_is_interpretation"":true,""best_mass_is_minimum"":true}"
planet,NASA_EXOPLANET_ARCHIVE,HD 147018 c,HD 147018 c,96bc5d99-1f89-40b0-827a-8bde26e91d19,HD 147018,245.7490012,-61.6901291,131.85052,,12.7,,1008,183,2009,Radial Velocity, S&eacute;gransan et al. 2010 ,934867713,gas,2026-09-18T14:51:26.782Z,"{""pl_name"":""HD 147018 c"",""hostname"":""HD 147018"",""gaia_dr3_id"":""Gaia DR3 5831054382288870912"",""ra"":245.7490012,""dec"":-61.6901291,""sy_dist"":40.4256,""sy_gaiamag"":8.11145,""pl_rade"":12.7,""pl_radelim"":0,""pl_bmasse"":2080,""pl_bmasselim"":0,""pl_bmassprov"":""Msini"",""pl_orbper"":1008,""pl_orbperlim"":0,""pl_orbsmax"":1.922,""pl_eqt"":183.28,""pl_eqtlim"":0,""disc_year"":2009,""discoverymethod"":""Radial Velocity"",""disc_refname"":""<a refstr=SEGRANSAN_ET_AL__2010 href=https://ui.adsabs.harvard.edu/abs/2010A%26A...511A..45S/abstract target=ref> S&eacute;gransan et al. 2010 </a>"",""import_batch"":""astralys_nasa_confirmed_planets_20260918"",""discovery_status"":""confirmed"",""table"":""pscomppars"",""gaia_host_source_id"":""5831054382288870912"",""orbit_order"":2,""retrieved_at"":""2026-09-18T14:51:26.782Z"",""sky_position_kind"":""host_system_direction"",""visual_is_interpretation"":true,""best_mass_is_minimum"":true}"
planet,NASA_EXOPLANET_ARCHIVE,HD 220773 b,HD 220773 b,7ca8701b-c143-4220-ba54-1d8da6102f55,HD 220773,351.6144715,8.6428871,164.742374,,13.6,,3724.7,167,2011,Radial Velocity, Robertson et al. 2012 ,746464922,gas,2026-09-18T14:51:26.782Z,"{""pl_name"":""HD 220773 b"",""hostname"":""HD 220773"",""gaia_dr3_id"":""Gaia DR3 2761142326076104192"",""ra"":351.6144715,""dec"":8.6428871,""sy_dist"":50.5103,""sy_gaiamag"":6.94595,""pl_rade"":13.6,""pl_radelim"":0,""pl_bmasse"":460.8,""pl_bmasselim"":0,""pl_bmassprov"":""Msini"",""pl_orbper"":3724.7,""pl_orbperlim"":0,""pl_orbsmax"":4.94,""pl_eqt"":167.02,""pl_eqtlim"":0,""disc_year"":2011,""discoverymethod"":""Radial Velocity"",""disc_refname"":""<a refstr=ROBERTSON_ET_AL__2012 href=https://ui.adsabs.harvard.edu/abs/2012ApJ...749...39R/abstract target=ref> Robertson et al. 2012 </a>"",""import_batch"":""astralys_nasa_confirmed_planets_20260918"",""discovery_status"":""confirmed"",""table"":""pscomppars"",""gaia_host_source_id"":""2761142326076104192"",""orbit_order"":1,""retrieved_at"":""2026-09-18T14:51:26.782Z"",""sky_position_kind"":""host_system_direction"",""visual_is_interpretation"":true,""best_mass_is_minimum"":true}"
planet,NASA_EXOPLANET_ARCHIVE,HD 147513 b,HD 147513 b,2bb31759-69d0-4bcc-88d7-c104ec837690,HD 147513,246.0057894,-39.1929661,42.084561,,13.7,,528.4,244,2003,Radial Velocity, Mayor et al. 2004 ,876650592,gas,2026-09-18T14:51:26.782Z,"{""pl_name"":""HD 147513 b"",""hostname"":""HD 147513"",""gaia_dr3_id"":""Gaia DR3 6018047019138644480"",""ra"":246.0057894,""dec"":-39.1929661,""sy_dist"":12.9032,""sy_gaiamag"":5.22664,""pl_rade"":13.7,""pl_radelim"":0,""pl_bmasse"":385,""pl_bmasselim"":0,""pl_bmassprov"":""Msini"",""pl_orbper"":528.4,""pl_orbperlim"":0,""pl_orbsmax"":1.32,""pl_eqt"":244.43,""pl_eqtlim"":0,""disc_year"":2003,""discoverymethod"":""Radial Velocity"",""disc_refname"":""<a refstr=MAYOR_ET_AL__2004 href=https://ui.adsabs.harvard.edu/abs/2004A&A...415..391M/abstract target=ref> Mayor et al. 2004 </a>"",""import_batch"":""astralys_nasa_confirmed_planets_20260918"",""discovery_status"":""confirmed"",""table"":""pscomppars"",""gaia_host_source_id"":""6018047019138644480"",""orbit_order"":1,""retrieved_at"":""2026-09-18T14:51:26.782Z"",""sky_position_kind"":""host_system_direction"",""visual_is_interpretation"":true,""best_mass_is_minimum"":true}"
planet,NASA_EXOPLANET_ARCHIVE,HD 129445 b,HD 129445 b,c9503f3e-9895-4810-8c79-850aa4795257,HD 129445,221.5104196,-68.7629901,219.95504,,13.3,797.74930157,1840,173,2009,Radial Velocity, Arriagada et al. 2010 ,601832048,gas,2026-09-18T14:51:26.782Z,"{""pl_name"":""HD 129445 b"",""hostname"":""HD 129445"",""gaia_dr3_id"":""Gaia DR3 5800013451037514496"",""ra"":221.5104196,""dec"":-68.7629901,""sy_dist"":67.4386,""sy_gaiamag"":8.6178,""pl_rade"":13.3,""pl_radelim"":0,""pl_bmasse"":797.74930157,""pl_bmasselim"":0,""pl_bmassprov"":""Mass"",""pl_orbper"":1840,""pl_orbperlim"":0,""pl_orbsmax"":2.9,""pl_eqt"":173.36,""pl_eqtlim"":0,""disc_year"":2009,""discoverymethod"":""Radial Velocity"",""disc_refname"":""<a refstr=ARRIAGADA_ET_AL__2010 href=https://ui.adsabs.harvard.edu/abs/2010ApJ...711.1229A/abstract target=ref> Arriagada et al. 2010 </a>"",""import_batch"":""astralys_nasa_confirmed_planets_20260918"",""discovery_status"":""confirmed"",""table"":""pscomppars"",""gaia_host_source_id"":""5800013451037514496"",""orbit_order"":1,""retrieved_at"":""2026-09-18T14:51:26.782Z"",""sky_position_kind"":""host_system_direction"",""visual_is_interpretation"":true,""best_mass_is_minimum"":false}"
planet,NASA_EXOPLANET_ARCHIVE,HD 8535 b,HD 8535 b,5fd17436-dae8-4ae8-9c66-557658c65d8d,HD 8535,20.9054804,-41.2701007,180.821213,,14,,1313,206,2010,Radial Velocity, Naef et al. 2010 ,1507055543,gas,2026-09-18T14:51:26.782Z,"{""pl_name"":""HD 8535 b"",""hostname"":""HD 8535"",""gaia_dr3_id"":""Gaia DR3 4984244302162168704"",""ra"":20.9054804,""dec"":-41.2701007,""sy_dist"":55.4401,""sy_gaiamag"":7.56066,""pl_rade"":14,""pl_radelim"":0,""pl_bmasse"":216.1244,""pl_bmasselim"":0,""pl_bmassprov"":""Msini"",""pl_orbper"":1313,""pl_orbperlim"":0,""pl_orbsmax"":2.45,""pl_eqt"":206.21,""pl_eqtlim"":0,""disc_year"":2010,""discoverymethod"":""Radial Velocity"",""disc_refname"":""<a refstr=NAEF_ET_AL__2010 href=https://ui.adsabs.harvard.edu/abs/2010A%26A...523A..15N/abstract target=ref> Naef et al. 2010 </a>"",""import_batch"":""astralys_nasa_confirmed_planets_20260918"",""discovery_status"":""confirmed"",""table"":""pscomppars"",""gaia_host_source_id"":""4984244302162168704"",""orbit_order"":1,""retrieved_at"":""2026-09-18T14:51:26.782Z"",""sky_position_kind"":""host_system_direction"",""visual_is_interpretation"":true,""best_mass_is_minimum"":true}"
planet,NASA_EXOPLANET_ARCHIVE,HD 11964 b,HD 11964 b,4f18426f-858f-45ed-ab7a-0a710465553e,HD 11964,29.2884252,-10.2434693,109.382612,,14.1,,1945,204,2005,Radial Velocity, Butler et al. 2006 ,661421256,gas,2026-09-18T14:51:26.782Z,"{""pl_name"":""HD 11964 b"",""hostname"":""HD 11964"",""gaia_dr3_id"":""Gaia DR3 2462426800883134336"",""ra"":29.2884252,""dec"":-10.2434693,""sy_dist"":33.5369,""sy_gaiamag"":6.209,""pl_rade"":14.1,""pl_radelim"":0,""pl_bmasse"":198,""pl_bmasselim"":0,""pl_bmassprov"":""Msini"",""pl_orbper"":1945,""pl_orbperlim"":0,""pl_orbsmax"":3.16,""pl_eqt"":203.93,""pl_eqtlim"":0,""disc_year"":2005,""discoverymethod"":""Radial Velocity"",""disc_refname"":""<a refstr=BUTLER_ET_AL__2006 href=https://ui.adsabs.harvard.edu/abs/2006ApJ...646..505B/abstract target=ref> Butler et al. 2006 </a>"",""import_batch"":""astralys_nasa_confirmed_planets_20260918"",""discovery_status"":""confirmed"",""table"":""pscomppars"",""gaia_host_source_id"":""2462426800883134336"",""orbit_order"":2,""retrieved_at"":""2026-09-18T14:51:26.782Z"",""sky_position_kind"":""host_system_direction"",""visual_is_interpretation"":true,""best_mass_is_minimum"":true}"
planet,NASA_EXOPLANET_ARCHIVE,HD 192310 b,HD 192310 b,6cb5d0d2-1453-4bf1-97af-4977fb14dee7,HD 192310,303.8284712,-27.0337556,28.691519,,4.27,,74.72,355,2011,Radial Velocity, Pepe et al. 2011 ,880782969,gas,2026-09-18T14:51:26.782Z,"{""pl_name"":""HD 192310 b"",""hostname"":""HD 192310"",""gaia_dr3_id"":""Gaia DR3 6847167606385195648"",""ra"":303.8284712,""dec"":-27.0337556,""sy_dist"":8.79687,""sy_gaiamag"":5.47661,""pl_rade"":4.27,""pl_radelim"":0,""pl_bmasse"":16.9,""pl_bmasselim"":0,""pl_bmassprov"":""Msin(i)/sin(i)"",""pl_orbper"":74.72,""pl_orbperlim"":0,""pl_orbsmax"":0.32,""pl_eqt"":355,""pl_eqtlim"":0,""disc_year"":2011,""discoverymethod"":""Radial Velocity"",""disc_refname"":""<a refstr=PEPE_ET_AL__2011 href=https://ui.adsabs.harvard.edu/abs/2011A%26A...534A..58P/abstract target=ref> Pepe et al. 2011 </a>"",""import_batch"":""astralys_nasa_confirmed_planets_20260918"",""discovery_status"":""confirmed"",""table"":""pscomppars"",""gaia_host_source_id"":""6847167606385195648"",""orbit_order"":1,""retrieved_at"":""2026-09-18T14:51:26.782Z"",""sky_position_kind"":""host_system_direction"",""visual_is_interpretation"":true,""best_mass_is_minimum"":false}"
planet,NASA_EXOPLANET_ARCHIVE,HD 40307 b,HD 40307 b,0acba988-a309-4f23-afea-20e9d643a1ae,HD 40307,88.5172191,-60.0237289,42.192519,,,,4.3123,910,2009,Radial Velocity, Mayor et al. 2009 ,2098385131,lava,2026-09-18T14:51:26.782Z,"{""pl_name"":""HD 40307 b"",""hostname"":""HD 40307"",""gaia_dr3_id"":""Gaia DR3 4758877919212831104"",""ra"":88.5172191,""dec"":-60.0237289,""sy_dist"":12.9363,""sy_gaiamag"":6.84367,""pl_rade"":null,""pl_radelim"":null,""pl_bmasse"":1188.99607059,""pl_bmasselim"":1,""pl_bmassprov"":""Mass"",""pl_orbper"":4.3123,""pl_orbperlim"":0,""pl_orbsmax"":0.0468,""pl_eqt"":910,""pl_eqtlim"":0,""disc_year"":2009,""discoverymethod"":""Radial Velocity"",""disc_refname"":""<a refstr=MAYOR_ET_AL__2009 href=https://ui.adsabs.harvard.edu/abs/2009A&A...493..639M/abstract target=ref> Mayor et al. 2009 </a>"",""import_batch"":""astralys_nasa_confirmed_planets_20260918"",""discovery_status"":""confirmed"",""table"":""pscomppars"",""gaia_host_source_id"":""4758877919212831104"",""orbit_order"":1,""retrieved_at"":""2026-09-18T14:51:26.782Z"",""sky_position_kind"":""host_system_direction"",""visual_is_interpretation"":true,""best_mass_is_minimum"":false}"
planet,NASA_EXOPLANET_ARCHIVE,HD 40307 c,HD 40307 c,0acba988-a309-4f23-afea-20e9d643a1ae,HD 40307,88.5172191,-60.0237289,42.192519,,,,9.6184,696,2009,Radial Velocity, Mayor et al. 2009 ,2081607512,rocky,2026-09-18T14:51:26.782Z,"{""pl_name"":""HD 40307 c"",""hostname"":""HD 40307"",""gaia_dr3_id"":""Gaia DR3 4758877919212831104"",""ra"":88.5172191,""dec"":-60.0237289,""sy_dist"":12.9363,""sy_gaiamag"":6.84367,""pl_rade"":null,""pl_radelim"":null,""pl_bmasse"":1868.51320475,""pl_bmasselim"":1,""pl_bmassprov"":""Mass"",""pl_orbper"":9.6184,""pl_orbperlim"":0,""pl_orbsmax"":0.0799,""pl_eqt"":696,""pl_eqtlim"":0,""disc_year"":2009,""discoverymethod"":""Radial Velocity"",""disc_refname"":""<a refstr=MAYOR_ET_AL__2009 href=https://ui.adsabs.harvard.edu/abs/2009A&A...493..639M/abstract target=ref> Mayor et al. 2009 </a>"",""import_batch"":""astralys_nasa_confirmed_planets_20260918"",""discovery_status"":""confirmed"",""table"":""pscomppars"",""gaia_host_source_id"":""4758877919212831104"",""orbit_order"":2,""retrieved_at"":""2026-09-18T14:51:26.782Z"",""sky_position_kind"":""host_system_direction"",""visual_is_interpretation"":true,""best_mass_is_minimum"":false}"
planet,NASA_EXOPLANET_ARCHIVE,91 Aqr b,91 Aqr b,20b5f5a7-f3a9-4c81-94f3-8840eba97226,91 Aqr,348.9745031,-9.0878076,143.607791,,13.1,,181.4,892,2013,Radial Velocity, Mitchell et al. 2013 ,1939522341,gas,2026-09-18T14:51:26.782Z,"{""pl_name"":""91 Aqr b"",""hostname"":""91 Aqr"",""gaia_dr3_id"":""Gaia DR3 2630155547353593216"",""ra"":348.9745031,""dec"":-9.0878076,""sy_dist"":44.0304,""sy_gaiamag"":3.95311,""pl_rade"":13.1,""pl_radelim"":0,""pl_bmasse"":1017,""pl_bmasselim"":0,""pl_bmassprov"":""Msini"",""pl_orbper"":181.4,""pl_orbperlim"":0,""pl_orbsmax"":0.7,""pl_eqt"":891.73,""pl_eqtlim"":0,""disc_year"":2013,""discoverymethod"":""Radial Velocity"",""disc_refname"":""<a refstr=MITCHELL_ET_AL__2013 href=https://ui.adsabs.harvard.edu/abs/2013A%26A...555A..87M/abstract target=ref> Mitchell et al. 2013 </a>"",""import_batch"":""astralys_nasa_confirmed_planets_20260918"",""discovery_status"":""confirmed"",""table"":""pscomppars"",""gaia_host_source_id"":""2630155547353593216"",""orbit_order"":1,""retrieved_at"":""2026-09-18T14:51:26.782Z"",""sky_position_kind"":""host_system_direction"",""visual_is_interpretation"":true,""best_mass_is_minimum"":true}"
planet,NASA_EXOPLANET_ARCHIVE,HD 40307 d,HD 40307 d,0acba988-a309-4f23-afea-20e9d643a1ae,HD 40307,88.5172191,-60.0237289,42.192519,,,,20.432,541,2009,Radial Velocity, Mayor et al. 2009 ,51567198,rocky,2026-09-18T14:51:26.782Z,"{""pl_name"":""HD 40307 d"",""hostname"":""HD 40307"",""gaia_dr3_id"":""Gaia DR3 4758877919212831104"",""ra"":88.5172191,""dec"":-60.0237289,""sy_dist"":12.9363,""sy_gaiamag"":6.84367,""pl_rade"":null,""pl_radelim"":null,""pl_bmasse"":1775.3894815,""pl_bmasselim"":1,""pl_bmassprov"":""Mass"",""pl_orbper"":20.432,""pl_orbperlim"":0,""pl_orbsmax"":0.1321,""pl_eqt"":541,""pl_eqtlim"":0,""disc_year"":2009,""discoverymethod"":""Radial Velocity"",""disc_refname"":""<a refstr=MAYOR_ET_AL__2009 href=https://ui.adsabs.harvard.edu/abs/2009A&A...493..639M/abstract target=ref> Mayor et al. 2009 </a>"",""import_batch"":""astralys_nasa_confirmed_planets_20260918"",""discovery_status"":""confirmed"",""table"":""pscomppars"",""gaia_host_source_id"":""4758877919212831104"",""orbit_order"":3,""retrieved_at"":""2026-09-18T14:51:26.782Z"",""sky_position_kind"":""host_system_direction"",""visual_is_interpretation"":true,""best_mass_is_minimum"":false}"
planet,NASA_EXOPLANET_ARCHIVE,HD 40307 f,HD 40307 f,0acba988-a309-4f23-afea-20e9d643a1ae,HD 40307,88.5172191,-60.0237289,42.192519,,2.13,,51.76,398,2013,Radial Velocity, Tuomi et al. 2013 ,18011960,rocky,2026-09-18T14:51:26.782Z,"{""pl_name"":""HD 40307 f"",""hostname"":""HD 40307"",""gaia_dr3_id"":""Gaia DR3 4758877919212831104"",""ra"":88.5172191,""dec"":-60.0237289,""sy_dist"":12.9363,""sy_gaiamag"":6.84367,""pl_rade"":2.13,""pl_radelim"":0,""pl_bmasse"":5.2,""pl_bmasselim"":0,""pl_bmassprov"":""Msini"",""pl_orbper"":51.76,""pl_orbperlim"":0,""pl_orbsmax"":0.247,""pl_eqt"":398,""pl_eqtlim"":0,""disc_year"":2013,""discoverymethod"":""Radial Velocity"",""disc_refname"":""<a refstr=TUOMI_ET_AL__2013 href=https://ui.adsabs.harvard.edu/abs/2013A%26A...549A..48T/abstract target=ref> Tuomi et al. 2013 </a>"",""import_batch"":""astralys_nasa_confirmed_planets_20260918"",""discovery_status"":""confirmed"",""table"":""pscomppars"",""gaia_host_source_id"":""4758877919212831104"",""orbit_order"":4,""retrieved_at"":""2026-09-18T14:51:26.782Z"",""sky_position_kind"":""host_system_direction"",""visual_is_interpretation"":true,""best_mass_is_minimum"":true}"
planet,NASA_EXOPLANET_ARCHIVE,HD 40307 g,HD 40307 g,0acba988-a309-4f23-afea-20e9d643a1ae,HD 40307,88.5172191,-60.0237289,42.192519,,2.56,,197.8,255,2013,Radial Velocity, Tuomi et al. 2013 ,1234341,rocky,2026-09-18T14:51:26.782Z,"{""pl_name"":""HD 40307 g"",""hostname"":""HD 40307"",""gaia_dr3_id"":""Gaia DR3 4758877919212831104"",""ra"":88.5172191,""dec"":-60.0237289,""sy_dist"":12.9363,""sy_gaiamag"":6.84367,""pl_rade"":2.56,""pl_radelim"":0,""pl_bmasse"":7.1,""pl_bmasselim"":0,""pl_bmassprov"":""Msini"",""pl_orbper"":197.8,""pl_orbperlim"":0,""pl_orbsmax"":0.6,""pl_eqt"":255,""pl_eqtlim"":0,""disc_year"":2013,""discoverymethod"":""Radial Velocity"",""disc_refname"":""<a refstr=TUOMI_ET_AL__2013 href=https://ui.adsabs.harvard.edu/abs/2013A%26A...549A..48T/abstract target=ref> Tuomi et al. 2013 </a>"",""import_batch"":""astralys_nasa_confirmed_planets_20260918"",""discovery_status"":""confirmed"",""table"":""pscomppars"",""gaia_host_source_id"":""4758877919212831104"",""orbit_order"":5,""retrieved_at"":""2026-09-18T14:51:26.782Z"",""sky_position_kind"":""host_system_direction"",""visual_is_interpretation"":true,""best_mass_is_minimum"":true}"
planet,NASA_EXOPLANET_ARCHIVE,HD 109271 b,HD 109271 b,d79bd36e-630e-46be-8b6f-166eadad1181,HD 109271,188.397397,-11.6215204,182.228576,,4.31,,7.8543,1129,2013,Radial Velocity, Lo Curto et al. 2013 ,939190779,gas,2026-09-18T14:51:26.782Z,"{""pl_name"":""HD 109271 b"",""hostname"":""HD 109271"",""gaia_dr3_id"":""Gaia DR3 3578137842709899648"",""ra"":188.397397,""dec"":-11.6215204,""sy_dist"":55.8716,""sy_gaiamag"":7.87816,""pl_rade"":4.31,""pl_radelim"":0,""pl_bmasse"":17.162,""pl_bmasselim"":0,""pl_bmassprov"":""Msini"",""pl_orbper"":7.8543,""pl_orbperlim"":0,""pl_orbsmax"":0.079,""pl_eqt"":1128.86,""pl_eqtlim"":0,""disc_year"":2013,""discoverymethod"":""Radial Velocity"",""disc_refname"":""<a refstr=LO_CURTO_ET_AL__2013 href=https://ui.adsabs.harvard.edu/abs/2013A%26A...551A..59L/abstract target=ref> Lo Curto et al. 2013 </a>"",""import_batch"":""astralys_nasa_confirmed_planets_20260918"",""discovery_status"":""confirmed"",""table"":""pscomppars"",""gaia_host_source_id"":""3578137842709899648"",""orbit_order"":1,""retrieved_at"":""2026-09-18T14:51:26.782Z"",""sky_position_kind"":""host_system_direction"",""visual_is_interpretation"":true,""best_mass_is_minimum"":true}"
planet,NASA_EXOPLANET_ARCHIVE,HD 109271 c,HD 109271 c,d79bd36e-630e-46be-8b6f-166eadad1181,HD 109271,188.397397,-11.6215204,182.228576,,5.27,,30.93,717,2013,Radial Velocity, Lo Curto et al. 2013 ,922413160,gas,2026-09-18T14:51:26.782Z,"{""pl_name"":""HD 109271 c"",""hostname"":""HD 109271"",""gaia_dr3_id"":""Gaia DR3 3578137842709899648"",""ra"":188.397397,""dec"":-11.6215204,""sy_dist"":55.8716,""sy_gaiamag"":7.87816,""pl_rade"":5.27,""pl_radelim"":0,""pl_bmasse"":24.154,""pl_bmasselim"":0,""pl_bmassprov"":""Msini"",""pl_orbper"":30.93,""pl_orbperlim"":0,""pl_orbsmax"":0.196,""pl_eqt"":716.68,""pl_eqtlim"":0,""disc_year"":2013,""discoverymethod"":""Radial Velocity"",""disc_refname"":""<a refstr=LO_CURTO_ET_AL__2013 href=https://ui.adsabs.harvard.edu/abs/2013A%26A...551A..59L/abstract target=ref> Lo Curto et al. 2013 </a>"",""import_batch"":""astralys_nasa_confirmed_planets_20260918"",""discovery_status"":""confirmed"",""table"":""pscomppars"",""gaia_host_source_id"":""3578137842709899648"",""orbit_order"":2,""retrieved_at"":""2026-09-18T14:51:26.782Z"",""sky_position_kind"":""host_system_direction"",""visual_is_interpretation"":true,""best_mass_is_minimum"":true}"
planet,NASA_EXOPLANET_ARCHIVE,bet Cnc b,bet Cnc b,0585db80-8729-4418-98ba-40cc9e544e2a,bet Cnc,124.1286379,9.1853306,290.432786,,12.6,,605.2,1040,2014,Radial Velocity, Lee et al. 2014,1637123185,gas,2026-09-18T14:51:26.782Z,"{""pl_name"":""bet Cnc b"",""hostname"":""bet Cnc"",""gaia_dr3_id"":""Gaia DR3 3098404220680931968"",""ra"":124.1286379,""dec"":9.1853306,""sy_dist"":89.0472,""sy_gaiamag"":3.04628,""pl_rade"":12.6,""pl_radelim"":0,""pl_bmasse"":2479,""pl_bmasselim"":0,""pl_bmassprov"":""Msini"",""pl_orbper"":605.2,""pl_orbperlim"":0,""pl_orbsmax"":1.7,""pl_eqt"":1039.74,""pl_eqtlim"":0,""disc_year"":2014,""discoverymethod"":""Radial Velocity"",""disc_refname"":""<a refstr=LEE_ET_AL__2014 href=https://ui.adsabs.harvard.edu/abs/2014A&A...566A..67L/abstract target=ref> Lee et al. 2014</a>"",""import_batch"":""astralys_nasa_confirmed_planets_20260918"",""discovery_status"":""confirmed"",""table"":""pscomppars"",""gaia_host_source_id"":""3098404220680931968"",""orbit_order"":1,""retrieved_at"":""2026-09-18T14:51:26.782Z"",""sky_position_kind"":""host_system_direction"",""visual_is_interpretation"":true,""best_mass_is_minimum"":true}"
planet,NASA_EXOPLANET_ARCHIVE,mu Leo b,mu Leo b,81b2d7d3-66c4-49b9-a0e8-0a484b89e4a5,mu Leo,148.1898673,26.0067142,106.353275,,13.3,,357.8,704,2014,Radial Velocity, Lee et al. 2014,361666766,gas,2026-09-18T14:51:26.782Z,"{""pl_name"":""mu Leo b"",""hostname"":""mu Leo"",""gaia_dr3_id"":""Gaia DR3 643819484617141504"",""ra"":148.1898673,""dec"":26.0067142,""sy_dist"":32.6081,""sy_gaiamag"":3.52769,""pl_rade"":13.3,""pl_radelim"":0,""pl_bmasse"":762.8,""pl_bmasselim"":0,""pl_bmassprov"":""Msini"",""pl_orbper"":357.8,""pl_orbperlim"":0,""pl_orbsmax"":1.1,""pl_eqt"":704.49,""pl_eqtlim"":0,""disc_year"":2014,""discoverymethod"":""Radial Velocity"",""disc_refname"":""<a refstr=LEE_ET_AL__2014 href=https://ui.adsabs.harvard.edu/abs/2014A&A...566A..67L/abstract target=ref> Lee et al. 2014</a>"",""import_batch"":""astralys_nasa_confirmed_planets_20260918"",""discovery_status"":""confirmed"",""table"":""pscomppars"",""gaia_host_source_id"":""643819484617141504"",""orbit_order"":1,""retrieved_at"":""2026-09-18T14:51:26.782Z"",""sky_position_kind"":""host_system_direction"",""visual_is_interpretation"":true,""best_mass_is_minimum"":true}"
planet,NASA_EXOPLANET_ARCHIVE,HD 207832 c,HD 207832 c,b0f3aeef-7cb2-4395-b7fe-b2ac3043fa84,HD 207832,328.1517893,-26.0271749,192.200795,,14,,1155.7,180,2012,Radial Velocity, Haghighipour et al. 2012 ,1619540202,gas,2026-09-18T14:51:26.782Z,"{""pl_name"":""HD 207832 c"",""hostname"":""HD 207832"",""gaia_dr3_id"":""Gaia DR3 6812056381881853056"",""ra"":328.1517893,""dec"":-26.0271749,""sy_dist"":58.9291,""sy_gaiamag"":8.61176,""pl_rade"":14,""pl_radelim"":0,""pl_bmasse"":232.0159,""pl_bmasselim"":0,""pl_bmassprov"":""Msini"",""pl_orbper"":1155.7,""pl_orbperlim"":0,""pl_orbsmax"":2.112,""pl_eqt"":179.84,""pl_eqtlim"":0,""disc_year"":2012,""discoverymethod"":""Radial Velocity"",""disc_refname"":""<a refstr=HAGHIGHIPOUR_ET_AL__2012 href=https://ui.adsabs.harvard.edu/abs/2012ApJ...756...91H/abstract target=ref> Haghighipour et al. 2012 </a>"",""import_batch"":""astralys_nasa_confirmed_planets_20260918"",""discovery_status"":""confirmed"",""table"":""pscomppars"",""gaia_host_source_id"":""6812056381881853056"",""orbit_order"":2,""retrieved_at"":""2026-09-18T14:51:26.782Z"",""sky_position_kind"":""host_system_direction"",""visual_is_interpretation"":true,""best_mass_is_minimum"":true}"
planet,NASA_EXOPLANET_ARCHIVE,HD 150706 b,HD 150706 b,8657ca69-275c-4dcc-8ad2-027988281b65,HD 150706,247.8255687,79.7894032,92.203323,,13.3,772.32302901,5894,109,2012,Radial Velocity, Boisse et al. 2012 ,416846529,gas,2026-09-18T14:51:26.782Z,"{""pl_name"":""HD 150706 b"",""hostname"":""HD 150706"",""gaia_dr3_id"":""Gaia DR3 1709456705329541504"",""ra"":247.8255687,""dec"":79.7894032,""sy_dist"":28.2697,""sy_gaiamag"":6.85038,""pl_rade"":13.3,""pl_radelim"":0,""pl_bmasse"":772.32302901,""pl_bmasselim"":0,""pl_bmassprov"":""Mass"",""pl_orbper"":5894,""pl_orbperlim"":0,""pl_orbsmax"":6.7,""pl_eqt"":108.81,""pl_eqtlim"":0,""disc_year"":2012,""discoverymethod"":""Radial Velocity"",""disc_refname"":""<a refstr=BOISSE_ET_AL__2012 href=https://ui.adsabs.harvard.edu/abs/2012A%26A...545A..55B/abstract target=ref> Boisse et al. 2012 </a>"",""import_batch"":""astralys_nasa_confirmed_planets_20260918"",""discovery_status"":""confirmed"",""table"":""pscomppars"",""gaia_host_source_id"":""1709456705329541504"",""orbit_order"":1,""retrieved_at"":""2026-09-18T14:51:26.782Z"",""sky_position_kind"":""host_system_direction"",""visual_is_interpretation"":true,""best_mass_is_minimum"":false}"
planet,NASA_EXOPLANET_ARCHIVE,HIP 57274 d,HIP 57274 d,d22d7041-9a4a-40e9-a983-7fcbce28dc2b,HIP 57274,176.1705487,30.9576484,84.349812,,14.2,,431.7,184,2011,Radial Velocity, Fischer et al. 2012 ,1192637907,gas,2026-09-18T14:51:26.782Z,"{""pl_name"":""HIP 57274 d"",""hostname"":""HIP 57274"",""gaia_dr3_id"":""Gaia DR3 4021079911593673600"",""ra"":176.1705487,""dec"":30.9576484,""sy_dist"":25.8618,""sy_gaiamag"":8.57069,""pl_rade"":14.2,""pl_radelim"":0,""pl_bmasse"":167.4,""pl_bmasselim"":0,""pl_bmassprov"":""Msini"",""pl_orbper"":431.7,""pl_orbperlim"":0,""pl_orbsmax"":1.01,""pl_eqt"":183.59,""pl_eqtlim"":0,""disc_year"":2011,""discoverymethod"":""Radial Velocity"",""disc_refname"":""<a refstr=FISCHER_ET_AL__2012 href=https://ui.adsabs.harvard.edu/abs/2012ApJ...745...21F/abstract target=ref> Fischer et al. 2012 </a>"",""import_batch"":""astralys_nasa_confirmed_planets_20260918"",""discovery_status"":""confirmed"",""table"":""pscomppars"",""gaia_host_source_id"":""4021079911593673600"",""orbit_order"":3,""retrieved_at"":""2026-09-18T14:51:26.782Z"",""sky_position_kind"":""host_system_direction"",""visual_is_interpretation"":true,""best_mass_is_minimum"":true}"
planet,NASA_EXOPLANET_ARCHIVE,Kapteyn c,Kapteyn c,0ec5645d-efbb-48f4-8759-3f3a78bbb86c,Kapteyn,77.9586613,-45.0430198,12.827879,,2.54,,121.54,166,2014,Radial Velocity, Anglada-Escud&eacute; et al. 2014,1915901946,ice,2026-09-18T14:51:26.782Z,"{""pl_name"":""Kapteyn c"",""hostname"":""Kapteyn"",""gaia_dr3_id"":""Gaia DR3 4810594479418041856"",""ra"":77.9586613,""dec"":-45.0430198,""sy_dist"":3.93305,""sy_gaiamag"":8.06198,""pl_rade"":2.54,""pl_radelim"":0,""pl_bmasse"":7,""pl_bmasselim"":0,""pl_bmassprov"":""Msini"",""pl_orbper"":121.54,""pl_orbperlim"":0,""pl_orbsmax"":0.311,""pl_eqt"":165.59,""pl_eqtlim"":0,""disc_year"":2014,""discoverymethod"":""Radial Velocity"",""disc_refname"":""<a refstr=ANGLADA_ESCUD_EACUTE__ET_AL__2014 href=https://ui.adsabs.harvard.edu/abs/2014MNRAS.443L..89A/abstract target=ref> Anglada-Escud&eacute; et al. 2014</a>"",""import_batch"":""astralys_nasa_confirmed_planets_20260918"",""discovery_status"":""confirmed"",""table"":""pscomppars"",""gaia_host_source_id"":""4810594479418041856"",""orbit_order"":1,""retrieved_at"":""2026-09-18T14:51:26.782Z"",""sky_position_kind"":""host_system_direction"",""visual_is_interpretation"":true,""best_mass_is_minimum"":true}"
planet,NASA_EXOPLANET_ARCHIVE,HD 82943 b,HD 82943 b,454edb4c-237e-4922-8282-52f2a9ab8723,HD 82943,143.7114034,-12.1302976,89.987093,,13.5,534.25,441.47,286,2003,Radial Velocity, Mayor et al. 2004 ,1248856103,gas,2026-09-18T14:51:26.782Z,"{""pl_name"":""HD 82943 b"",""hostname"":""HD 82943"",""gaia_dr3_id"":""Gaia DR3 5691782130578684544"",""ra"":143.7114034,""dec"":-12.1302976,""sy_dist"":27.5902,""sy_gaiamag"":6.38964,""pl_rade"":13.5,""pl_radelim"":0,""pl_bmasse"":534.25,""pl_bmasselim"":0,""pl_bmassprov"":""Mass"",""pl_orbper"":441.47,""pl_orbperlim"":0,""pl_orbsmax"":1.18306,""pl_eqt"":286.13,""pl_eqtlim"":0,""disc_year"":2003,""discoverymethod"":""Radial Velocity"",""disc_refname"":""<a refstr=MAYOR_ET_AL__2004 href=https://ui.adsabs.harvard.edu/abs/2004A&A...415..391M/abstract target=ref> Mayor et al. 2004 </a>"",""import_batch"":""astralys_nasa_confirmed_planets_20260918"",""discovery_status"":""confirmed"",""table"":""pscomppars"",""gaia_host_source_id"":""5691782130578684544"",""orbit_order"":2,""retrieved_at"":""2026-09-18T14:51:26.782Z"",""sky_position_kind"":""host_system_direction"",""visual_is_interpretation"":true,""best_mass_is_minimum"":false}"
planet,NASA_EXOPLANET_ARCHIVE,HD 82943 c,HD 82943 c,454edb4c-237e-4922-8282-52f2a9ab8723,HD 82943,143.7114034,-12.1302976,89.987093,,13.4,622.603,220.078,361,2003,Radial Velocity, Mayor et al. 2004 ,1232078484,gas,2026-09-18T14:51:26.782Z,"{""pl_name"":""HD 82943 c"",""hostname"":""HD 82943"",""gaia_dr3_id"":""Gaia DR3 5691782130578684544"",""ra"":143.7114034,""dec"":-12.1302976,""sy_dist"":27.5902,""sy_gaiamag"":6.38964,""pl_rade"":13.4,""pl_radelim"":0,""pl_bmasse"":622.603,""pl_bmasselim"":0,""pl_bmassprov"":""Mass"",""pl_orbper"":220.078,""pl_orbperlim"":0,""pl_orbsmax"":0.74345,""pl_eqt"":360.95,""pl_eqtlim"":0,""disc_year"":2003,""discoverymethod"":""Radial Velocity"",""disc_refname"":""<a refstr=MAYOR_ET_AL__2004 href=https://ui.adsabs.harvard.edu/abs/2004A&A...415..391M/abstract target=ref> Mayor et al. 2004 </a>"",""import_batch"":""astralys_nasa_confirmed_planets_20260918"",""discovery_status"":""confirmed"",""table"":""pscomppars"",""gaia_host_source_id"":""5691782130578684544"",""orbit_order"":1,""retrieved_at"":""2026-09-18T14:51:26.782Z"",""sky_position_kind"":""host_system_direction"",""visual_is_interpretation"":true,""best_mass_is_minimum"":false}"
planet,NASA_EXOPLANET_ARCHIVE,HD 127195 b,HD 127195 b,a8f46de5-0675-44dd-90ba-e8c7a7181bc6,HD 127195,217.8714193,-47.7292571,276.3086,,14,,534.5,,2026,Radial Velocity,Figueira et al. 2026,1826123677,gas,2026-09-18T14:51:26.782Z,"{""pl_name"":""HD 127195 b"",""hostname"":""HD 127195"",""gaia_dr3_id"":""Gaia DR3 6091942515572349312"",""ra"":217.8714193,""dec"":-47.7292571,""sy_dist"":84.7167,""sy_gaiamag"":6.92274,""pl_rade"":14,""pl_radelim"":0,""pl_bmasse"":212.94503269,""pl_bmasselim"":0,""pl_bmassprov"":""Msini"",""pl_orbper"":534.5,""pl_orbperlim"":0,""pl_orbsmax"":null,""pl_eqt"":null,""pl_eqtlim"":null,""disc_year"":2026,""discoverymethod"":""Radial Velocity"",""disc_refname"":""<a refstr=FIGUEIRA_ET_AL_2026 href=https://ui.adsabs.harvard.edu/abs/2026A&A...712A.143F/abstract target=ref>Figueira et al. 2026</a>"",""import_batch"":""astralys_nasa_confirmed_planets_20260918"",""discovery_status"":""confirmed"",""table"":""pscomppars"",""gaia_host_source_id"":""6091942515572349312"",""orbit_order"":1,""retrieved_at"":""2026-09-18T14:51:26.782Z"",""sky_position_kind"":""host_system_direction"",""visual_is_interpretation"":true,""best_mass_is_minimum"":true}"
planet,NASA_EXOPLANET_ARCHIVE,HD 159243 b,HD 159243 b,c888e755-d84f-4f0e-a64b-3519d40fda73,HD 159243,263.3395365,5.7008254,239.090287,,13.7,,12.62,942,2013,Radial Velocity, Moutou et al. 2014 ,1312100998,gas,2026-09-18T14:51:26.782Z,"{""pl_name"":""HD 159243 b"",""hostname"":""HD 159243"",""gaia_dr3_id"":""Gaia DR3 4485937214320449280"",""ra"":263.3395365,""dec"":5.7008254,""sy_dist"":73.3055,""sy_gaiamag"":8.51188,""pl_rade"":13.7,""pl_radelim"":0,""pl_bmasse"":359.13,""pl_bmasselim"":0,""pl_bmassprov"":""Msini"",""pl_orbper"":12.62,""pl_orbperlim"":0,""pl_orbsmax"":0.11,""pl_eqt"":942.13,""pl_eqtlim"":0,""disc_year"":2013,""discoverymethod"":""Radial Velocity"",""disc_refname"":""<a refstr=MOUTOU_ET_AL__2014 href=https://ui.adsabs.harvard.edu/abs/2014A%26A...563A..22M/abstract target=ref> Moutou et al. 2014 </a>"",""import_batch"":""astralys_nasa_confirmed_planets_20260918"",""discovery_status"":""confirmed"",""table"":""pscomppars"",""gaia_host_source_id"":""4485937214320449280"",""orbit_order"":1,""retrieved_at"":""2026-09-18T14:51:26.782Z"",""sky_position_kind"":""host_system_direction"",""visual_is_interpretation"":true,""best_mass_is_minimum"":true}"
planet,NASA_EXOPLANET_ARCHIVE,HD 60779 b,HD 60779 b,0a675c5f-fd72-47ca-b831-b92b7f323b2e,HD 60779,114.0047579,-3.151291,115.604363,,3.246,14.19,29.986175,650,2026,Transit,DiTomasso et al. 2026,901740473,rocky,2026-09-18T14:51:26.782Z,"{""pl_name"":""HD 60779 b"",""hostname"":""HD 60779"",""gaia_dr3_id"":""Gaia DR3 3060787930730737920"",""ra"":114.0047579,""dec"":-3.151291,""sy_dist"":35.4445,""sy_gaiamag"":7.00788,""pl_rade"":3.246,""pl_radelim"":0,""pl_bmasse"":14.19,""pl_bmasselim"":0,""pl_bmassprov"":""Mass"",""pl_orbper"":29.986175,""pl_orbperlim"":0,""pl_orbsmax"":0.1922,""pl_eqt"":650,""pl_eqtlim"":0,""disc_year"":2026,""discoverymethod"":""Transit"",""disc_refname"":""<a refstr=DITOMASSO_ET_AL_2026 href=https://ui.adsabs.harvard.edu/abs/2026AJ....172...97D/abstract target=ref>DiTomasso et al. 2026</a>"",""import_batch"":""astralys_nasa_confirmed_planets_20260918"",""discovery_status"":""confirmed"",""table"":""pscomppars"",""gaia_host_source_id"":""3060787930730737920"",""orbit_order"":1,""retrieved_at"":""2026-09-18T14:51:26.782Z"",""sky_position_kind"":""host_system_direction"",""visual_is_interpretation"":true,""best_mass_is_minimum"":false}"
planet,NASA_EXOPLANET_ARCHIVE,HD 113538 c,HD 113538 c,2e160e1e-0f77-4de9-ac58-be463894c20e,HD 113538,196.233933,-52.4463502,53.103741,,13.8,,1818,100,2010,Radial Velocity, Moutou et al. 2011 ,1629253044,gas,2026-09-18T14:51:26.782Z,"{""pl_name"":""HD 113538 c"",""hostname"":""HD 113538"",""gaia_dr3_id"":""Gaia DR3 6080301367488384896"",""ra"":196.233933,""dec"":-52.4463502,""sy_dist"":16.2817,""sy_gaiamag"":8.4428,""pl_rade"":13.8,""pl_radelim"":0,""pl_bmasse"":295.57,""pl_bmasselim"":0,""pl_bmassprov"":""Msini"",""pl_orbper"":1818,""pl_orbperlim"":0,""pl_orbsmax"":2.44,""pl_eqt"":100.28,""pl_eqtlim"":0,""disc_year"":2010,""discoverymethod"":""Radial Velocity"",""disc_refname"":""<a refstr=MOUTOU_ET_AL__2011 href=https://ui.adsabs.harvard.edu/abs/2011A%26A...527A..63M/abstract target=ref> Moutou et al. 2011 </a>"",""import_batch"":""astralys_nasa_confirmed_planets_20260918"",""discovery_status"":""confirmed"",""table"":""pscomppars"",""gaia_host_source_id"":""6080301367488384896"",""orbit_order"":2,""retrieved_at"":""2026-09-18T14:51:26.782Z"",""sky_position_kind"":""host_system_direction"",""visual_is_interpretation"":true,""best_mass_is_minimum"":true}"
planet,NASA_EXOPLANET_ARCHIVE,HD 10180 c,HD 10180 c,0cedc483-309b-4f8c-bf4e-54d46b7f2d12,HD 10180,24.4731133,-60.5114881,127.072661,,,,5.75969,1185,2010,Radial Velocity, Lovis et al. 2011 ,1012043952,lava,2026-09-18T14:51:26.782Z,"{""pl_name"":""HD 10180 c"",""hostname"":""HD 10180"",""gaia_dr3_id"":""Gaia DR3 4716158250340258944"",""ra"":24.4731133,""dec"":-60.5114881,""sy_dist"":38.9607,""sy_gaiamag"":7.17261,""pl_rade"":null,""pl_radelim"":null,""pl_bmasse"":2741.58783878,""pl_bmasselim"":1,""pl_bmassprov"":""Mass"",""pl_orbper"":5.75969,""pl_orbperlim"":0,""pl_orbsmax"":0.06412,""pl_eqt"":1185.4,""pl_eqtlim"":0,""disc_year"":2010,""discoverymethod"":""Radial Velocity"",""disc_refname"":""<a refstr=LOVIS_ET_AL__2011 href=https://ui.adsabs.harvard.edu/abs/2011A%26A...528A.112L/abstract target=ref> Lovis et al. 2011 </a>"",""import_batch"":""astralys_nasa_confirmed_planets_20260918"",""discovery_status"":""confirmed"",""table"":""pscomppars"",""gaia_host_source_id"":""4716158250340258944"",""orbit_order"":1,""retrieved_at"":""2026-09-18T14:51:26.782Z"",""sky_position_kind"":""host_system_direction"",""visual_is_interpretation"":true,""best_mass_is_minimum"":false}"
planet,NASA_EXOPLANET_ARCHIVE,HD 10180 d,HD 10180 d,0cedc483-309b-4f8c-bf4e-54d46b7f2d12,HD 10180,24.4731133,-60.5114881,127.072661,,,,16.357,837,2010,Radial Velocity, Lovis et al. 2011 ,1129487285,lava,2026-09-18T14:51:26.782Z,"{""pl_name"":""HD 10180 d"",""hostname"":""HD 10180"",""gaia_dr3_id"":""Gaia DR3 4716158250340258944"",""ra"":24.4731133,""dec"":-60.5114881,""sy_dist"":38.9607,""sy_gaiamag"":7.17261,""pl_rade"":null,""pl_radelim"":null,""pl_bmasse"":3295.88058059,""pl_bmasselim"":1,""pl_bmassprov"":""Mass"",""pl_orbper"":16.357,""pl_orbperlim"":0,""pl_orbsmax"":0.12859,""pl_eqt"":837.06,""pl_eqtlim"":0,""disc_year"":2010,""discoverymethod"":""Radial Velocity"",""disc_refname"":""<a refstr=LOVIS_ET_AL__2011 href=https://ui.adsabs.harvard.edu/abs/2011A%26A...528A.112L/abstract target=ref> Lovis et al. 2011 </a>"",""import_batch"":""astralys_nasa_confirmed_planets_20260918"",""discovery_status"":""confirmed"",""table"":""pscomppars"",""gaia_host_source_id"":""4716158250340258944"",""orbit_order"":2,""retrieved_at"":""2026-09-18T14:51:26.782Z"",""sky_position_kind"":""host_system_direction"",""visual_is_interpretation"":true,""best_mass_is_minimum"":false}"
planet,NASA_EXOPLANET_ARCHIVE,HD 10180 e,HD 10180 e,0cedc483-309b-4f8c-bf4e-54d46b7f2d12,HD 10180,24.4731133,-60.5114881,127.072661,,5.39,,49.748,578,2010,Radial Velocity, Lovis et al. 2011 ,1112709666,gas,2026-09-18T14:51:26.782Z,"{""pl_name"":""HD 10180 e"",""hostname"":""HD 10180"",""gaia_dr3_id"":""Gaia DR3 4716158250340258944"",""ra"":24.4731133,""dec"":-60.5114881,""sy_dist"":38.9607,""sy_gaiamag"":7.17261,""pl_rade"":5.39,""pl_radelim"":0,""pl_bmasse"":25.1,""pl_bmasselim"":0,""pl_bmassprov"":""Msin(i)/sin(i)"",""pl_orbper"":49.748,""pl_orbperlim"":0,""pl_orbsmax"":0.2699,""pl_eqt"":577.77,""pl_eqtlim"":0,""disc_year"":2010,""discoverymethod"":""Radial Velocity"",""disc_refname"":""<a refstr=LOVIS_ET_AL__2011 href=https://ui.adsabs.harvard.edu/abs/2011A%26A...528A.112L/abstract target=ref> Lovis et al. 2011 </a>"",""import_batch"":""astralys_nasa_confirmed_planets_20260918"",""discovery_status"":""confirmed"",""table"":""pscomppars"",""gaia_host_source_id"":""4716158250340258944"",""orbit_order"":3,""retrieved_at"":""2026-09-18T14:51:26.782Z"",""sky_position_kind"":""host_system_direction"",""visual_is_interpretation"":true,""best_mass_is_minimum"":false}"
planet,NASA_EXOPLANET_ARCHIVE,HD 10180 h,HD 10180 h,0cedc483-309b-4f8c-bf4e-54d46b7f2d12,HD 10180,24.4731133,-60.5114881,127.072661,,9.4,,2205,163,2010,Radial Velocity, Lovis et al. 2011 ,1196597761,gas,2026-09-18T14:51:26.782Z,"{""pl_name"":""HD 10180 h"",""hostname"":""HD 10180"",""gaia_dr3_id"":""Gaia DR3 4716158250340258944"",""ra"":24.4731133,""dec"":-60.5114881,""sy_dist"":38.9607,""sy_gaiamag"":7.17261,""pl_rade"":9.4,""pl_radelim"":0,""pl_bmasse"":64.4,""pl_bmasselim"":0,""pl_bmassprov"":""Msin(i)/sin(i)"",""pl_orbper"":2205,""pl_orbperlim"":0,""pl_orbsmax"":3.381,""pl_eqt"":163.24,""pl_eqtlim"":0,""disc_year"":2010,""discoverymethod"":""Radial Velocity"",""disc_refname"":""<a refstr=LOVIS_ET_AL__2011 href=https://ui.adsabs.harvard.edu/abs/2011A%26A...528A.112L/abstract target=ref> Lovis et al. 2011 </a>"",""import_batch"":""astralys_nasa_confirmed_planets_20260918"",""discovery_status"":""confirmed"",""table"":""pscomppars"",""gaia_host_source_id"":""4716158250340258944"",""orbit_order"":6,""retrieved_at"":""2026-09-18T14:51:26.782Z"",""sky_position_kind"":""host_system_direction"",""visual_is_interpretation"":true,""best_mass_is_minimum"":false}"
planet,NASA_EXOPLANET_ARCHIVE,tau Boo b,tau Boo b,7e5abb31-a096-4a3a-947b-8d762cca29cf,tau Boo,206.8134593,17.4571647,51.050263,,12.8,1891,3.3124568,1682,1996,Radial Velocity, Butler et al. 1997 ,1961308092,gas,2026-09-18T14:51:26.782Z,"{""pl_name"":""tau Boo b"",""hostname"":""tau Boo"",""gaia_dr3_id"":""Gaia DR3 1244571953471006720"",""ra"":206.8134593,""dec"":17.4571647,""sy_dist"":15.6521,""sy_gaiamag"":4.36617,""pl_rade"":12.8,""pl_radelim"":0,""pl_bmasse"":1891,""pl_bmasselim"":0,""pl_bmassprov"":""Mass"",""pl_orbper"":3.3124568,""pl_orbperlim"":0,""pl_orbsmax"":0.049,""pl_eqt"":1682.02,""pl_eqtlim"":0,""disc_year"":1996,""discoverymethod"":""Radial Velocity"",""disc_refname"":""<a refstr=BUTLER_ET_AL__1997 href=https://ui.adsabs.harvard.edu/abs/1997ApJ...474L.115B/abstract target=ref> Butler et al. 1997 </a>"",""import_batch"":""astralys_nasa_confirmed_planets_20260918"",""discovery_status"":""confirmed"",""table"":""pscomppars"",""gaia_host_source_id"":""1244571953471006720"",""orbit_order"":1,""retrieved_at"":""2026-09-18T14:51:26.782Z"",""sky_position_kind"":""host_system_direction"",""visual_is_interpretation"":true,""best_mass_is_minimum"":false}"
planet,NASA_EXOPLANET_ARCHIVE,HD 141399 b,HD 141399 b,3e6595bb-c87a-42a0-b01d-bc77071603cf,HD 141399,236.7235392,46.986288,120.73284,,14.3,,94.44,494,2014,Radial Velocity,Vogt et al. 2014,1175206631,gas,2026-09-18T14:51:26.782Z,"{""pl_name"":""HD 141399 b"",""hostname"":""HD 141399"",""gaia_dr3_id"":""Gaia DR3 1398218223733415552"",""ra"":236.7235392,""dec"":46.986288,""sy_dist"":37.0169,""sy_gaiamag"":7.00926,""pl_rade"":14.3,""pl_radelim"":0,""pl_bmasse"":143.34133,""pl_bmasselim"":0,""pl_bmassprov"":""Msini"",""pl_orbper"":94.44,""pl_orbperlim"":0,""pl_orbsmax"":0.415,""pl_eqt"":493.71,""pl_eqtlim"":0,""disc_year"":2014,""discoverymethod"":""Radial Velocity"",""disc_refname"":""<a refstr=VOGT_ET_AL__2014 href=https://ui.adsabs.harvard.edu/abs/2014ApJ...787...97V/abstract target=ref>Vogt et al. 2014</a>"",""import_batch"":""astralys_nasa_confirmed_planets_20260918"",""discovery_status"":""confirmed"",""table"":""pscomppars"",""gaia_host_source_id"":""1398218223733415552"",""orbit_order"":1,""retrieved_at"":""2026-09-18T14:51:26.782Z"",""sky_position_kind"":""host_system_direction"",""visual_is_interpretation"":true,""best_mass_is_minimum"":true}"
planet,NASA_EXOPLANET_ARCHIVE,HD 141399 c,HD 141399 c,3e6595bb-c87a-42a0-b01d-bc77071603cf,HD 141399,236.7235392,46.986288,120.73284,,13.6,,201.99,383,2014,Radial Velocity,Vogt et al. 2014,1191984250,gas,2026-09-18T14:51:26.782Z,"{""pl_name"":""HD 141399 c"",""hostname"":""HD 141399"",""gaia_dr3_id"":""Gaia DR3 1398218223733415552"",""ra"":236.7235392,""dec"":46.986288,""sy_dist"":37.0169,""sy_gaiamag"":7.00926,""pl_rade"":13.6,""pl_radelim"":0,""pl_bmasse"":422.7139,""pl_bmasselim"":0,""pl_bmassprov"":""Msini"",""pl_orbper"":201.99,""pl_orbperlim"":0,""pl_orbsmax"":0.689,""pl_eqt"":383.17,""pl_eqtlim"":0,""disc_year"":2014,""discoverymethod"":""Radial Velocity"",""disc_refname"":""<a refstr=VOGT_ET_AL__2014 href=https://ui.adsabs.harvard.edu/abs/2014ApJ...787...97V/abstract target=ref>Vogt et al. 2014</a>"",""import_batch"":""astralys_nasa_confirmed_planets_20260918"",""discovery_status"":""confirmed"",""table"":""pscomppars"",""gaia_host_source_id"":""1398218223733415552"",""orbit_order"":2,""retrieved_at"":""2026-09-18T14:51:26.782Z"",""sky_position_kind"":""host_system_direction"",""visual_is_interpretation"":true,""best_mass_is_minimum"":true}"
planet,NASA_EXOPLANET_ARCHIVE,HIP 74890 b,HIP 74890 b,67e54c45-d8f3-4316-a862-caeaa47f29b5,HIP 74890,229.5714974,-41.4210961,256.541916,,13.3,,822.3,388,2016,Radial Velocity,Jones et al. 2016,530802068,gas,2026-09-18T14:51:26.782Z,"{""pl_name"":""HIP 74890 b"",""hostname"":""HIP 74890"",""gaia_dr3_id"":""Gaia DR3 6004107513791584512"",""ra"":229.5714974,""dec"":-41.4210961,""sy_dist"":78.6562,""sy_gaiamag"":6.75234,""pl_rade"":13.3,""pl_radelim"":0,""pl_bmasse"":762.792,""pl_bmasselim"":0,""pl_bmassprov"":""Msini"",""pl_orbper"":822.3,""pl_orbperlim"":0,""pl_orbsmax"":2.1,""pl_eqt"":387.66,""pl_eqtlim"":0,""disc_year"":2016,""discoverymethod"":""Radial Velocity"",""disc_refname"":""<a refstr=JONES_ET_AL__2016 href=https://ui.adsabs.harvard.edu/abs/2016A&A...590A..38J/abstract target=ref>Jones et al. 2016</a>"",""import_batch"":""astralys_nasa_confirmed_planets_20260918"",""discovery_status"":""confirmed"",""table"":""pscomppars"",""gaia_host_source_id"":""6004107513791584512"",""orbit_order"":1,""retrieved_at"":""2026-09-18T14:51:26.782Z"",""sky_position_kind"":""host_system_direction"",""visual_is_interpretation"":true,""best_mass_is_minimum"":true}"
planet,NASA_EXOPLANET_ARCHIVE,HD 7924 d,HD 7924 d,da932155-9ba5-4cc9-b66c-79848ef632ce,HD 7924,20.4956562,76.7101475,55.42108,,,,24.451,499,2015,Radial Velocity,Fulton et al. 2015,882822245,rocky,2026-09-18T14:51:26.782Z,"{""pl_name"":""HD 7924 d"",""hostname"":""HD 7924"",""gaia_dr3_id"":""Gaia DR3 560130775546153344"",""ra"":20.4956562,""dec"":76.7101475,""sy_dist"":16.9922,""sy_gaiamag"":6.92516,""pl_rade"":null,""pl_radelim"":null,""pl_bmasse"":1568.16536014,""pl_bmasselim"":1,""pl_bmassprov"":""Mass"",""pl_orbper"":24.451,""pl_orbperlim"":0,""pl_orbsmax"":0.1551,""pl_eqt"":499,""pl_eqtlim"":0,""disc_year"":2015,""discoverymethod"":""Radial Velocity"",""disc_refname"":""<a refstr=FULTON_ET_AL__2015 href=https://ui.adsabs.harvard.edu/abs/2015ApJ...805..175F/abstract target=ref>Fulton et al. 2015</a>"",""import_batch"":""astralys_nasa_confirmed_planets_20260918"",""discovery_status"":""confirmed"",""table"":""pscomppars"",""gaia_host_source_id"":""560130775546153344"",""orbit_order"":3,""retrieved_at"":""2026-09-18T14:51:26.782Z"",""sky_position_kind"":""host_system_direction"",""visual_is_interpretation"":true,""best_mass_is_minimum"":false}"
planet,NASA_EXOPLANET_ARCHIVE,HD 133131 A b,HD 133131 A b,1d61be8e-2e4d-4087-b9df-5d55666ec0dc,HD 133131 A,225.8984524,-27.8431369,167.884235,,13.6,,649,228,2016,Radial Velocity,Teske et al. 2016,2005628754,gas,2026-09-18T14:51:26.782Z,"{""pl_name"":""HD 133131 A b"",""hostname"":""HD 133131 A"",""gaia_dr3_id"":""Gaia DR3 6224633983987510528"",""ra"":225.8984524,""dec"":-27.8431369,""sy_dist"":51.4736,""sy_gaiamag"":8.27532,""pl_rade"":13.6,""pl_radelim"":0,""pl_bmasse"":451.3186,""pl_bmasselim"":0,""pl_bmassprov"":""Msini"",""pl_orbper"":649,""pl_orbperlim"":0,""pl_orbsmax"":1.44,""pl_eqt"":227.72,""pl_eqtlim"":0,""disc_year"":2016,""discoverymethod"":""Radial Velocity"",""disc_refname"":""<a refstr=TESKE_ET_AL__2016 href=https://ui.adsabs.harvard.edu/abs/2016AJ....152..167T/abstract target=ref>Teske et al. 2016</a>"",""import_batch"":""astralys_nasa_confirmed_planets_20260918"",""discovery_status"":""confirmed"",""table"":""pscomppars"",""gaia_host_source_id"":""6224633983987510528"",""orbit_order"":1,""retrieved_at"":""2026-09-18T14:51:26.782Z"",""sky_position_kind"":""host_system_direction"",""visual_is_interpretation"":true,""best_mass_is_minimum"":true}"
planet,NASA_EXOPLANET_ARCHIVE,HD 133131 A c,HD 133131 A c,1d61be8e-2e4d-4087-b9df-5d55666ec0dc,HD 133131 A,225.8984524,-27.8431369,167.884235,,14.3,,3568,129,2016,Radial Velocity,Teske et al. 2016,2022406373,gas,2026-09-18T14:51:26.782Z,"{""pl_name"":""HD 133131 A c"",""hostname"":""HD 133131 A"",""gaia_dr3_id"":""Gaia DR3 6224633983987510528"",""ra"":225.8984524,""dec"":-27.8431369,""sy_dist"":51.4736,""sy_gaiamag"":8.27532,""pl_rade"":14.3,""pl_radelim"":0,""pl_bmasse"":133.4886,""pl_bmasselim"":0,""pl_bmassprov"":""Msini"",""pl_orbper"":3568,""pl_orbperlim"":0,""pl_orbsmax"":4.49,""pl_eqt"":128.96,""pl_eqtlim"":0,""disc_year"":2016,""discoverymethod"":""Radial Velocity"",""disc_refname"":""<a refstr=TESKE_ET_AL__2016 href=https://ui.adsabs.harvard.edu/abs/2016AJ....152..167T/abstract target=ref>Teske et al. 2016</a>"",""import_batch"":""astralys_nasa_confirmed_planets_20260918"",""discovery_status"":""confirmed"",""table"":""pscomppars"",""gaia_host_source_id"":""6224633983987510528"",""orbit_order"":2,""retrieved_at"":""2026-09-18T14:51:26.782Z"",""sky_position_kind"":""host_system_direction"",""visual_is_interpretation"":true,""best_mass_is_minimum"":true}"
planet,NASA_EXOPLANET_ARCHIVE,HD 175607 b,HD 175607 b,fa3b1542-f567-4e89-86d5-faf6f51ec354,HD 175607,285.2742901,-66.1943379,131.539693,,,,29.01,,2015,Radial Velocity,Mortier et al. 2016,1424921508,rocky,2026-09-18T14:51:26.782Z,"{""pl_name"":""HD 175607 b"",""hostname"":""HD 175607"",""gaia_dr3_id"":""Gaia DR3 6434759761383343744"",""ra"":285.2742901,""dec"":-66.1943379,""sy_dist"":40.3303,""sy_gaiamag"":8.40957,""pl_rade"":null,""pl_radelim"":null,""pl_bmasse"":2456.1779293,""pl_bmasselim"":1,""pl_bmassprov"":""Mass"",""pl_orbper"":29.01,""pl_orbperlim"":0,""pl_orbsmax"":null,""pl_eqt"":null,""pl_eqtlim"":null,""disc_year"":2015,""discoverymethod"":""Radial Velocity"",""disc_refname"":""<a refstr=MORTIER_ET_AL__2016 href=https://ui.adsabs.harvard.edu/abs/2016A&A...585A.135M/abstract target=ref>Mortier et al. 2016</a>"",""import_batch"":""astralys_nasa_confirmed_planets_20260918"",""discovery_status"":""confirmed"",""table"":""pscomppars"",""gaia_host_source_id"":""6434759761383343744"",""orbit_order"":1,""retrieved_at"":""2026-09-18T14:51:26.782Z"",""sky_position_kind"":""host_system_direction"",""visual_is_interpretation"":true,""best_mass_is_minimum"":false}"
planet,NASA_EXOPLANET_ARCHIVE,HD 1461 c,HD 1461 c,09882217-8084-4bd7-87c3-811cf5be76a8,HD 1461,4.6762645,-8.0536206,76.494671,,2.23,,13.5052,893,2015,Radial Velocity,D&iacute;az et al. 2016,257888935,lava,2026-09-18T14:51:26.782Z,"{""pl_name"":""HD 1461 c"",""hostname"":""HD 1461"",""gaia_dr3_id"":""Gaia DR3 2430102808294101760"",""ra"":4.6762645,""dec"":-8.0536206,""sy_dist"":23.4534,""sy_gaiamag"":6.29454,""pl_rade"":2.23,""pl_radelim"":0,""pl_bmasse"":5.59,""pl_bmasselim"":0,""pl_bmassprov"":""Msini"",""pl_orbper"":13.5052,""pl_orbperlim"":0,""pl_orbsmax"":0.1117,""pl_eqt"":892.87,""pl_eqtlim"":0,""disc_year"":2015,""discoverymethod"":""Radial Velocity"",""disc_refname"":""<a refstr=D_IACUTE_AZ_ET_AL__2016 href=https://ui.adsabs.harvard.edu/abs/2016A&A...585A.134D/abstract target=ref>D&iacute;az et al. 2016</a>"",""import_batch"":""astralys_nasa_confirmed_planets_20260918"",""discovery_status"":""confirmed"",""table"":""pscomppars"",""gaia_host_source_id"":""2430102808294101760"",""orbit_order"":2,""retrieved_at"":""2026-09-18T14:51:26.782Z"",""sky_position_kind"":""host_system_direction"",""visual_is_interpretation"":true,""best_mass_is_minimum"":true}"
planet,NASA_EXOPLANET_ARCHIVE,HD 128311 c,HD 128311 c,b76a9172-cbe9-4c08-b18d-4e1b3f82482b,HD 128311,219.0032292,9.7454368,53.258666,,13,1204.25787,921.538,158,2005,Radial Velocity, Vogt et al. 2005 ,1840383155,gas,2026-09-18T14:51:26.782Z,"{""pl_name"":""HD 128311 c"",""hostname"":""HD 128311"",""gaia_dr3_id"":""Gaia DR3 1176209886733406592"",""ra"":219.0032292,""dec"":9.7454368,""sy_dist"":16.3292,""sy_gaiamag"":7.16719,""pl_rade"":13,""pl_radelim"":0,""pl_bmasse"":1204.25787,""pl_bmasselim"":0,""pl_bmassprov"":""Mass"",""pl_orbper"":921.538,""pl_orbperlim"":0,""pl_orbsmax"":1.74,""pl_eqt"":158.23,""pl_eqtlim"":0,""disc_year"":2005,""discoverymethod"":""Radial Velocity"",""disc_refname"":""<a refstr=VOGT_ET_AL__2005 href=https://ui.adsabs.harvard.edu/abs/2005ApJ...632..638V/abstract target=ref> Vogt et al. 2005 </a>"",""import_batch"":""astralys_nasa_confirmed_planets_20260918"",""discovery_status"":""confirmed"",""table"":""pscomppars"",""gaia_host_source_id"":""1176209886733406592"",""orbit_order"":2,""retrieved_at"":""2026-09-18T14:51:26.782Z"",""sky_position_kind"":""host_system_direction"",""visual_is_interpretation"":true,""best_mass_is_minimum"":false}"
planet,NASA_EXOPLANET_ARCHIVE,HD 60532 b,HD 60532 b,627ad962-a463-4399-8565-2a1c45bda9cd,HD 60532,113.5130656,-22.2958661,84.707932,,13.8,,201.9,550,2008,Radial Velocity, Desort et al. 2008 ,618647940,gas,2026-09-18T14:51:26.782Z,"{""pl_name"":""HD 60532 b"",""hostname"":""HD 60532"",""gaia_dr3_id"":""Gaia DR3 5619121248267202688"",""ra"":113.5130656,""dec"":-22.2958661,""sy_dist"":25.9716,""sy_gaiamag"":4.30793,""pl_rade"":13.8,""pl_radelim"":0,""pl_bmasse"":336.8998,""pl_bmasselim"":0,""pl_bmassprov"":""Msini"",""pl_orbper"":201.9,""pl_orbperlim"":0,""pl_orbsmax"":0.77,""pl_eqt"":550.16,""pl_eqtlim"":0,""disc_year"":2008,""discoverymethod"":""Radial Velocity"",""disc_refname"":""<a refstr=DESORT_ET_AL__2008 href=https://ui.adsabs.harvard.edu/abs/2008A&A...491..883D/abstract target=ref> Desort et al. 2008 </a>"",""import_batch"":""astralys_nasa_confirmed_planets_20260918"",""discovery_status"":""confirmed"",""table"":""pscomppars"",""gaia_host_source_id"":""5619121248267202688"",""orbit_order"":1,""retrieved_at"":""2026-09-18T14:51:26.782Z"",""sky_position_kind"":""host_system_direction"",""visual_is_interpretation"":true,""best_mass_is_minimum"":true}"
planet,NASA_EXOPLANET_ARCHIVE,HD 60532 c,HD 60532 c,627ad962-a463-4399-8565-2a1c45bda9cd,HD 60532,113.5130656,-22.2958661,84.707932,,13.3,,600.1,382,2008,Radial Velocity, Desort et al. 2008 ,601870321,gas,2026-09-18T14:51:26.782Z,"{""pl_name"":""HD 60532 c"",""hostname"":""HD 60532"",""gaia_dr3_id"":""Gaia DR3 5619121248267202688"",""ra"":113.5130656,""dec"":-22.2958661,""sy_dist"":25.9716,""sy_gaiamag"":4.30793,""pl_rade"":13.3,""pl_radelim"":0,""pl_bmasse"":797.7533,""pl_bmasselim"":0,""pl_bmassprov"":""Msini"",""pl_orbper"":600.1,""pl_orbperlim"":0,""pl_orbsmax"":1.6,""pl_eqt"":381.66,""pl_eqtlim"":0,""disc_year"":2008,""discoverymethod"":""Radial Velocity"",""disc_refname"":""<a refstr=DESORT_ET_AL__2008 href=https://ui.adsabs.harvard.edu/abs/2008A&A...491..883D/abstract target=ref> Desort et al. 2008 </a>"",""import_batch"":""astralys_nasa_confirmed_planets_20260918"",""discovery_status"":""confirmed"",""table"":""pscomppars"",""gaia_host_source_id"":""5619121248267202688"",""orbit_order"":2,""retrieved_at"":""2026-09-18T14:51:26.782Z"",""sky_position_kind"":""host_system_direction"",""visual_is_interpretation"":true,""best_mass_is_minimum"":true}"
planet,NASA_EXOPLANET_ARCHIVE,Kepler-444 b,Kepler-444 b,e1d1dda0-8b82-4ddf-82db-227ec7efffa8,Kepler-444,289.7528323,41.631884,118.849942,,0.403,,3.6001053,938,2015,Transit,Campante et al. 2015,1883085921,lava,2026-09-18T14:51:26.782Z,"{""pl_name"":""Kepler-444 b"",""hostname"":""Kepler-444"",""gaia_dr3_id"":""Gaia DR3 2101486923385239808"",""ra"":289.7528323,""dec"":41.631884,""sy_dist"":36.4396,""sy_gaiamag"":8.643251,""pl_rade"":0.403,""pl_radelim"":0,""pl_bmasse"":0.0374,""pl_bmasselim"":0,""pl_bmassprov"":""M-R relationship"",""pl_orbper"":3.6001053,""pl_orbperlim"":0,""pl_orbsmax"":0.04178,""pl_eqt"":938,""pl_eqtlim"":0,""disc_year"":2015,""discoverymethod"":""Transit"",""disc_refname"":""<a refstr=CAMPANTE_ET_AL__2015 href=https://ui.adsabs.harvard.edu/abs/2015ApJ...799..170C/abstract target=ref>Campante et al. 2015</a>"",""import_batch"":""astralys_nasa_confirmed_planets_20260918"",""discovery_status"":""confirmed"",""table"":""pscomppars"",""gaia_host_source_id"":""2101486923385239808"",""orbit_order"":1,""retrieved_at"":""2026-09-18T14:51:26.782Z"",""sky_position_kind"":""host_system_direction"",""visual_is_interpretation"":true,""best_mass_is_minimum"":false}"
planet,NASA_EXOPLANET_ARCHIVE,HD 42618 b,HD 42618 b,ed4defd8-6915-4928-8f13-df668805f0a3,HD 42618,93.0032173,6.7819742,79.372672,,3.89,,149.61,337,2016,Radial Velocity,Fulton et al. 2016,2037864382,rocky,2026-09-18T14:51:26.782Z,"{""pl_name"":""HD 42618 b"",""hostname"":""HD 42618"",""gaia_dr3_id"":""Gaia DR3 3319126988068404096"",""ra"":93.0032173,""dec"":6.7819742,""sy_dist"":24.3358,""sy_gaiamag"":6.68303,""pl_rade"":3.89,""pl_radelim"":0,""pl_bmasse"":14.4,""pl_bmasselim"":0,""pl_bmassprov"":""Msini"",""pl_orbper"":149.61,""pl_orbperlim"":0,""pl_orbsmax"":0.554,""pl_eqt"":337,""pl_eqtlim"":0,""disc_year"":2016,""discoverymethod"":""Radial Velocity"",""disc_refname"":""<a refstr=FULTON_ET_AL__2016 href=https://ui.adsabs.harvard.edu/abs/2016ApJ...830...46F/abstract target=ref>Fulton et al. 2016</a>"",""import_batch"":""astralys_nasa_confirmed_planets_20260918"",""discovery_status"":""confirmed"",""table"":""pscomppars"",""gaia_host_source_id"":""3319126988068404096"",""orbit_order"":1,""retrieved_at"":""2026-09-18T14:51:26.782Z"",""sky_position_kind"":""host_system_direction"",""visual_is_interpretation"":true,""best_mass_is_minimum"":true}"
planet,NASA_EXOPLANET_ARCHIVE,Kepler-444 e,Kepler-444 e,e1d1dda0-8b82-4ddf-82db-227ec7efffa8,Kepler-444,289.7528323,41.631884,118.849942,,0.546,0.1,7.743493,727,2015,Transit,Campante et al. 2015,1899863540,lava,2026-09-18T14:51:26.782Z,"{""pl_name"":""Kepler-444 e"",""hostname"":""Kepler-444"",""gaia_dr3_id"":""Gaia DR3 2101486923385239808"",""ra"":289.7528323,""dec"":41.631884,""sy_dist"":36.4396,""sy_gaiamag"":8.643251,""pl_rade"":0.546,""pl_radelim"":0,""pl_bmasse"":0.1,""pl_bmasselim"":0,""pl_bmassprov"":""Mass"",""pl_orbper"":7.743493,""pl_orbperlim"":0,""pl_orbsmax"":0.0696,""pl_eqt"":727,""pl_eqtlim"":0,""disc_year"":2015,""discoverymethod"":""Transit"",""disc_refname"":""<a refstr=CAMPANTE_ET_AL__2015 href=https://ui.adsabs.harvard.edu/abs/2015ApJ...799..170C/abstract target=ref>Campante et al. 2015</a>"",""import_batch"":""astralys_nasa_confirmed_planets_20260918"",""discovery_status"":""confirmed"",""table"":""pscomppars"",""gaia_host_source_id"":""2101486923385239808"",""orbit_order"":4,""retrieved_at"":""2026-09-18T14:51:26.782Z"",""sky_position_kind"":""host_system_direction"",""visual_is_interpretation"":true,""best_mass_is_minimum"":false}"
planet,NASA_EXOPLANET_ARCHIVE,HD 130322 b,HD 130322 b,392e8d39-06d9-4c64-b2c6-bc2459b72589,HD 130322,221.8857975,-0.2820782,103.967443,,13.7,,10.70871,720,1999,Radial Velocity, Udry et al. 2000 ,608961632,gas,2026-09-18T14:51:26.782Z,"{""pl_name"":""HD 130322 b"",""hostname"":""HD 130322"",""gaia_dr3_id"":""Gaia DR3 3650718804281798912"",""ra"":221.8857975,""dec"":-0.2820782,""sy_dist"":31.8766,""sy_gaiamag"":7.83448,""pl_rade"":13.7,""pl_radelim"":0,""pl_bmasse"":365.49,""pl_bmasselim"":0,""pl_bmassprov"":""Msini"",""pl_orbper"":10.70871,""pl_orbperlim"":0,""pl_orbsmax"":0.0925,""pl_eqt"":720,""pl_eqtlim"":0,""disc_year"":1999,""discoverymethod"":""Radial Velocity"",""disc_refname"":""<a refstr=UDRY_ET_AL__2000 href=https://ui.adsabs.harvard.edu/abs/2000A&A...356..590U/abstract target=ref> Udry et al. 2000 </a>"",""import_batch"":""astralys_nasa_confirmed_planets_20260918"",""discovery_status"":""confirmed"",""table"":""pscomppars"",""gaia_host_source_id"":""3650718804281798912"",""orbit_order"":1,""retrieved_at"":""2026-09-18T14:51:26.782Z"",""sky_position_kind"":""host_system_direction"",""visual_is_interpretation"":true,""best_mass_is_minimum"":true}"
planet,NASA_EXOPLANET_ARCHIVE,HD 50554 c,HD 50554 c,647b57fb-5214-4288-ade3-7f76c8da4386,HD 50554,103.678273,24.2451409,101.651084,,1.31,,5.969362,1091,2026,Transit,Liu et al. 2026,1524846114,lava,2026-09-18T14:51:26.782Z,"{""pl_name"":""HD 50554 c"",""hostname"":""HD 50554"",""gaia_dr3_id"":""Gaia DR3 3380479015342121600"",""ra"":103.678273,""dec"":24.2451409,""sy_dist"":31.1664,""sy_gaiamag"":6.69786,""pl_rade"":1.31,""pl_radelim"":0,""pl_bmasse"":5.3,""pl_bmasselim"":1,""pl_bmassprov"":""Mass"",""pl_orbper"":5.969362,""pl_orbperlim"":0,""pl_orbsmax"":0.0652,""pl_eqt"":1090.83,""pl_eqtlim"":0,""disc_year"":2026,""discoverymethod"":""Transit"",""disc_refname"":""<a refstr=LIU_ET_AL_2026 href=https://ui.adsabs.harvard.edu/abs/2026AJ....172...72L/abstract target=ref>Liu et al. 2026</a>"",""import_batch"":""astralys_nasa_confirmed_planets_20260918"",""discovery_status"":""confirmed"",""table"":""pscomppars"",""gaia_host_source_id"":""3380479015342121600"",""orbit_order"":1,""retrieved_at"":""2026-09-18T14:51:26.782Z"",""sky_position_kind"":""host_system_direction"",""visual_is_interpretation"":true,""best_mass_is_minimum"":false}"
planet,NASA_EXOPLANET_ARCHIVE,HD 59686 A b,HD 59686 A b,82be1e47-ea7c-4c49-b1af-189531ec4c20,HD 59686 A,112.9518629,17.0857195,291.16631,,12.7,,299.36,783,2016,Radial Velocity,Ortiz et al. 2016,230363255,gas,2026-09-18T14:51:26.782Z,"{""pl_name"":""HD 59686 A b"",""hostname"":""HD 59686 A"",""gaia_dr3_id"":""Gaia DR3 3169225963647395712"",""ra"":112.9518629,""dec"":17.0857195,""sy_dist"":89.2721,""sy_gaiamag"":5.13228,""pl_rade"":12.7,""pl_radelim"":0,""pl_bmasse"":2199.3836,""pl_bmasselim"":0,""pl_bmassprov"":""Msini"",""pl_orbper"":299.36,""pl_orbperlim"":0,""pl_orbsmax"":1.086,""pl_eqt"":783.08,""pl_eqtlim"":0,""disc_year"":2016,""discoverymethod"":""Radial Velocity"",""disc_refname"":""<a refstr=ORTIZ_ET_AL__2016 href=https://ui.adsabs.harvard.edu/abs/2016A&A...595A..55O/abstract target=ref>Ortiz et al. 2016</a>"",""import_batch"":""astralys_nasa_confirmed_planets_20260918"",""discovery_status"":""confirmed"",""table"":""pscomppars"",""gaia_host_source_id"":""3169225963647395712"",""orbit_order"":1,""retrieved_at"":""2026-09-18T14:51:26.782Z"",""sky_position_kind"":""host_system_direction"",""visual_is_interpretation"":true,""best_mass_is_minimum"":true}"
planet,NASA_EXOPLANET_ARCHIVE,HD 177565 b,HD 177565 b,355f6b4a-1bf7-43c5-8520-f63212edda50,HD 177565,286.7175787,-37.8122394,55.178746,,4,,44.505,539,2017,Radial Velocity,Feng et al. 2017,1289067064,gas,2026-09-18T14:51:26.782Z,"{""pl_name"":""HD 177565 b"",""hostname"":""HD 177565"",""gaia_dr3_id"":""Gaia DR3 6718894388002453120"",""ra"":286.7175787,""dec"":-37.8122394,""sy_dist"":16.9179,""sy_gaiamag"":5.9739,""pl_rade"":4,""pl_radelim"":0,""pl_bmasse"":15.1,""pl_bmasselim"":0,""pl_bmassprov"":""Msini"",""pl_orbper"":44.505,""pl_orbperlim"":0,""pl_orbsmax"":0.246,""pl_eqt"":539.21,""pl_eqtlim"":0,""disc_year"":2017,""discoverymethod"":""Radial Velocity"",""disc_refname"":""<a refstr=FENG_ET_AL__2017 href=https://ui.adsabs.harvard.edu/abs/2017MNRAS.470.4794F/abstract target=ref>Feng et al. 2017</a>"",""import_batch"":""astralys_nasa_confirmed_planets_20260918"",""discovery_status"":""confirmed"",""table"":""pscomppars"",""gaia_host_source_id"":""6718894388002453120"",""orbit_order"":1,""retrieved_at"":""2026-09-18T14:51:26.782Z"",""sky_position_kind"":""host_system_direction"",""visual_is_interpretation"":true,""best_mass_is_minimum"":true}"
planet,NASA_EXOPLANET_ARCHIVE,HD 17674 b,HD 17674 b,ba781d71-72d3-4cbd-bce0-832c1a7171dd,HD 17674,42.7684964,30.2865981,144.899369,,13.9,,623.8,260,2017,Radial Velocity,Rey et al. 2017,1932133795,gas,2026-09-18T14:51:26.782Z,"{""pl_name"":""HD 17674 b"",""hostname"":""HD 17674"",""gaia_dr3_id"":""Gaia DR3 129321160344480512"",""ra"":42.7684964,""dec"":30.2865981,""sy_dist"":44.4264,""sy_gaiamag"":7.40113,""pl_rade"":13.9,""pl_radelim"":0,""pl_bmasse"":276.5121,""pl_bmasselim"":0,""pl_bmassprov"":""Msini"",""pl_orbper"":623.8,""pl_orbperlim"":0,""pl_orbsmax"":1.42,""pl_eqt"":259.52,""pl_eqtlim"":0,""disc_year"":2017,""discoverymethod"":""Radial Velocity"",""disc_refname"":""<a refstr=REY_ET_AL__2017 href=https://ui.adsabs.harvard.edu/abs/2017A&A...601A...9R/abstract target=ref>Rey et al. 2017</a>"",""import_batch"":""astralys_nasa_confirmed_planets_20260918"",""discovery_status"":""confirmed"",""table"":""pscomppars"",""gaia_host_source_id"":""129321160344480512"",""orbit_order"":1,""retrieved_at"":""2026-09-18T14:51:26.782Z"",""sky_position_kind"":""host_system_direction"",""visual_is_interpretation"":true,""best_mass_is_minimum"":true}"
planet,NASA_EXOPLANET_ARCHIVE,HD 219134 b,HD 219134 b,a027f84d-ac42-4b04-aa81-4b4eabf9e2ce,HD 219134,348.3372026,57.1696255,21.302129,,1.602,4.74,3.092926,1015,2015,Radial Velocity,Motalebi et al. 2015,636239497,lava,2026-09-18T14:51:26.782Z,"{""pl_name"":""HD 219134 b"",""hostname"":""HD 219134"",""gaia_dr3_id"":""Gaia DR3 2009481748875806976"",""ra"":348.3372026,""dec"":57.1696255,""sy_dist"":6.53127,""sy_gaiamag"":5.2402,""pl_rade"":1.602,""pl_radelim"":0,""pl_bmasse"":4.74,""pl_bmasselim"":0,""pl_bmassprov"":""Mass"",""pl_orbper"":3.092926,""pl_orbperlim"":0,""pl_orbsmax"":0.03876,""pl_eqt"":1015,""pl_eqtlim"":0,""disc_year"":2015,""discoverymethod"":""Radial Velocity"",""disc_refname"":""<a refstr=MOTALEBI_ET_AL__2015 href=https://ui.adsabs.harvard.edu/abs/2015A&A...584A..72M/abstract target=ref>Motalebi et al. 2015</a>"",""import_batch"":""astralys_nasa_confirmed_planets_20260918"",""discovery_status"":""confirmed"",""table"":""pscomppars"",""gaia_host_source_id"":""2009481748875806976"",""orbit_order"":1,""retrieved_at"":""2026-09-18T14:51:26.782Z"",""sky_position_kind"":""host_system_direction"",""visual_is_interpretation"":true,""best_mass_is_minimum"":false}"
planet,NASA_EXOPLANET_ARCHIVE,HD 34445 c,HD 34445 c,f2ff17c9-1f13-49ea-b4aa-1b311b828e55,HD 34445,79.4207483,7.3527156,150.327583,,8.42,,214.67,390,2017,Radial Velocity,Vogt et al. 2017,1022119543,gas,2026-09-18T14:51:26.782Z,"{""pl_name"":""HD 34445 c"",""hostname"":""HD 34445"",""gaia_dr3_id"":""Gaia DR3 3241295308714904960"",""ra"":79.4207483,""dec"":7.3527156,""sy_dist"":46.0907,""sy_gaiamag"":7.14947,""pl_rade"":8.42,""pl_radelim"":0,""pl_bmasse"":53.5,""pl_bmasselim"":0,""pl_bmassprov"":""Msini"",""pl_orbper"":214.67,""pl_orbperlim"":0,""pl_orbsmax"":0.7181,""pl_eqt"":390.12,""pl_eqtlim"":0,""disc_year"":2017,""discoverymethod"":""Radial Velocity"",""disc_refname"":""<a refstr=VOGT_ET_AL__2017 href=https://ui.adsabs.harvard.edu/abs/2017AJ....154..181V/abstract target=ref>Vogt et al. 2017</a>"",""import_batch"":""astralys_nasa_confirmed_planets_20260918"",""discovery_status"":""confirmed"",""table"":""pscomppars"",""gaia_host_source_id"":""3241295308714904960"",""orbit_order"":3,""retrieved_at"":""2026-09-18T14:51:26.782Z"",""sky_position_kind"":""host_system_direction"",""visual_is_interpretation"":true,""best_mass_is_minimum"":true}"
planet,NASA_EXOPLANET_ARCHIVE,HD 219134 d,HD 219134 d,a027f84d-ac42-4b04-aa81-4b4eabf9e2ce,HD 219134,348.3372026,57.1696255,21.302129,,,,46.859,411,2015,Radial Velocity,Motalebi et al. 2015,669794735,rocky,2026-09-18T14:51:26.782Z,"{""pl_name"":""HD 219134 d"",""hostname"":""HD 219134"",""gaia_dr3_id"":""Gaia DR3 2009481748875806976"",""ra"":348.3372026,""dec"":57.1696255,""sy_dist"":6.53127,""sy_gaiamag"":5.2402,""pl_rade"":1.61,""pl_radelim"":-1,""pl_bmasse"":16.17,""pl_bmasselim"":-1,""pl_bmassprov"":""Mass"",""pl_orbper"":46.859,""pl_orbperlim"":0,""pl_orbsmax"":0.237,""pl_eqt"":410.5,""pl_eqtlim"":0,""disc_year"":2015,""discoverymethod"":""Radial Velocity"",""disc_refname"":""<a refstr=MOTALEBI_ET_AL__2015 href=https://ui.adsabs.harvard.edu/abs/2015A&A...584A..72M/abstract target=ref>Motalebi et al. 2015</a>"",""import_batch"":""astralys_nasa_confirmed_planets_20260918"",""discovery_status"":""confirmed"",""table"":""pscomppars"",""gaia_host_source_id"":""2009481748875806976"",""orbit_order"":4,""retrieved_at"":""2026-09-18T14:51:26.782Z"",""sky_position_kind"":""host_system_direction"",""visual_is_interpretation"":true,""best_mass_is_minimum"":false}"
planet,NASA_EXOPLANET_ARCHIVE,HD 219134 f,HD 219134 f,a027f84d-ac42-4b04-aa81-4b4eabf9e2ce,HD 219134,348.3372026,57.1696255,21.302129,,,,22.717,523,2015,Radial Velocity,Vogt et al. 2015,703349973,rocky,2026-09-18T14:51:26.782Z,"{""pl_name"":""HD 219134 f"",""hostname"":""HD 219134"",""gaia_dr3_id"":""Gaia DR3 2009481748875806976"",""ra"":348.3372026,""dec"":57.1696255,""sy_dist"":6.53127,""sy_gaiamag"":5.2402,""pl_rade"":1.31,""pl_radelim"":-1,""pl_bmasse"":7.3,""pl_bmasselim"":-1,""pl_bmassprov"":""Mass"",""pl_orbper"":22.717,""pl_orbperlim"":0,""pl_orbsmax"":0.1463,""pl_eqt"":522.6,""pl_eqtlim"":0,""disc_year"":2015,""discoverymethod"":""Radial Velocity"",""disc_refname"":""<a refstr=VOGT_ET_AL__2015 href=https://ui.adsabs.harvard.edu/abs/2015ApJ...814...12V/abstract target=ref>Vogt et al. 2015</a>"",""import_batch"":""astralys_nasa_confirmed_planets_20260918"",""discovery_status"":""confirmed"",""table"":""pscomppars"",""gaia_host_source_id"":""2009481748875806976"",""orbit_order"":3,""retrieved_at"":""2026-09-18T14:51:26.782Z"",""sky_position_kind"":""host_system_direction"",""visual_is_interpretation"":true,""best_mass_is_minimum"":false}"
planet,NASA_EXOPLANET_ARCHIVE,HD 34445 d,HD 34445 d,f2ff17c9-1f13-49ea-b4aa-1b311b828e55,HD 34445,79.4207483,7.3527156,150.327583,,6.07,,117.87,476,2017,Radial Velocity,Vogt et al. 2017,1072452400,gas,2026-09-18T14:51:26.782Z,"{""pl_name"":""HD 34445 d"",""hostname"":""HD 34445"",""gaia_dr3_id"":""Gaia DR3 3241295308714904960"",""ra"":79.4207483,""dec"":7.3527156,""sy_dist"":46.0907,""sy_gaiamag"":7.14947,""pl_rade"":6.07,""pl_radelim"":0,""pl_bmasse"":30.7,""pl_bmasselim"":0,""pl_bmassprov"":""Msini"",""pl_orbper"":117.87,""pl_orbperlim"":0,""pl_orbsmax"":0.4817,""pl_eqt"":476.32,""pl_eqtlim"":0,""disc_year"":2017,""discoverymethod"":""Radial Velocity"",""disc_refname"":""<a refstr=VOGT_ET_AL__2017 href=https://ui.adsabs.harvard.edu/abs/2017AJ....154..181V/abstract target=ref>Vogt et al. 2017</a>"",""import_batch"":""astralys_nasa_confirmed_planets_20260918"",""discovery_status"":""confirmed"",""table"":""pscomppars"",""gaia_host_source_id"":""3241295308714904960"",""orbit_order"":2,""retrieved_at"":""2026-09-18T14:51:26.782Z"",""sky_position_kind"":""host_system_direction"",""visual_is_interpretation"":true,""best_mass_is_minimum"":true}"
planet,NASA_EXOPLANET_ARCHIVE,HD 34445 g,HD 34445 g,f2ff17c9-1f13-49ea-b4aa-1b311b828e55,HD 34445,79.4207483,7.3527156,150.327583,,13.6,,5700,131,2017,Radial Velocity,Vogt et al. 2017,1089230019,gas,2026-09-18T14:51:26.782Z,"{""pl_name"":""HD 34445 g"",""hostname"":""HD 34445"",""gaia_dr3_id"":""Gaia DR3 3241295308714904960"",""ra"":79.4207483,""dec"":7.3527156,""sy_dist"":46.0907,""sy_gaiamag"":7.14947,""pl_rade"":13.6,""pl_radelim"":0,""pl_bmasse"":120.6,""pl_bmasselim"":0,""pl_bmassprov"":""Msini"",""pl_orbper"":5700,""pl_orbperlim"":0,""pl_orbsmax"":6.36,""pl_eqt"":131.09,""pl_eqtlim"":0,""disc_year"":2017,""discoverymethod"":""Radial Velocity"",""disc_refname"":""<a refstr=VOGT_ET_AL__2017 href=https://ui.adsabs.harvard.edu/abs/2017AJ....154..181V/abstract target=ref>Vogt et al. 2017</a>"",""import_batch"":""astralys_nasa_confirmed_planets_20260918"",""discovery_status"":""confirmed"",""table"":""pscomppars"",""gaia_host_source_id"":""3241295308714904960"",""orbit_order"":6,""retrieved_at"":""2026-09-18T14:51:26.782Z"",""sky_position_kind"":""host_system_direction"",""visual_is_interpretation"":true,""best_mass_is_minimum"":true}"
planet,NASA_EXOPLANET_ARCHIVE,tau Cet f,tau Cet f,f5008a1a-a3cb-4cb9-8b7e-9c2aa4727426,tau Cet,26.0093029,-15.9337987,11.751531,,1.81,,636.13,202,2017,Radial Velocity,Feng et al. 2017,795497911,rocky,2026-09-18T14:51:26.782Z,"{""pl_name"":""tau Cet f"",""hostname"":""tau Cet"",""gaia_dr3_id"":""Gaia DR3 2452378776434477184"",""ra"":26.0093029,""dec"":-15.9337987,""sy_dist"":3.60304,""sy_gaiamag"":3.24854,""pl_rade"":1.81,""pl_radelim"":0,""pl_bmasse"":3.93,""pl_bmasselim"":0,""pl_bmassprov"":""Msini"",""pl_orbper"":636.13,""pl_orbperlim"":0,""pl_orbsmax"":1.334,""pl_eqt"":201.97,""pl_eqtlim"":0,""disc_year"":2017,""discoverymethod"":""Radial Velocity"",""disc_refname"":""<a refstr=FENG_ET_AL__2017 href=https://ui.adsabs.harvard.edu/abs/2017AJ....154..135F/abstract target=ref>Feng et al. 2017</a>"",""import_batch"":""astralys_nasa_confirmed_planets_20260918"",""discovery_status"":""confirmed"",""table"":""pscomppars"",""gaia_host_source_id"":""2452378776434477184"",""orbit_order"":3,""retrieved_at"":""2026-09-18T14:51:26.782Z"",""sky_position_kind"":""host_system_direction"",""visual_is_interpretation"":true,""best_mass_is_minimum"":true}"
planet,NASA_EXOPLANET_ARCHIVE,HD 9174 b,HD 9174 b,9904c34b-8fc4-4df0-9e62-5587fd0937a9,HD 9174,22.5043352,-19.6052945,265.782241,,13.7,,1179,234,2016,Radial Velocity,Jenkins et al. 2017,1690816112,gas,2026-09-18T14:51:26.782Z,"{""pl_name"":""HD 9174 b"",""hostname"":""HD 9174"",""gaia_dr3_id"":""Gaia DR3 5044029491007060608"",""ra"":22.5043352,""dec"":-19.6052945,""sy_dist"":81.4893,""sy_gaiamag"":8.22923,""pl_rade"":13.7,""pl_radelim"":0,""pl_bmasse"":352.7913,""pl_bmasselim"":0,""pl_bmassprov"":""Msini"",""pl_orbper"":1179,""pl_orbperlim"":0,""pl_orbsmax"":2.2,""pl_eqt"":234.3,""pl_eqtlim"":0,""disc_year"":2016,""discoverymethod"":""Radial Velocity"",""disc_refname"":""<a refstr=JENKINS_ET_AL__2017 href=https://ui.adsabs.harvard.edu/abs/2017MNRAS.466..443J/abstract target=ref>Jenkins et al. 2017</a>"",""import_batch"":""astralys_nasa_confirmed_planets_20260918"",""discovery_status"":""confirmed"",""table"":""pscomppars"",""gaia_host_source_id"":""5044029491007060608"",""orbit_order"":1,""retrieved_at"":""2026-09-18T14:51:26.782Z"",""sky_position_kind"":""host_system_direction"",""visual_is_interpretation"":true,""best_mass_is_minimum"":true}"
planet,NASA_EXOPLANET_ARCHIVE,HD 128356 b,HD 128356 b,11953f9a-5ccf-441b-9373-a03b133c15e7,HD 128356,219.2702793,-25.8031728,85.305449,,13.9,,298.2,232,2016,Radial Velocity,Jenkins et al. 2017,612559084,gas,2026-09-18T14:51:26.782Z,"{""pl_name"":""HD 128356 b"",""hostname"":""HD 128356"",""gaia_dr3_id"":""Gaia DR3 6223838830917236224"",""ra"":219.2702793,""dec"":-25.8031728,""sy_dist"":26.1548,""sy_gaiamag"":7.97745,""pl_rade"":13.9,""pl_radelim"":0,""pl_bmasse"":282.8687,""pl_bmasselim"":0,""pl_bmassprov"":""Msini"",""pl_orbper"":298.2,""pl_orbperlim"":0,""pl_orbsmax"":0.87,""pl_eqt"":232.36,""pl_eqtlim"":0,""disc_year"":2016,""discoverymethod"":""Radial Velocity"",""disc_refname"":""<a refstr=JENKINS_ET_AL__2017 href=https://ui.adsabs.harvard.edu/abs/2017MNRAS.466..443J/abstract target=ref>Jenkins et al. 2017</a>"",""import_batch"":""astralys_nasa_confirmed_planets_20260918"",""discovery_status"":""confirmed"",""table"":""pscomppars"",""gaia_host_source_id"":""6223838830917236224"",""orbit_order"":1,""retrieved_at"":""2026-09-18T14:51:26.782Z"",""sky_position_kind"":""host_system_direction"",""visual_is_interpretation"":true,""best_mass_is_minimum"":true}"
planet,NASA_EXOPLANET_ARCHIVE,HD 6434 b,HD 6434 b,7e17a43c-50fb-4692-93e0-112996dd386c,HD 6434,16.1663441,-39.4904909,138.153158,,14.2,,21.998,787,2003,Radial Velocity, Mayor et al. 2004 ,834797976,gas,2026-09-18T14:51:26.782Z,"{""pl_name"":""HD 6434 b"",""hostname"":""HD 6434"",""gaia_dr3_id"":""Gaia DR3 4988158666636598272"",""ra"":16.1663441,""dec"":-39.4904909,""sy_dist"":42.358,""sy_gaiamag"":7.5609,""pl_rade"":14.2,""pl_radelim"":0,""pl_bmasse"":155.7367,""pl_bmasselim"":0,""pl_bmassprov"":""Msini"",""pl_orbper"":21.998,""pl_orbperlim"":0,""pl_orbsmax"":0.14,""pl_eqt"":786.83,""pl_eqtlim"":0,""disc_year"":2003,""discoverymethod"":""Radial Velocity"",""disc_refname"":""<a refstr=MAYOR_ET_AL__2004 href=https://ui.adsabs.harvard.edu/abs/2004A&A...415..391M/abstract target=ref> Mayor et al. 2004 </a>"",""import_batch"":""astralys_nasa_confirmed_planets_20260918"",""discovery_status"":""confirmed"",""table"":""pscomppars"",""gaia_host_source_id"":""4988158666636598272"",""orbit_order"":1,""retrieved_at"":""2026-09-18T14:51:26.782Z"",""sky_position_kind"":""host_system_direction"",""visual_is_interpretation"":true,""best_mass_is_minimum"":true}"
planet,NASA_EXOPLANET_ARCHIVE,HD 137388 b,HD 137388 b,5c5ad919-a306-48c0-8ea0-3d05762295a4,HD 137388,233.915082,-80.2044169,132.041321,,9.32,,330,248,2011,Radial Velocity, Dumusque et al. 2011 ,1187610836,gas,2026-09-18T14:51:26.782Z,"{""pl_name"":""HD 137388 b"",""hostname"":""HD 137388"",""gaia_dr3_id"":""Gaia DR3 5778418870846853888"",""ra"":233.915082,""dec"":-80.2044169,""sy_dist"":40.4841,""sy_gaiamag"":8.47996,""pl_rade"":9.32,""pl_radelim"":0,""pl_bmasse"":63.566,""pl_bmasselim"":0,""pl_bmassprov"":""Msini"",""pl_orbper"":330,""pl_orbperlim"":0,""pl_orbsmax"":0.89,""pl_eqt"":248.42,""pl_eqtlim"":0,""disc_year"":2011,""discoverymethod"":""Radial Velocity"",""disc_refname"":""<a refstr=DUMUSQUE_ET_AL__2011 href=https://ui.adsabs.harvard.edu/abs/2011A%26A...535A..55D/abstract target=ref> Dumusque et al. 2011 </a>"",""import_batch"":""astralys_nasa_confirmed_planets_20260918"",""discovery_status"":""confirmed"",""table"":""pscomppars"",""gaia_host_source_id"":""5778418870846853888"",""orbit_order"":1,""retrieved_at"":""2026-09-18T14:51:26.782Z"",""sky_position_kind"":""host_system_direction"",""visual_is_interpretation"":true,""best_mass_is_minimum"":true}"
planet,NASA_EXOPLANET_ARCHIVE,HD 13931 b,HD 13931 b,45fe326c-5792-4a4d-a2c0-685ea79047ad,HD 13931,34.1979991,43.7722065,154.585876,,13.2,889.9195396,4218,139,2009,Radial Velocity, Howard et al. 2010 ,1914287833,gas,2026-09-18T14:51:26.782Z,"{""pl_name"":""HD 13931 b"",""hostname"":""HD 13931"",""gaia_dr3_id"":""Gaia DR3 351537889154226816"",""ra"":34.1979991,""dec"":43.7722065,""sy_dist"":47.3963,""sy_gaiamag"":7.45464,""pl_rade"":13.2,""pl_radelim"":0,""pl_bmasse"":889.9195396,""pl_bmasselim"":0,""pl_bmassprov"":""Mass"",""pl_orbper"":4218,""pl_orbperlim"":0,""pl_orbsmax"":5.15,""pl_eqt"":139.38,""pl_eqtlim"":0,""disc_year"":2009,""discoverymethod"":""Radial Velocity"",""disc_refname"":""<a refstr=HOWARD_ET_AL__2010 href=https://ui.adsabs.harvard.edu/abs/2010ApJ...721.1467H/abstract target=ref> Howard et al. 2010 </a>"",""import_batch"":""astralys_nasa_confirmed_planets_20260918"",""discovery_status"":""confirmed"",""table"":""pscomppars"",""gaia_host_source_id"":""351537889154226816"",""orbit_order"":1,""retrieved_at"":""2026-09-18T14:51:26.782Z"",""sky_position_kind"":""host_system_direction"",""visual_is_interpretation"":true,""best_mass_is_minimum"":false}"
planet,NASA_EXOPLANET_ARCHIVE,HD 7199 b,HD 7199 b,a1fae96d-720a-4e4a-bc99-cdfaa01423a2,HD 7199,17.6979344,-66.1886947,117.915505,,,,615,219,2011,Radial Velocity, Dumusque et al. 2011 ,83208819,rocky,2026-09-18T14:51:26.782Z,"{""pl_name"":""HD 7199 b"",""hostname"":""HD 7199"",""gaia_dr3_id"":""Gaia DR3 4704957491028733824"",""ra"":17.6979344,""dec"":-66.1886947,""sy_dist"":36.1531,""sy_gaiamag"":7.83743,""pl_rade"":null,""pl_radelim"":null,""pl_bmasse"":3639.13526015,""pl_bmasselim"":1,""pl_bmassprov"":""Mass"",""pl_orbper"":615,""pl_orbperlim"":0,""pl_orbsmax"":1.36,""pl_eqt"":218.73,""pl_eqtlim"":0,""disc_year"":2011,""discoverymethod"":""Radial Velocity"",""disc_refname"":""<a refstr=DUMUSQUE_ET_AL__2011 href=https://ui.adsabs.harvard.edu/abs/2011A%26A...535A..55D/abstract target=ref> Dumusque et al. 2011 </a>"",""import_batch"":""astralys_nasa_confirmed_planets_20260918"",""discovery_status"":""confirmed"",""table"":""pscomppars"",""gaia_host_source_id"":""4704957491028733824"",""orbit_order"":1,""retrieved_at"":""2026-09-18T14:51:26.782Z"",""sky_position_kind"":""host_system_direction"",""visual_is_interpretation"":true,""best_mass_is_minimum"":false}"
planet,NASA_EXOPLANET_ARCHIVE,HD 75289 b,HD 75289 b,38e3706c-dbcf-4d0b-9c90-043d981b8361,HD 75289,131.9181715,-41.7377748,94.962929,,14.2,,3.50927,1260,1999,Radial Velocity, Udry et al. 2000 ,357595742,gas,2026-09-18T14:51:26.782Z,"{""pl_name"":""HD 75289 b"",""hostname"":""HD 75289"",""gaia_dr3_id"":""Gaia DR3 5524982093479504384"",""ra"":131.9181715,""dec"":-41.7377748,""sy_dist"":29.1158,""sy_gaiamag"":6.21047,""pl_rade"":14.2,""pl_radelim"":0,""pl_bmasse"":155.7367,""pl_bmasselim"":0,""pl_bmassprov"":""Msini"",""pl_orbper"":3.50927,""pl_orbperlim"":0,""pl_orbsmax"":0.05,""pl_eqt"":1260,""pl_eqtlim"":0,""disc_year"":1999,""discoverymethod"":""Radial Velocity"",""disc_refname"":""<a refstr=UDRY_ET_AL__2000 href=https://ui.adsabs.harvard.edu/abs/2000A&A...356..590U/abstract target=ref> Udry et al. 2000 </a>"",""import_batch"":""astralys_nasa_confirmed_planets_20260918"",""discovery_status"":""confirmed"",""table"":""pscomppars"",""gaia_host_source_id"":""5524982093479504384"",""orbit_order"":1,""retrieved_at"":""2026-09-18T14:51:26.782Z"",""sky_position_kind"":""host_system_direction"",""visual_is_interpretation"":true,""best_mass_is_minimum"":true}"
planet,NASA_EXOPLANET_ARCHIVE,HD 142022 A b,HD 142022 A b,baf8b51c-095f-4c28-935b-4f0f8977ae02,HD 142022 A,242.5481731,-84.2317494,111.806929,,12.9,1433.40611557,1928,156,2005,Radial Velocity, Eggenberger et al. 2006 ,714806985,gas,2026-09-18T14:51:26.782Z,"{""pl_name"":""HD 142022 A b"",""hostname"":""HD 142022 A"",""gaia_dr3_id"":""Gaia DR3 5768159705804908800"",""ra"":242.5481731,""dec"":-84.2317494,""sy_dist"":34.2802,""sy_gaiamag"":7.51423,""pl_rade"":12.9,""pl_radelim"":0,""pl_bmasse"":1433.40611557,""pl_bmasselim"":0,""pl_bmassprov"":""Mass"",""pl_orbper"":1928,""pl_orbperlim"":0,""pl_orbsmax"":2.93,""pl_eqt"":155.74,""pl_eqtlim"":0,""disc_year"":2005,""discoverymethod"":""Radial Velocity"",""disc_refname"":""<a refstr=EGGENBERGER_ET_AL__2006 href=https://ui.adsabs.harvard.edu/abs/2006A&A...447.1159E/abstract target=ref> Eggenberger et al. 2006 </a>"",""import_batch"":""astralys_nasa_confirmed_planets_20260918"",""discovery_status"":""confirmed"",""table"":""pscomppars"",""gaia_host_source_id"":""5768159705804908800"",""orbit_order"":1,""retrieved_at"":""2026-09-18T14:51:26.782Z"",""sky_position_kind"":""host_system_direction"",""visual_is_interpretation"":true,""best_mass_is_minimum"":false}"
planet,NASA_EXOPLANET_ARCHIVE,HD 145377 b,HD 145377 b,2014cf79-570b-41a6-b9b2-5fa5ddba0418,HD 145377,242.9019658,-27.0781199,174.455626,,12.8,,103.95,443,2008,Radial Velocity, Moutou et al. 2009 ,891290386,gas,2026-09-18T14:51:26.782Z,"{""pl_name"":""HD 145377 b"",""hostname"":""HD 145377"",""gaia_dr3_id"":""Gaia DR3 6042491773948918656"",""ra"":242.9019658,""dec"":-27.0781199,""sy_dist"":53.4884,""sy_gaiamag"":7.96999,""pl_rade"":12.8,""pl_radelim"":0,""pl_bmasse"":1913.3366,""pl_bmasselim"":0,""pl_bmassprov"":""Msini"",""pl_orbper"":103.95,""pl_orbperlim"":0,""pl_orbsmax"":0.45,""pl_eqt"":442.98,""pl_eqtlim"":0,""disc_year"":2008,""discoverymethod"":""Radial Velocity"",""disc_refname"":""<a refstr=MOUTOU_ET_AL__2009 href=https://ui.adsabs.harvard.edu/abs/2009A&A...496..513M/abstract target=ref> Moutou et al. 2009 </a>"",""import_batch"":""astralys_nasa_confirmed_planets_20260918"",""discovery_status"":""confirmed"",""table"":""pscomppars"",""gaia_host_source_id"":""6042491773948918656"",""orbit_order"":1,""retrieved_at"":""2026-09-18T14:51:26.782Z"",""sky_position_kind"":""host_system_direction"",""visual_is_interpretation"":true,""best_mass_is_minimum"":true}"
planet,NASA_EXOPLANET_ARCHIVE,HD 76700 b,HD 76700 b,9d022519-1bf8-451a-a729-8fa7c5a45f01,HD 76700,133.4782248,-66.8004747,198.573884,,9.6,,3.97097,1425,2002,Radial Velocity, Tinney et al. 2003 ,478466777,gas,2026-09-18T14:51:26.782Z,"{""pl_name"":""HD 76700 b"",""hostname"":""HD 76700"",""gaia_dr3_id"":""Gaia DR3 5272187804562841216"",""ra"":133.4782248,""dec"":-66.8004747,""sy_dist"":60.8831,""sy_gaiamag"":7.97348,""pl_rade"":9.6,""pl_radelim"":0,""pl_bmasse"":66.7443,""pl_bmasselim"":0,""pl_bmassprov"":""Msini"",""pl_orbper"":3.97097,""pl_orbperlim"":0,""pl_orbsmax"":0.05,""pl_eqt"":1424.61,""pl_eqtlim"":0,""disc_year"":2002,""discoverymethod"":""Radial Velocity"",""disc_refname"":""<a refstr=TINNEY_ET_AL__2003 href=https://ui.adsabs.harvard.edu/abs/2003ApJ...587..423T/abstract target=ref> Tinney et al. 2003 </a>"",""import_batch"":""astralys_nasa_confirmed_planets_20260918"",""discovery_status"":""confirmed"",""table"":""pscomppars"",""gaia_host_source_id"":""5272187804562841216"",""orbit_order"":1,""retrieved_at"":""2026-09-18T14:51:26.782Z"",""sky_position_kind"":""host_system_direction"",""visual_is_interpretation"":true,""best_mass_is_minimum"":true}"
planet,NASA_EXOPLANET_ARCHIVE,HD 24040 b,HD 24040 b,d3dd15da-b094-4457-a926-f972665b24b8,HD 24040,57.5962104,17.4752873,152.061755,,12.9,1589.142035,3668,144,2006,Radial Velocity, Wright et al. 2007 ,1027922090,gas,2026-09-18T14:51:26.782Z,"{""pl_name"":""HD 24040 b"",""hostname"":""HD 24040"",""gaia_dr3_id"":""Gaia DR3 43802039287826432"",""ra"":57.5962104,""dec"":17.4752873,""sy_dist"":46.6224,""sy_gaiamag"":7.33476,""pl_rade"":12.9,""pl_radelim"":0,""pl_bmasse"":1589.142035,""pl_bmasselim"":0,""pl_bmassprov"":""Mass"",""pl_orbper"":3668,""pl_orbperlim"":0,""pl_orbsmax"":4.92,""pl_eqt"":143.81,""pl_eqtlim"":0,""disc_year"":2006,""discoverymethod"":""Radial Velocity"",""disc_refname"":""<a refstr=WRIGHT_ET_AL__2007 href=https://ui.adsabs.harvard.edu/abs/2007ApJ...657..533W/abstract target=ref> Wright et al. 2007 </a>"",""import_batch"":""astralys_nasa_confirmed_planets_20260918"",""discovery_status"":""confirmed"",""table"":""pscomppars"",""gaia_host_source_id"":""43802039287826432"",""orbit_order"":2,""retrieved_at"":""2026-09-18T14:51:26.782Z"",""sky_position_kind"":""host_system_direction"",""visual_is_interpretation"":true,""best_mass_is_minimum"":false}"
planet,NASA_EXOPLANET_ARCHIVE,HD 222155 b,HD 222155 b,7fc64bc4-6127-4ebe-818f-060edd2300fd,HD 222155,354.5025617,48.9960191,165.060376,,13.4,581.62598481,3999,165,2011,Radial Velocity, Boisse et al. 2012 ,1828636435,gas,2026-09-18T14:51:26.782Z,"{""pl_name"":""HD 222155 b"",""hostname"":""HD 222155"",""gaia_dr3_id"":""Gaia DR3 1943363751009454976"",""ra"":354.5025617,""dec"":48.9960191,""sy_dist"":50.6078,""sy_gaiamag"":6.93563,""pl_rade"":13.4,""pl_radelim"":0,""pl_bmasse"":581.62598481,""pl_bmasselim"":0,""pl_bmassprov"":""Mass"",""pl_orbper"":3999,""pl_orbperlim"":0,""pl_orbsmax"":5.14,""pl_eqt"":164.93,""pl_eqtlim"":0,""disc_year"":2011,""discoverymethod"":""Radial Velocity"",""disc_refname"":""<a refstr=BOISSE_ET_AL__2012 href=https://ui.adsabs.harvard.edu/abs/2012A%26A...545A..55B/abstract target=ref> Boisse et al. 2012 </a>"",""import_batch"":""astralys_nasa_confirmed_planets_20260918"",""discovery_status"":""confirmed"",""table"":""pscomppars"",""gaia_host_source_id"":""1943363751009454976"",""orbit_order"":1,""retrieved_at"":""2026-09-18T14:51:26.782Z"",""sky_position_kind"":""host_system_direction"",""visual_is_interpretation"":true,""best_mass_is_minimum"":false}"
planet,NASA_EXOPLANET_ARCHIVE,HD 154672 b,HD 154672 b,c4a0c0bd-010f-42df-b795-36bd033066ab,HD 154672,257.520697,-56.4498041,205.63614,,12.8,,163.94,411,2008,Radial Velocity, Lopez-Morales et al. 2008 ,581431692,gas,2026-09-18T14:51:26.782Z,"{""pl_name"":""HD 154672 b"",""hostname"":""HD 154672"",""gaia_dr3_id"":""Gaia DR3 5917231492323978880"",""ra"":257.520697,""dec"":-56.4498041,""sy_dist"":63.0484,""sy_gaiamag"":8.03732,""pl_rade"":12.8,""pl_radelim"":0,""pl_bmasse"":1706.7471,""pl_bmasselim"":0,""pl_bmassprov"":""Msini"",""pl_orbper"":163.94,""pl_orbperlim"":0,""pl_orbsmax"":0.6,""pl_eqt"":410.76,""pl_eqtlim"":0,""disc_year"":2008,""discoverymethod"":""Radial Velocity"",""disc_refname"":""<a refstr=LOPEZ_MORALES_ET_AL__2008 href=https://ui.adsabs.harvard.edu/abs/2008AJ....136.1901L/abstract target=ref> Lopez-Morales et al. 2008 </a>"",""import_batch"":""astralys_nasa_confirmed_planets_20260918"",""discovery_status"":""confirmed"",""table"":""pscomppars"",""gaia_host_source_id"":""5917231492323978880"",""orbit_order"":1,""retrieved_at"":""2026-09-18T14:51:26.782Z"",""sky_position_kind"":""host_system_direction"",""visual_is_interpretation"":true,""best_mass_is_minimum"":true}"
planet,NASA_EXOPLANET_ARCHIVE,HD 158038 b,HD 158038 b,3c58ba8e-2a61-420e-a6de-f13ba1753940,HD 158038,261.4395312,27.3030721,309.399735,,13.5,,521,406,2011,Radial Velocity, Johnson et al. 2011 ,1617555941,gas,2026-09-18T14:51:26.782Z,"{""pl_name"":""HD 158038 b"",""hostname"":""HD 158038"",""gaia_dr3_id"":""Gaia DR3 4574156834713113600"",""ra"":261.4395312,""dec"":27.3030721,""sy_dist"":94.8625,""sy_gaiamag"":7.2068,""pl_rade"":13.5,""pl_radelim"":0,""pl_bmasse"":486.2799,""pl_bmasselim"":0,""pl_bmassprov"":""Msini"",""pl_orbper"":521,""pl_orbperlim"":0,""pl_orbsmax"":1.5,""pl_eqt"":405.91,""pl_eqtlim"":0,""disc_year"":2011,""discoverymethod"":""Radial Velocity"",""disc_refname"":""<a refstr=JOHNSON_ET_AL__2011 href=https://ui.adsabs.harvard.edu/abs/2011ApJS..197...26J/abstract target=ref> Johnson et al. 2011 </a>"",""import_batch"":""astralys_nasa_confirmed_planets_20260918"",""discovery_status"":""confirmed"",""table"":""pscomppars"",""gaia_host_source_id"":""4574156834713113600"",""orbit_order"":1,""retrieved_at"":""2026-09-18T14:51:26.782Z"",""sky_position_kind"":""host_system_direction"",""visual_is_interpretation"":true,""best_mass_is_minimum"":true}"
planet,NASA_EXOPLANET_ARCHIVE,HR 810 b,HR 810 b,96bee2f8-4fce-440b-86c5-984078605ce3,HR 810,40.6417178,-50.7993484,56.484022,,12.7,1970.5361234,302.79999,330,1999,Radial Velocity, Kurster et al. 2000 ,706749704,gas,2026-09-18T14:51:26.782Z,"{""pl_name"":""HR 810 b"",""hostname"":""HR 810"",""gaia_dr3_id"":""Gaia DR3 4745373133284418816"",""ra"":40.6417178,""dec"":-50.7993484,""sy_dist"":17.3181,""sy_gaiamag"":5.25587,""pl_rade"":12.7,""pl_radelim"":0,""pl_bmasse"":1970.5361234,""pl_bmasselim"":0,""pl_bmassprov"":""Mass"",""pl_orbper"":302.79999,""pl_orbperlim"":0,""pl_orbsmax"":0.92,""pl_eqt"":329.57,""pl_eqtlim"":0,""disc_year"":1999,""discoverymethod"":""Radial Velocity"",""disc_refname"":""<a refstr=KURSTER_ET_AL__2000 href=https://ui.adsabs.harvard.edu/abs/2000A&A...353L..33K/abstract target=ref> Kurster et al. 2000 </a>"",""import_batch"":""astralys_nasa_confirmed_planets_20260918"",""discovery_status"":""confirmed"",""table"":""pscomppars"",""gaia_host_source_id"":""4745373133284418816"",""orbit_order"":1,""retrieved_at"":""2026-09-18T14:51:26.782Z"",""sky_position_kind"":""host_system_direction"",""visual_is_interpretation"":true,""best_mass_is_minimum"":false}"
planet,NASA_EXOPLANET_ARCHIVE,HD 16175 b,HD 16175 b,77ac5541-c132-47e1-b657-d2fd08bda54b,HD 16175,39.2577379,42.0624526,195.23372,,12.8,1875.1876013,990,260,2009,Radial Velocity, Peek et al. 2009 ,1486537537,gas,2026-09-18T14:51:26.782Z,"{""pl_name"":""HD 16175 b"",""hostname"":""HD 16175"",""gaia_dr3_id"":""Gaia DR3 340028235795364864"",""ra"":39.2577379,""dec"":42.0624526,""sy_dist"":59.859,""sy_gaiamag"":7.1291,""pl_rade"":12.8,""pl_radelim"":0,""pl_bmasse"":1875.1876013,""pl_bmasselim"":0,""pl_bmassprov"":""Mass"",""pl_orbper"":990,""pl_orbperlim"":0,""pl_orbsmax"":2.12,""pl_eqt"":259.78,""pl_eqtlim"":0,""disc_year"":2009,""discoverymethod"":""Radial Velocity"",""disc_refname"":""<a refstr=PEEK_ET_AL__2009 href=https://ui.adsabs.harvard.edu/abs/2009PASP..121..613P/abstract target=ref> Peek et al. 2009 </a>"",""import_batch"":""astralys_nasa_confirmed_planets_20260918"",""discovery_status"":""confirmed"",""table"":""pscomppars"",""gaia_host_source_id"":""340028235795364864"",""orbit_order"":1,""retrieved_at"":""2026-09-18T14:51:26.782Z"",""sky_position_kind"":""host_system_direction"",""visual_is_interpretation"":true,""best_mass_is_minimum"":false}"
planet,NASA_EXOPLANET_ARCHIVE,HD 16141 b,HD 16141 b,11fa72a5-7f22-42b1-8eac-765acaa8706a,HD 16141,38.8323674,-3.5624887,123.241632,,10.9,,75.523,563,2000,Radial Velocity, Marcy et al. 2000 ,1885999018,gas,2026-09-18T14:51:26.782Z,"{""pl_name"":""HD 16141 b"",""hostname"":""HD 16141"",""gaia_dr3_id"":""Gaia DR3 2495335115182966016"",""ra"":38.8323674,""dec"":-3.5624887,""sy_dist"":37.7861,""sy_gaiamag"":6.65773,""pl_rade"":10.9,""pl_radelim"":0,""pl_bmasse"":82.6358,""pl_bmasselim"":0,""pl_bmassprov"":""Msini"",""pl_orbper"":75.523,""pl_orbperlim"":0,""pl_orbsmax"":0.36,""pl_eqt"":562.87,""pl_eqtlim"":0,""disc_year"":2000,""discoverymethod"":""Radial Velocity"",""disc_refname"":""<a refstr=MARCY_ET_AL__2000 href=https://ui.adsabs.harvard.edu/abs/2000ApJ...536L..43M/abstract target=ref> Marcy et al. 2000 </a>"",""import_batch"":""astralys_nasa_confirmed_planets_20260918"",""discovery_status"":""confirmed"",""table"":""pscomppars"",""gaia_host_source_id"":""2495335115182966016"",""orbit_order"":1,""retrieved_at"":""2026-09-18T14:51:26.782Z"",""sky_position_kind"":""host_system_direction"",""visual_is_interpretation"":true,""best_mass_is_minimum"":true}"
planet,NASA_EXOPLANET_ARCHIVE,HD 204941 b,HD 204941 b,84ff0083-484c-463a-a6a7-a617b0e38475,HD 204941,323.0966714,-20.957957,93.660588,,10.1,,1733,134,2011,Radial Velocity, Dumusque et al. 2011 ,253314492,gas,2026-09-18T14:51:26.782Z,"{""pl_name"":""HD 204941 b"",""hostname"":""HD 204941"",""gaia_dr3_id"":""Gaia DR3 6830027182179257472"",""ra"":323.0966714,""dec"":-20.957957,""sy_dist"":28.7165,""sy_gaiamag"":8.19092,""pl_rade"":10.1,""pl_radelim"":0,""pl_bmasse"":73.1009,""pl_bmasselim"":0,""pl_bmassprov"":""Msini"",""pl_orbper"":1733,""pl_orbperlim"":0,""pl_orbsmax"":2.55,""pl_eqt"":134.04,""pl_eqtlim"":0,""disc_year"":2011,""discoverymethod"":""Radial Velocity"",""disc_refname"":""<a refstr=DUMUSQUE_ET_AL__2011 href=https://ui.adsabs.harvard.edu/abs/2011A%26A...535A..55D/abstract target=ref> Dumusque et al. 2011 </a>"",""import_batch"":""astralys_nasa_confirmed_planets_20260918"",""discovery_status"":""confirmed"",""table"":""pscomppars"",""gaia_host_source_id"":""6830027182179257472"",""orbit_order"":1,""retrieved_at"":""2026-09-18T14:51:26.782Z"",""sky_position_kind"":""host_system_direction"",""visual_is_interpretation"":true,""best_mass_is_minimum"":true}"
planet,NASA_EXOPLANET_ARCHIVE,HD 212301 b,HD 212301 b,ef53e105-91f5-4f70-8e42-362f08a06e50,HD 212301,336.8803957,-77.7183219,176.875703,,14.2,,2.24571,1871,2005,Radial Velocity, Lo Curto et al. 2006 ,993084629,gas,2026-09-18T14:51:26.782Z,"{""pl_name"":""HD 212301 b"",""hostname"":""HD 212301"",""gaia_dr3_id"":""Gaia DR3 6356860393345181824"",""ra"":336.8803957,""dec"":-77.7183219,""sy_dist"":54.2304,""sy_gaiamag"":7.63495,""pl_rade"":14.2,""pl_radelim"":0,""pl_bmasse"":162.0933,""pl_bmasselim"":0,""pl_bmassprov"":""Msini"",""pl_orbper"":2.24571,""pl_orbperlim"":0,""pl_orbsmax"":0.03,""pl_eqt"":1870.75,""pl_eqtlim"":0,""disc_year"":2005,""discoverymethod"":""Radial Velocity"",""disc_refname"":""<a refstr=LO_CURTO_ET_AL__2006 href=https://ui.adsabs.harvard.edu/abs/2006A&A...451..345L/abstract target=ref> Lo Curto et al. 2006 </a>"",""import_batch"":""astralys_nasa_confirmed_planets_20260918"",""discovery_status"":""confirmed"",""table"":""pscomppars"",""gaia_host_source_id"":""6356860393345181824"",""orbit_order"":1,""retrieved_at"":""2026-09-18T14:51:26.782Z"",""sky_position_kind"":""host_system_direction"",""visual_is_interpretation"":true,""best_mass_is_minimum"":true}"
planet,NASA_EXOPLANET_ARCHIVE,HD 213240 b,HD 213240 b,f09ba93f-3e1a-4ae4-b480-ba4860e9326b,HD 213240,337.7506266,-49.4341037,133.30224,,12.8,1655.88600047,882.70001,258,2001,Radial Velocity, Santos et al. 2001 ,361859954,gas,2026-09-18T14:51:26.782Z,"{""pl_name"":""HD 213240 b"",""hostname"":""HD 213240"",""gaia_dr3_id"":""Gaia DR3 6517058790835773440"",""ra"":337.7506266,""dec"":-49.4341037,""sy_dist"":40.8707,""sy_gaiamag"":6.65761,""pl_rade"":12.8,""pl_radelim"":0,""pl_bmasse"":1655.88600047,""pl_bmasselim"":0,""pl_bmassprov"":""Mass"",""pl_orbper"":882.70001,""pl_orbperlim"":0,""pl_orbsmax"":1.89,""pl_eqt"":257.7,""pl_eqtlim"":0,""disc_year"":2001,""discoverymethod"":""Radial Velocity"",""disc_refname"":""<a refstr=SANTOS_ET_AL__2001 href=https://ui.adsabs.harvard.edu/abs/2001A&A...379..999S/abstract target=ref> Santos et al. 2001 </a>"",""import_batch"":""astralys_nasa_confirmed_planets_20260918"",""discovery_status"":""confirmed"",""table"":""pscomppars"",""gaia_host_source_id"":""6517058790835773440"",""orbit_order"":1,""retrieved_at"":""2026-09-18T14:51:26.782Z"",""sky_position_kind"":""host_system_direction"",""visual_is_interpretation"":true,""best_mass_is_minimum"":false}"
planet,NASA_EXOPLANET_ARCHIVE,HD 218566 b,HD 218566 b,18f64ed5-85de-4f1f-ba71-d85c636616fa,HD 218566,347.297417,-2.2611645,94.022295,,9.32,,225.7,253,2010,Radial Velocity, Meschiari et al. 2011 ,251102416,gas,2026-09-18T14:51:26.782Z,"{""pl_name"":""HD 218566 b"",""hostname"":""HD 218566"",""gaia_dr3_id"":""Gaia DR3 2638410646295370880"",""ra"":347.297417,""dec"":-2.2611645,""sy_dist"":28.8274,""sy_gaiamag"":8.27432,""pl_rade"":9.32,""pl_radelim"":0,""pl_bmasse"":63.566,""pl_bmasselim"":0,""pl_bmassprov"":""Msini"",""pl_orbper"":225.7,""pl_orbperlim"":0,""pl_orbsmax"":0.69,""pl_eqt"":253.15,""pl_eqtlim"":0,""disc_year"":2010,""discoverymethod"":""Radial Velocity"",""disc_refname"":""<a refstr=MESCHIARI_ET_AL__2011 href=https://ui.adsabs.harvard.edu/abs/2011ApJ...727..117M/abstract target=ref> Meschiari et al. 2011 </a>"",""import_batch"":""astralys_nasa_confirmed_planets_20260918"",""discovery_status"":""confirmed"",""table"":""pscomppars"",""gaia_host_source_id"":""2638410646295370880"",""orbit_order"":1,""retrieved_at"":""2026-09-18T14:51:26.782Z"",""sky_position_kind"":""host_system_direction"",""visual_is_interpretation"":true,""best_mass_is_minimum"":true}"
planet,NASA_EXOPLANET_ARCHIVE,HD 101930 b,HD 101930 b,ffd7fd39-5e42-45d7-945d-32041c08940e,HD 101930,175.875608,-58.0053798,97.936167,,10.6,,70.46,417,2005,Radial Velocity, Lovis et al. 2005 ,42699185,gas,2026-09-18T14:51:26.782Z,"{""pl_name"":""HD 101930 b"",""hostname"":""HD 101930"",""gaia_dr3_id"":""Gaia DR3 5341787994441794176"",""ra"":175.875608,""dec"":-58.0053798,""sy_dist"":30.0274,""sy_gaiamag"":7.96664,""pl_rade"":10.6,""pl_radelim"":0,""pl_bmasse"":79.4575,""pl_bmasselim"":0,""pl_bmassprov"":""Msini"",""pl_orbper"":70.46,""pl_orbperlim"":0,""pl_orbsmax"":0.3,""pl_eqt"":417.04,""pl_eqtlim"":0,""disc_year"":2005,""discoverymethod"":""Radial Velocity"",""disc_refname"":""<a refstr=LOVIS_ET_AL__2005 href=https://ui.adsabs.harvard.edu/abs/2005A&A...437.1121L/abstract target=ref> Lovis et al. 2005 </a>"",""import_batch"":""astralys_nasa_confirmed_planets_20260918"",""discovery_status"":""confirmed"",""table"":""pscomppars"",""gaia_host_source_id"":""5341787994441794176"",""orbit_order"":1,""retrieved_at"":""2026-09-18T14:51:26.782Z"",""sky_position_kind"":""host_system_direction"",""visual_is_interpretation"":true,""best_mass_is_minimum"":true}"
planet,NASA_EXOPLANET_ARCHIVE,HD 30562 b,HD 30562 b,b7d41b2e-8aa6-4ae5-a943-066065d97da2,HD 30562,72.1529519,-5.6751152,85.321431,,13.6,467.20775829,1157,235,2009,Radial Velocity, Fischer et al. 2009 ,588196193,gas,2026-09-18T14:51:26.782Z,"{""pl_name"":""HD 30562 b"",""hostname"":""HD 30562"",""gaia_dr3_id"":""Gaia DR3 3188395880157173120"",""ra"":72.1529519,""dec"":-5.6751152,""sy_dist"":26.1597,""sy_gaiamag"":5.61828,""pl_rade"":13.6,""pl_radelim"":0,""pl_bmasse"":467.20775829,""pl_bmasselim"":0,""pl_bmassprov"":""Mass"",""pl_orbper"":1157,""pl_orbperlim"":0,""pl_orbsmax"":2.34,""pl_eqt"":235.27,""pl_eqtlim"":0,""disc_year"":2009,""discoverymethod"":""Radial Velocity"",""disc_refname"":""<a refstr=FISCHER_ET_AL__2009 href=https://ui.adsabs.harvard.edu/abs/2009ApJ...703.1545F/abstract target=ref> Fischer et al. 2009 </a>"",""import_batch"":""astralys_nasa_confirmed_planets_20260918"",""discovery_status"":""confirmed"",""table"":""pscomppars"",""gaia_host_source_id"":""3188395880157173120"",""orbit_order"":1,""retrieved_at"":""2026-09-18T14:51:26.782Z"",""sky_position_kind"":""host_system_direction"",""visual_is_interpretation"":true,""best_mass_is_minimum"":false}"
planet,NASA_EXOPLANET_ARCHIVE,HD 102195 b,HD 102195 b,57454a85-75a9-460d-82b8-bd9dbfc16a05,HD 102195,176.4254063,2.8209912,95.689604,,14.2,,4.11377,1035,2006,Radial Velocity, Ge et al. 2006 ,1459368860,gas,2026-09-18T14:51:26.782Z,"{""pl_name"":""HD 102195 b"",""hostname"":""HD 102195"",""gaia_dr3_id"":""Gaia DR3 3799626935341796096"",""ra"":176.4254063,""dec"":2.8209912,""sy_dist"":29.3386,""sy_gaiamag"":7.84665,""pl_rade"":14.2,""pl_radelim"":0,""pl_bmasse"":130.3103,""pl_bmasselim"":0,""pl_bmassprov"":""Msini"",""pl_orbper"":4.11377,""pl_orbperlim"":0,""pl_orbsmax"":0.05,""pl_eqt"":1035.17,""pl_eqtlim"":0,""disc_year"":2006,""discoverymethod"":""Radial Velocity"",""disc_refname"":""<a refstr=GE_ET_AL__2006 href=https://ui.adsabs.harvard.edu/abs/2006ApJ...648..683G/abstract target=ref> Ge et al. 2006 </a>"",""import_batch"":""astralys_nasa_confirmed_planets_20260918"",""discovery_status"":""confirmed"",""table"":""pscomppars"",""gaia_host_source_id"":""3799626935341796096"",""orbit_order"":1,""retrieved_at"":""2026-09-18T14:51:26.782Z"",""sky_position_kind"":""host_system_direction"",""visual_is_interpretation"":true,""best_mass_is_minimum"":true}"
planet,NASA_EXOPLANET_ARCHIVE,HD 102117 b,HD 102117 b,6dc62687-2139-4e3b-ade7-88fde1b2a3bd,HD 102117,176.2097267,-58.7040134,129.089936,,8.47,,20.8133,781,2005,Radial Velocity, Lovis et al. 2005 ,28992121,gas,2026-09-18T14:51:26.782Z,"{""pl_name"":""HD 102117 b"",""hostname"":""HD 102117"",""gaia_dr3_id"":""Gaia DR3 5341673851394297600"",""ra"":176.2097267,""dec"":-58.7040134,""sy_dist"":39.5792,""sy_gaiamag"":7.28191,""pl_rade"":8.47,""pl_radelim"":0,""pl_bmasse"":54.0311,""pl_bmasselim"":0,""pl_bmassprov"":""Msini"",""pl_orbper"":20.8133,""pl_orbperlim"":0,""pl_orbsmax"":0.15,""pl_eqt"":780.86,""pl_eqtlim"":0,""disc_year"":2005,""discoverymethod"":""Radial Velocity"",""disc_refname"":""<a refstr=LOVIS_ET_AL__2005 href=https://ui.adsabs.harvard.edu/abs/2005A&A...437.1121L/abstract target=ref> Lovis et al. 2005 </a>"",""import_batch"":""astralys_nasa_confirmed_planets_20260918"",""discovery_status"":""confirmed"",""table"":""pscomppars"",""gaia_host_source_id"":""5341673851394297600"",""orbit_order"":1,""retrieved_at"":""2026-09-18T14:51:26.782Z"",""sky_position_kind"":""host_system_direction"",""visual_is_interpretation"":true,""best_mass_is_minimum"":true}"
planet,NASA_EXOPLANET_ARCHIVE,HD 34445 b,HD 34445 b,f2ff17c9-1f13-49ea-b4aa-1b311b828e55,HD 34445,79.4207483,7.3527156,150.327583,,13.9,,1049,231,2009,Radial Velocity, Howard et al. 2010 ,1038897162,gas,2026-09-18T14:51:26.782Z,"{""pl_name"":""HD 34445 b"",""hostname"":""HD 34445"",""gaia_dr3_id"":""Gaia DR3 3241295308714904960"",""ra"":79.4207483,""dec"":7.3527156,""sy_dist"":46.0907,""sy_gaiamag"":7.14947,""pl_rade"":13.9,""pl_radelim"":0,""pl_bmasse"":260.6206,""pl_bmasselim"":0,""pl_bmassprov"":""Msini"",""pl_orbper"":1049,""pl_orbperlim"":0,""pl_orbsmax"":2.07,""pl_eqt"":231.47,""pl_eqtlim"":0,""disc_year"":2009,""discoverymethod"":""Radial Velocity"",""disc_refname"":""<a refstr=HOWARD_ET_AL__2010 href=https://ui.adsabs.harvard.edu/abs/2010ApJ...721.1467H/abstract target=ref> Howard et al. 2010 </a>"",""import_batch"":""astralys_nasa_confirmed_planets_20260918"",""discovery_status"":""confirmed"",""table"":""pscomppars"",""gaia_host_source_id"":""3241295308714904960"",""orbit_order"":5,""retrieved_at"":""2026-09-18T14:51:26.782Z"",""sky_position_kind"":""host_system_direction"",""visual_is_interpretation"":true,""best_mass_is_minimum"":true}"
planet,NASA_EXOPLANET_ARCHIVE,HD 215152 c,HD 215152 c,e4f78e92-0b5c-44dd-9e69-34f448baceb3,HD 215152,340.8380941,-6.4020685,70.441216,,,,7.28243,783,2018,Radial Velocity,Delisle et al. 2018,823826610,lava,2026-09-18T14:51:26.782Z,"{""pl_name"":""HD 215152 c"",""hostname"":""HD 215152"",""gaia_dr3_id"":""Gaia DR3 2623505219992303104"",""ra"":340.8380941,""dec"":-6.4020685,""sy_dist"":21.5974,""sy_gaiamag"":7.80163,""pl_rade"":null,""pl_radelim"":null,""pl_bmasse"":468.79690033,""pl_bmasselim"":1,""pl_bmassprov"":""Mass"",""pl_orbper"":7.28243,""pl_orbperlim"":0,""pl_orbsmax"":0.067393,""pl_eqt"":783.2,""pl_eqtlim"":0,""disc_year"":2018,""discoverymethod"":""Radial Velocity"",""disc_refname"":""<a refstr=DELISLE_ET_AL__2018 href=https://ui.adsabs.harvard.edu/abs/2018A&A...614A.133D/abstract target=ref>Delisle et al. 2018</a>"",""import_batch"":""astralys_nasa_confirmed_planets_20260918"",""discovery_status"":""confirmed"",""table"":""pscomppars"",""gaia_host_source_id"":""2623505219992303104"",""orbit_order"":2,""retrieved_at"":""2026-09-18T14:51:26.782Z"",""sky_position_kind"":""host_system_direction"",""visual_is_interpretation"":true,""best_mass_is_minimum"":false}"
planet,NASA_EXOPLANET_ARCHIVE,HD 215152 d,HD 215152 d,e4f78e92-0b5c-44dd-9e69-34f448baceb3,HD 215152,340.8380941,-6.4020685,70.441216,,,,10.86499,685,2018,Radial Velocity,Delisle et al. 2018,739938515,rocky,2026-09-18T14:51:26.782Z,"{""pl_name"":""HD 215152 d"",""hostname"":""HD 215152"",""gaia_dr3_id"":""Gaia DR3 2623505219992303104"",""ra"":340.8380941,""dec"":-6.4020685,""sy_dist"":21.5974,""sy_gaiamag"":7.80163,""pl_rade"":null,""pl_radelim"":null,""pl_bmasse"":770.41605857,""pl_bmasselim"":1,""pl_bmassprov"":""Mass"",""pl_orbper"":10.86499,""pl_orbperlim"":0,""pl_orbsmax"":0.08799,""pl_eqt"":685.43,""pl_eqtlim"":0,""disc_year"":2018,""discoverymethod"":""Radial Velocity"",""disc_refname"":""<a refstr=DELISLE_ET_AL__2018 href=https://ui.adsabs.harvard.edu/abs/2018A&A...614A.133D/abstract target=ref>Delisle et al. 2018</a>"",""import_batch"":""astralys_nasa_confirmed_planets_20260918"",""discovery_status"":""confirmed"",""table"":""pscomppars"",""gaia_host_source_id"":""2623505219992303104"",""orbit_order"":3,""retrieved_at"":""2026-09-18T14:51:26.782Z"",""sky_position_kind"":""host_system_direction"",""visual_is_interpretation"":true,""best_mass_is_minimum"":false}"
planet,NASA_EXOPLANET_ARCHIVE,HD 108874 b,HD 108874 b,e1ba1655-76d2-4d7a-8c03-0080fd080235,HD 108874,187.6126029,22.8794399,194.119897,,13.6,,394.48123,271,2002,Radial Velocity, Butler et al. 2003 ,1660525915,gas,2026-09-18T14:51:26.782Z,"{""pl_name"":""HD 108874 b"",""hostname"":""HD 108874"",""gaia_dr3_id"":""Gaia DR3 3958951942642583936"",""ra"":187.6126029,""dec"":22.8794399,""sy_dist"":59.5175,""sy_gaiamag"":8.57502,""pl_rade"":13.6,""pl_radelim"":0,""pl_bmasse"":451.3186,""pl_bmasselim"":0,""pl_bmassprov"":""Msini"",""pl_orbper"":394.48123,""pl_orbperlim"":0,""pl_orbsmax"":1.04,""pl_eqt"":271.33,""pl_eqtlim"":0,""disc_year"":2002,""discoverymethod"":""Radial Velocity"",""disc_refname"":""<a refstr=BUTLER_ET_AL__2003 href=https://ui.adsabs.harvard.edu/abs/2003ApJ...582..455B/abstract target=ref> Butler et al. 2003 </a>"",""import_batch"":""astralys_nasa_confirmed_planets_20260918"",""discovery_status"":""confirmed"",""table"":""pscomppars"",""gaia_host_source_id"":""3958951942642583936"",""orbit_order"":1,""retrieved_at"":""2026-09-18T14:51:26.782Z"",""sky_position_kind"":""host_system_direction"",""visual_is_interpretation"":true,""best_mass_is_minimum"":true}"
planet,NASA_EXOPLANET_ARCHIVE,HD 40979 b,HD 40979 b,9c21e614-46f3-4c74-a90f-b3c2b754cc3a,HD 40979,91.1253346,44.2597855,111.181036,,12.9,,264.14999,355,2002,Radial Velocity, Fischer et al. 2003 ,186551220,gas,2026-09-18T14:51:26.782Z,"{""pl_name"":""HD 40979 b"",""hostname"":""HD 40979"",""gaia_dr3_id"":""Gaia DR3 961428192989499904"",""ra"":91.1253346,""dec"":44.2597855,""sy_dist"":34.0883,""sy_gaiamag"":6.59963,""pl_rade"":12.9,""pl_radelim"":0,""pl_bmasse"":1484.2661,""pl_bmasselim"":0,""pl_bmassprov"":""Msini"",""pl_orbper"":264.14999,""pl_orbperlim"":0,""pl_orbsmax"":0.85,""pl_eqt"":354.69,""pl_eqtlim"":0,""disc_year"":2002,""discoverymethod"":""Radial Velocity"",""disc_refname"":""<a refstr=FISCHER_ET_AL__2003 href=https://ui.adsabs.harvard.edu/abs/2003ApJ...586.1394F/abstract target=ref> Fischer et al. 2003 </a>"",""import_batch"":""astralys_nasa_confirmed_planets_20260918"",""discovery_status"":""confirmed"",""table"":""pscomppars"",""gaia_host_source_id"":""961428192989499904"",""orbit_order"":1,""retrieved_at"":""2026-09-18T14:51:26.782Z"",""sky_position_kind"":""host_system_direction"",""visual_is_interpretation"":true,""best_mass_is_minimum"":true}"
planet,NASA_EXOPLANET_ARCHIVE,HD 47186 b,HD 47186 b,24e9d305-3f34-49d4-ac62-f81bb70b2bd1,HD 47186,99.0367212,-27.6234285,122.169558,,5.02,,4.0845,1268,2008,Radial Velocity, Bouchy et al. 2009 ,2080429561,gas,2026-09-18T14:51:26.782Z,"{""pl_name"":""HD 47186 b"",""hostname"":""HD 47186"",""gaia_dr3_id"":""Gaia DR3 2919760965880144384"",""ra"":99.0367212,""dec"":-27.6234285,""sy_dist"":37.4574,""sy_gaiamag"":7.44897,""pl_rade"":5.02,""pl_radelim"":0,""pl_bmasse"":22.2481,""pl_bmasselim"":0,""pl_bmassprov"":""Msini"",""pl_orbper"":4.0845,""pl_orbperlim"":0,""pl_orbsmax"":0.05,""pl_eqt"":1267.79,""pl_eqtlim"":0,""disc_year"":2008,""discoverymethod"":""Radial Velocity"",""disc_refname"":""<a refstr=BOUCHY_ET_AL__2009 href=https://ui.adsabs.harvard.edu/abs/2009A&A...496..527B/abstract target=ref> Bouchy et al. 2009 </a>"",""import_batch"":""astralys_nasa_confirmed_planets_20260918"",""discovery_status"":""confirmed"",""table"":""pscomppars"",""gaia_host_source_id"":""2919760965880144384"",""orbit_order"":1,""retrieved_at"":""2026-09-18T14:51:26.782Z"",""sky_position_kind"":""host_system_direction"",""visual_is_interpretation"":true,""best_mass_is_minimum"":true}"
planet,NASA_EXOPLANET_ARCHIVE,HD 185269 b,HD 185269 b,b7fd8405-c77c-4ef2-98f5-60e657ba580b,HD 185269,294.2987668,28.499514,169.574049,,13.8,,6.83776,1456,2006,Radial Velocity, Johnson et al. 2006 ,1950077847,gas,2026-09-18T14:51:26.782Z,"{""pl_name"":""HD 185269 b"",""hostname"":""HD 185269"",""gaia_dr3_id"":""Gaia DR3 2031479093959232128"",""ra"":294.2987668,""dec"":28.499514,""sy_dist"":51.9917,""sy_gaiamag"":6.51831,""pl_rade"":13.8,""pl_radelim"":0,""pl_bmasse"":321.0083,""pl_bmasselim"":0,""pl_bmassprov"":""Msini"",""pl_orbper"":6.83776,""pl_orbperlim"":0,""pl_orbsmax"":0.077,""pl_eqt"":1455.61,""pl_eqtlim"":0,""disc_year"":2006,""discoverymethod"":""Radial Velocity"",""disc_refname"":""<a refstr=JOHNSON_ET_AL__2006 href=https://ui.adsabs.harvard.edu/abs/2006ApJ...652.1724J/abstract target=ref> Johnson et al. 2006 </a>"",""import_batch"":""astralys_nasa_confirmed_planets_20260918"",""discovery_status"":""confirmed"",""table"":""pscomppars"",""gaia_host_source_id"":""2031479093959232128"",""orbit_order"":1,""retrieved_at"":""2026-09-18T14:51:26.782Z"",""sky_position_kind"":""host_system_direction"",""visual_is_interpretation"":true,""best_mass_is_minimum"":true}"
planet,NASA_EXOPLANET_ARCHIVE,HD 200964 b,HD 200964 b,3a363da0-ea5f-44b4-834c-17e73406cc2f,HD 200964,316.6664183,3.8033357,236.763816,,13.5,,606.3,426,2010,Radial Velocity, Johnson et al. 2010 ,561732938,gas,2026-09-18T14:51:26.782Z,"{""pl_name"":""HD 200964 b"",""hostname"":""HD 200964"",""gaia_dr3_id"":""Gaia DR3 1732018855730384256"",""ra"":316.6664183,""dec"":3.8033357,""sy_dist"":72.5922,""sy_gaiamag"":6.23723,""pl_rade"":13.5,""pl_radelim"":0,""pl_bmasse"":508.21017,""pl_bmasselim"":0,""pl_bmassprov"":""Msini"",""pl_orbper"":606.3,""pl_orbperlim"":0,""pl_orbsmax"":1.565,""pl_eqt"":425.95,""pl_eqtlim"":0,""disc_year"":2010,""discoverymethod"":""Radial Velocity"",""disc_refname"":""<a refstr=JOHNSON_ET_AL__2010 href=https://ui.adsabs.harvard.edu/abs/2010arXiv1007.4552J/abstract target=ref> Johnson et al. 2010 </a>"",""import_batch"":""astralys_nasa_confirmed_planets_20260918"",""discovery_status"":""confirmed"",""table"":""pscomppars"",""gaia_host_source_id"":""1732018855730384256"",""orbit_order"":1,""retrieved_at"":""2026-09-18T14:51:26.782Z"",""sky_position_kind"":""host_system_direction"",""visual_is_interpretation"":true,""best_mass_is_minimum"":true}"
planet,NASA_EXOPLANET_ARCHIVE,GJ 96 b,GJ 96 b,abd84929-bbbe-424a-b0a3-42bb8b968a3e,GJ 96,35.5624031,47.8802075,38.915303,,4.67,,73.94,258,2018,Radial Velocity,Hobson et al. 2018,667875801,gas,2026-09-18T14:51:26.782Z,"{""pl_name"":""GJ 96 b"",""hostname"":""GJ 96"",""gaia_dr3_id"":""Gaia DR3 354077348697687424"",""ra"":35.5624031,""dec"":47.8802075,""sy_dist"":11.9315,""sy_gaiamag"":8.63186,""pl_rade"":4.67,""pl_radelim"":0,""pl_bmasse"":19.66,""pl_bmasselim"":0,""pl_bmassprov"":""Msini"",""pl_orbper"":73.94,""pl_orbperlim"":0,""pl_orbsmax"":0.291,""pl_eqt"":257.81,""pl_eqtlim"":0,""disc_year"":2018,""discoverymethod"":""Radial Velocity"",""disc_refname"":""<a refstr=HOBSON_ET_AL__2018 href=https://ui.adsabs.harvard.edu/abs/2018A&A...618A.103H/abstract target=ref>Hobson et al. 2018</a>"",""import_batch"":""astralys_nasa_confirmed_planets_20260918"",""discovery_status"":""confirmed"",""table"":""pscomppars"",""gaia_host_source_id"":""354077348697687424"",""orbit_order"":1,""retrieved_at"":""2026-09-18T14:51:26.782Z"",""sky_position_kind"":""host_system_direction"",""visual_is_interpretation"":true,""best_mass_is_minimum"":true}"
planet,NASA_EXOPLANET_ARCHIVE,HD 94834 b,HD 94834 b,c84511ec-e5f9-4810-8bcd-ac74d4fbf752,HD 94834,164.3126363,24.1429374,320.157665,,13.7,,1576,286,2018,Radial Velocity,Luhn et al. 2019,214549872,gas,2026-09-18T14:51:26.782Z,"{""pl_name"":""HD 94834 b"",""hostname"":""HD 94834"",""gaia_dr3_id"":""Gaia DR3 3995918691799173248"",""ra"":164.3126363,""dec"":24.1429374,""sy_dist"":98.1609,""sy_gaiamag"":7.30241,""pl_rade"":13.7,""pl_radelim"":0,""pl_bmasse"":400.4658,""pl_bmasselim"":0,""pl_bmassprov"":""Msini"",""pl_orbper"":1576,""pl_orbperlim"":0,""pl_orbsmax"":2.74,""pl_eqt"":286.45,""pl_eqtlim"":0,""disc_year"":2018,""discoverymethod"":""Radial Velocity"",""disc_refname"":""<a refstr=LUHN_ET_AL__2019 href=https://ui.adsabs.harvard.edu/abs/2019AJ....157..149L/abstract target=ref>Luhn et al. 2019</a>"",""import_batch"":""astralys_nasa_confirmed_planets_20260918"",""discovery_status"":""confirmed"",""table"":""pscomppars"",""gaia_host_source_id"":""3995918691799173248"",""orbit_order"":1,""retrieved_at"":""2026-09-18T14:51:26.782Z"",""sky_position_kind"":""host_system_direction"",""visual_is_interpretation"":true,""best_mass_is_minimum"":true}"
planet,NASA_EXOPLANET_ARCHIVE,70 Vir b,70 Vir b,c736e583-0ce5-4219-9502-f88127814907,70 Vir,202.1064898,13.7763085,58.385512,,12.6,2380.45,116.688,525,1996,Radial Velocity, Marcy & Butler 1996 ,111882329,gas,2026-09-18T14:51:26.782Z,"{""pl_name"":""70 Vir b"",""hostname"":""70 Vir"",""gaia_dr3_id"":""Gaia DR3 3740176925743994752"",""ra"":202.1064898,""dec"":13.7763085,""sy_dist"":17.9011,""sy_gaiamag"":4.76178,""pl_rade"":12.6,""pl_radelim"":0,""pl_bmasse"":2380.45,""pl_bmasselim"":0,""pl_bmassprov"":""Mass"",""pl_orbper"":116.688,""pl_orbperlim"":0,""pl_orbsmax"":0.481,""pl_eqt"":525.24,""pl_eqtlim"":0,""disc_year"":1996,""discoverymethod"":""Radial Velocity"",""disc_refname"":""<a refstr=MARCY___BUTLER_1996 href=https://ui.adsabs.harvard.edu/abs/1996ApJ...464L.147M/abstract target=ref> Marcy & Butler 1996 </a>"",""import_batch"":""astralys_nasa_confirmed_planets_20260918"",""discovery_status"":""confirmed"",""table"":""pscomppars"",""gaia_host_source_id"":""3740176925743994752"",""orbit_order"":1,""retrieved_at"":""2026-09-18T14:51:26.782Z"",""sky_position_kind"":""host_system_direction"",""visual_is_interpretation"":true,""best_mass_is_minimum"":false}"
planet,NASA_EXOPLANET_ARCHIVE,HD 70642 b,HD 70642 b,a5855335-4c25-4ac9-b3b4-1c0347226a97,HD 70642,125.3661079,-39.7044432,95.485431,,13,1239.5307873,2124.54,151,2003,Radial Velocity, Carter et al. 2003 ,343472570,gas,2026-09-18T14:51:26.782Z,"{""pl_name"":""HD 70642 b"",""hostname"":""HD 70642"",""gaia_dr3_id"":""Gaia DR3 5540006949934104448"",""ra"":125.3661079,""dec"":-39.7044432,""sy_dist"":29.276,""sy_gaiamag"":6.99211,""pl_rade"":13,""pl_radelim"":0,""pl_bmasse"":1239.5307873,""pl_bmasselim"":0,""pl_bmassprov"":""Mass"",""pl_orbper"":2124.54,""pl_orbperlim"":0,""pl_orbsmax"":3.318,""pl_eqt"":150.52,""pl_eqtlim"":0,""disc_year"":2003,""discoverymethod"":""Radial Velocity"",""disc_refname"":""<a refstr=CARTER_ET_AL__2003 href=https://ui.adsabs.harvard.edu/abs/2003ApJ...593L..43C/abstract target=ref> Carter et al. 2003 </a>"",""import_batch"":""astralys_nasa_confirmed_planets_20260918"",""discovery_status"":""confirmed"",""table"":""pscomppars"",""gaia_host_source_id"":""5540006949934104448"",""orbit_order"":1,""retrieved_at"":""2026-09-18T14:51:26.782Z"",""sky_position_kind"":""host_system_direction"",""visual_is_interpretation"":true,""best_mass_is_minimum"":false}"
planet,NASA_EXOPLANET_ARCHIVE,HD 117618 b,HD 117618 b,0c43b1aa-1e67-4844-8ba7-541727ccdb04,HD 117618,203.1066418,-47.2719049,123.21554,,8.59,,25.8,746,2004,Radial Velocity, Tinney et al. 2005 ,1653572668,gas,2026-09-18T14:51:26.782Z,"{""pl_name"":""HD 117618 b"",""hostname"":""HD 117618"",""gaia_dr3_id"":""Gaia DR3 6083860761505899904"",""ra"":203.1066418,""dec"":-47.2719049,""sy_dist"":37.7781,""sy_gaiamag"":7.0216,""pl_rade"":8.59,""pl_radelim"":0,""pl_bmasse"":55.30242,""pl_bmasselim"":0,""pl_bmassprov"":""Msini"",""pl_orbper"":25.8,""pl_orbperlim"":0,""pl_orbsmax"":0.18,""pl_eqt"":745.79,""pl_eqtlim"":0,""disc_year"":2004,""discoverymethod"":""Radial Velocity"",""disc_refname"":""<a refstr=TINNEY_ET_AL__2005 href=https://ui.adsabs.harvard.edu/abs/2005ApJ...623.1171T/abstract target=ref> Tinney et al. 2005 </a>"",""import_batch"":""astralys_nasa_confirmed_planets_20260918"",""discovery_status"":""confirmed"",""table"":""pscomppars"",""gaia_host_source_id"":""6083860761505899904"",""orbit_order"":1,""retrieved_at"":""2026-09-18T14:51:26.782Z"",""sky_position_kind"":""host_system_direction"",""visual_is_interpretation"":true,""best_mass_is_minimum"":true}"
planet,NASA_EXOPLANET_ARCHIVE,HD 89744 b,HD 89744 b,674e929e-33e5-4335-9fb7-e459d07891d5,HD 89744,155.5433193,41.2289354,126.014937,,12.6,,256.78,463,1999,Radial Velocity, Korzennik 2000 ,278891384,gas,2026-09-18T14:51:26.782Z,"{""pl_name"":""HD 89744 b"",""hostname"":""HD 89744"",""gaia_dr3_id"":""Gaia DR3 804739952015901056"",""ra"":155.5433193,""dec"":41.2289354,""sy_dist"":38.6364,""sy_gaiamag"":5.60551,""pl_rade"":12.6,""pl_radelim"":0,""pl_bmasse"":2653.8805,""pl_bmasselim"":0,""pl_bmassprov"":""Msini"",""pl_orbper"":256.78,""pl_orbperlim"":0,""pl_orbsmax"":0.917,""pl_eqt"":462.62,""pl_eqtlim"":0,""disc_year"":1999,""discoverymethod"":""Radial Velocity"",""disc_refname"":""<a refstr=KORZENNIK_2000 href=https://ui.adsabs.harvard.edu/abs/2000ApJ...533L.147K/abstract target=ref> Korzennik 2000 </a>"",""import_batch"":""astralys_nasa_confirmed_planets_20260918"",""discovery_status"":""confirmed"",""table"":""pscomppars"",""gaia_host_source_id"":""804739952015901056"",""orbit_order"":1,""retrieved_at"":""2026-09-18T14:51:26.782Z"",""sky_position_kind"":""host_system_direction"",""visual_is_interpretation"":true,""best_mass_is_minimum"":true}"
planet,NASA_EXOPLANET_ARCHIVE,HD 65216 c,HD 65216 c,e588d51a-9655-49e0-ad81-d59968a29a48,HD 65216,118.4209646,-63.6466892,114.547618,,13.4,,5370,106,2013,Radial Velocity, Wittenmyer et al. 2013 ,283494703,gas,2026-09-18T14:51:26.782Z,"{""pl_name"":""HD 65216 c"",""hostname"":""HD 65216"",""gaia_dr3_id"":""Gaia DR3 5287961677550103424"",""ra"":118.4209646,""dec"":-63.6466892,""sy_dist"":35.1205,""sy_gaiamag"":7.7943,""pl_rade"":13.4,""pl_radelim"":0,""pl_bmasse"":645.1949,""pl_bmasselim"":0,""pl_bmassprov"":""Msini"",""pl_orbper"":5370,""pl_orbperlim"":0,""pl_orbsmax"":5.75,""pl_eqt"":105.87,""pl_eqtlim"":0,""disc_year"":2013,""discoverymethod"":""Radial Velocity"",""disc_refname"":""<a refstr=WITTENMYER_ET_AL__2013 href=https://ui.adsabs.harvard.edu/abs/2013ApJS..208....2W/abstract target=ref> Wittenmyer et al. 2013 </a>"",""import_batch"":""astralys_nasa_confirmed_planets_20260918"",""discovery_status"":""confirmed"",""table"":""pscomppars"",""gaia_host_source_id"":""5287961677550103424"",""orbit_order"":2,""retrieved_at"":""2026-09-18T14:51:26.782Z"",""sky_position_kind"":""host_system_direction"",""visual_is_interpretation"":true,""best_mass_is_minimum"":true}"
planet,NASA_EXOPLANET_ARCHIVE,HD 92788 b,HD 92788 b,ac4f25a2-ca31-4b4c-be72-a4ffa33f266a,HD 92788,160.7021351,-2.1847173,113.025448,,13,,325.803,300,2000,Radial Velocity, Fischer et al. 2001 ,880976028,gas,2026-09-18T14:51:26.782Z,"{""pl_name"":""HD 92788 b"",""hostname"":""HD 92788"",""gaia_dr3_id"":""Gaia DR3 3802549437248150656"",""ra"":160.7021351,""dec"":-2.1847173,""sy_dist"":34.6538,""sy_gaiamag"":7.13929,""pl_rade"":13,""pl_radelim"":0,""pl_bmasse"":1195.0408,""pl_bmasselim"":0,""pl_bmassprov"":""Msini"",""pl_orbper"":325.803,""pl_orbperlim"":0,""pl_orbsmax"":0.97,""pl_eqt"":300.27,""pl_eqtlim"":0,""disc_year"":2000,""discoverymethod"":""Radial Velocity"",""disc_refname"":""<a refstr=FISCHER_ET_AL__2001 href=https://ui.adsabs.harvard.edu/abs/2001ApJ...551.1107F/abstract target=ref> Fischer et al. 2001 </a>"",""import_batch"":""astralys_nasa_confirmed_planets_20260918"",""discovery_status"":""confirmed"",""table"":""pscomppars"",""gaia_host_source_id"":""3802549437248150656"",""orbit_order"":1,""retrieved_at"":""2026-09-18T14:51:26.782Z"",""sky_position_kind"":""host_system_direction"",""visual_is_interpretation"":true,""best_mass_is_minimum"":true}"
planet,NASA_EXOPLANET_ARCHIVE,HD 134060 c,HD 134060 c,48d122e4-1614-488f-8f0f-4221762698a8,HD 134060,227.6847587,-61.4223747,78.318209,,5.91,,1291.5646,201,2019,Radial Velocity,Udry et al. 2019,1530110037,gas,2026-09-18T14:51:26.782Z,"{""pl_name"":""HD 134060 c"",""hostname"":""HD 134060"",""gaia_dr3_id"":""Gaia DR3 5876112300125320448"",""ra"":227.6847587,""dec"":-61.4223747,""sy_dist"":24.0125,""sy_gaiamag"":6.13951,""pl_rade"":5.91,""pl_radelim"":0,""pl_bmasse"":29.29,""pl_bmasselim"":0,""pl_bmassprov"":""Msini"",""pl_orbper"":1291.5646,""pl_orbperlim"":0,""pl_orbsmax"":2.3928,""pl_eqt"":200.67,""pl_eqtlim"":0,""disc_year"":2019,""discoverymethod"":""Radial Velocity"",""disc_refname"":""<a refstr=UDRY_ET_AL__2019 href=https://ui.adsabs.harvard.edu/abs/2019A&A...622A..37U/abstract target=ref>Udry et al. 2019</a>"",""import_batch"":""astralys_nasa_confirmed_planets_20260918"",""discovery_status"":""confirmed"",""table"":""pscomppars"",""gaia_host_source_id"":""5876112300125320448"",""orbit_order"":2,""retrieved_at"":""2026-09-18T14:51:26.782Z"",""sky_position_kind"":""host_system_direction"",""visual_is_interpretation"":true,""best_mass_is_minimum"":true}"
planet,NASA_EXOPLANET_ARCHIVE,HD 20003 b,HD 20003 b,e77c686a-d7c4-49f3-910c-ce454e1036fd,HD 20003,46.9090081,-72.3219221,136.436273,,3.43,,11.8482,815,2019,Radial Velocity,Udry et al. 2019,36218697,lava,2026-09-18T14:51:26.782Z,"{""pl_name"":""HD 20003 b"",""hostname"":""HD 20003"",""gaia_dr3_id"":""Gaia DR3 4642472794978268800"",""ra"":46.9090081,""dec"":-72.3219221,""sy_dist"":41.8316,""sy_gaiamag"":8.19184,""pl_rade"":3.43,""pl_radelim"":0,""pl_bmasse"":11.66,""pl_bmasselim"":0,""pl_bmassprov"":""Msini"",""pl_orbper"":11.8482,""pl_orbperlim"":0,""pl_orbsmax"":0.0974,""pl_eqt"":814.93,""pl_eqtlim"":0,""disc_year"":2019,""discoverymethod"":""Radial Velocity"",""disc_refname"":""<a refstr=UDRY_ET_AL__2019 href=https://ui.adsabs.harvard.edu/abs/2019A&A...622A..37U/abstract target=ref>Udry et al. 2019</a>"",""import_batch"":""astralys_nasa_confirmed_planets_20260918"",""discovery_status"":""confirmed"",""table"":""pscomppars"",""gaia_host_source_id"":""4642472794978268800"",""orbit_order"":1,""retrieved_at"":""2026-09-18T14:51:26.782Z"",""sky_position_kind"":""host_system_direction"",""visual_is_interpretation"":true,""best_mass_is_minimum"":true}"
planet,NASA_EXOPLANET_ARCHIVE,Gl 49 b,Gl 49 b,69d0a200-bdb7-4d66-a588-8eb46305cf43,Gl 49,15.6687321,62.3454386,32.135498,,2.24,,13.8508,436,2019,Radial Velocity,Perger et al. 2019,615042636,rocky,2026-09-18T14:51:26.782Z,"{""pl_name"":""Gl 49 b"",""hostname"":""Gl 49"",""gaia_dr3_id"":""Gaia DR3 522863309964987520"",""ra"":15.6687321,""dec"":62.3454386,""sy_dist"":9.8528,""sy_gaiamag"":8.66282,""pl_rade"":2.24,""pl_radelim"":0,""pl_bmasse"":5.63,""pl_bmasselim"":0,""pl_bmassprov"":""Msini"",""pl_orbper"":13.8508,""pl_orbperlim"":0,""pl_orbsmax"":0.0905,""pl_eqt"":435.99,""pl_eqtlim"":0,""disc_year"":2019,""discoverymethod"":""Radial Velocity"",""disc_refname"":""<a refstr=PERGER_ET_AL__2019 href=https://ui.adsabs.harvard.edu/abs/2019A&A...624A.123P/abstract target=ref>Perger et al. 2019</a>"",""import_batch"":""astralys_nasa_confirmed_planets_20260918"",""discovery_status"":""confirmed"",""table"":""pscomppars"",""gaia_host_source_id"":""522863309964987520"",""orbit_order"":1,""retrieved_at"":""2026-09-18T14:51:26.782Z"",""sky_position_kind"":""host_system_direction"",""visual_is_interpretation"":true,""best_mass_is_minimum"":true}"
planet,NASA_EXOPLANET_ARCHIVE,HD 21693 b,HD 21693 b,34c63c10-5ae4-43eb-a77d-338a16708b9b,HD 21693,51.8040469,-58.3232726,108.463178,,2.8,,22.6786,656,2019,Radial Velocity,Udry et al. 2019,385019431,rocky,2026-09-18T14:51:26.782Z,"{""pl_name"":""HD 21693 b"",""hostname"":""HD 21693"",""gaia_dr3_id"":""Gaia DR3 4729947569262040960"",""ra"":51.8040469,""dec"":-58.3232726,""sy_dist"":33.255,""sy_gaiamag"":7.75701,""pl_rade"":2.8,""pl_radelim"":0,""pl_bmasse"":8.23,""pl_bmasselim"":0,""pl_bmassprov"":""Msini"",""pl_orbper"":22.6786,""pl_orbperlim"":0,""pl_orbsmax"":0.1455,""pl_eqt"":656.39,""pl_eqtlim"":0,""disc_year"":2019,""discoverymethod"":""Radial Velocity"",""disc_refname"":""<a refstr=UDRY_ET_AL__2019 href=https://ui.adsabs.harvard.edu/abs/2019A&A...622A..37U/abstract target=ref>Udry et al. 2019</a>"",""import_batch"":""astralys_nasa_confirmed_planets_20260918"",""discovery_status"":""confirmed"",""table"":""pscomppars"",""gaia_host_source_id"":""4729947569262040960"",""orbit_order"":1,""retrieved_at"":""2026-09-18T14:51:26.782Z"",""sky_position_kind"":""host_system_direction"",""visual_is_interpretation"":true,""best_mass_is_minimum"":true}"
planet,NASA_EXOPLANET_ARCHIVE,HD 21749 c,HD 21749 c,6e8ddadf-5939-46ac-b495-8f0fe4316b40,GJ 143,51.7501882,-63.500166,53.228659,,0.892,,7.78993,701,2019,Transit,Dragomir et al. 2019,1746197750,lava,2026-09-18T14:51:26.782Z,"{""pl_name"":""HD 21749 c"",""hostname"":""GJ 143"",""gaia_dr3_id"":""Gaia DR3 4673947174316727040"",""ra"":51.7501882,""dec"":-63.500166,""sy_dist"":16.32,""sy_gaiamag"":7.67906,""pl_rade"":0.892,""pl_radelim"":0,""pl_bmasse"":3.7,""pl_bmasselim"":1,""pl_bmassprov"":""Mass"",""pl_orbper"":7.78993,""pl_orbperlim"":0,""pl_orbsmax"":0.0695,""pl_eqt"":701,""pl_eqtlim"":0,""disc_year"":2019,""discoverymethod"":""Transit"",""disc_refname"":""<a refstr=DRAGOMIR_ET_AL__2019 href=https://ui.adsabs.harvard.edu/abs/2019ApJ...875L...7D/abstract target=ref>Dragomir et al. 2019</a>"",""import_batch"":""astralys_nasa_confirmed_planets_20260918"",""discovery_status"":""confirmed"",""table"":""pscomppars"",""gaia_host_source_id"":""4673947174316727040"",""orbit_order"":1,""retrieved_at"":""2026-09-18T14:51:26.782Z"",""sky_position_kind"":""host_system_direction"",""visual_is_interpretation"":true,""best_mass_is_minimum"":false}"
planet,NASA_EXOPLANET_ARCHIVE,HD 114729 b,HD 114729 b,c1c3e57e-b1b3-4685-bb67-d44380cf60e9,HD 114729,198.1833997,-31.8746756,123.307516,,13.9,,1121.79,238,2002,Radial Velocity, Butler et al. 2003 ,1035394596,gas,2026-09-18T14:51:26.782Z,"{""pl_name"":""HD 114729 b"",""hostname"":""HD 114729"",""gaia_dr3_id"":""Gaia DR3 6180035765135232128"",""ra"":198.1833997,""dec"":-31.8746756,""sy_dist"":37.8063,""sy_gaiamag"":6.51382,""pl_rade"":13.9,""pl_radelim"":0,""pl_bmasse"":262.20975,""pl_bmasselim"":0,""pl_bmassprov"":""Msini"",""pl_orbper"":1121.79,""pl_orbperlim"":0,""pl_orbsmax"":2.067,""pl_eqt"":237.89,""pl_eqtlim"":0,""disc_year"":2002,""discoverymethod"":""Radial Velocity"",""disc_refname"":""<a refstr=BUTLER_ET_AL__2003 href=https://ui.adsabs.harvard.edu/abs/2003ApJ...582..455B/abstract target=ref> Butler et al. 2003 </a>"",""import_batch"":""astralys_nasa_confirmed_planets_20260918"",""discovery_status"":""confirmed"",""table"":""pscomppars"",""gaia_host_source_id"":""6180035765135232128"",""orbit_order"":1,""retrieved_at"":""2026-09-18T14:51:26.782Z"",""sky_position_kind"":""host_system_direction"",""visual_is_interpretation"":true,""best_mass_is_minimum"":true}"
planet,NASA_EXOPLANET_ARCHIVE,HD 126525 b,HD 126525 b,c9e9ba84-00f3-467a-a46f-5c36985ee1e5,HD 126525,216.8852514,-51.9329118,122.799691,,10.3,,960.41,198,2018,Radial Velocity,Barbato et al. 2018,1598336483,gas,2026-09-18T14:51:26.782Z,"{""pl_name"":""HD 126525 b"",""hostname"":""HD 126525"",""gaia_dr3_id"":""Gaia DR3 5898641087150340224"",""ra"":216.8852514,""dec"":-51.9329118,""sy_dist"":37.6506,""sy_gaiamag"":7.66978,""pl_rade"":10.3,""pl_radelim"":0,""pl_bmasse"":75.32571,""pl_bmasselim"":0,""pl_bmassprov"":""Msini"",""pl_orbper"":960.41,""pl_orbperlim"":0,""pl_orbsmax"":1.837,""pl_eqt"":198.47,""pl_eqtlim"":0,""disc_year"":2018,""discoverymethod"":""Radial Velocity"",""disc_refname"":""<a refstr=BARBATO_ET_AL__2018 href=https://ui.adsabs.harvard.edu/abs/2018A&A...615A.175B/abstract target=ref>Barbato et al. 2018</a>"",""import_batch"":""astralys_nasa_confirmed_planets_20260918"",""discovery_status"":""confirmed"",""table"":""pscomppars"",""gaia_host_source_id"":""5898641087150340224"",""orbit_order"":1,""retrieved_at"":""2026-09-18T14:51:26.782Z"",""sky_position_kind"":""host_system_direction"",""visual_is_interpretation"":true,""best_mass_is_minimum"":true}"
planet,NASA_EXOPLANET_ARCHIVE,HD 45184 c,HD 45184 c,03f36f05-a04f-46c5-975e-23fad3ab49cf,HD 45184,96.1820205,-28.7806402,71.601679,,2.91,,13.1354,885,2019,Radial Velocity,Udry et al. 2019,857498275,lava,2026-09-18T14:51:26.782Z,"{""pl_name"":""HD 45184 c"",""hostname"":""HD 45184"",""gaia_dr3_id"":""Gaia DR3 2898239468873596800"",""ra"":96.1820205,""dec"":-28.7806402,""sy_dist"":21.9532,""sy_gaiamag"":6.21037,""pl_rade"":2.91,""pl_radelim"":0,""pl_bmasse"":8.81,""pl_bmasselim"":0,""pl_bmassprov"":""Msini"",""pl_orbper"":13.1354,""pl_orbperlim"":0,""pl_orbsmax"":0.11,""pl_eqt"":884.78,""pl_eqtlim"":0,""disc_year"":2019,""discoverymethod"":""Radial Velocity"",""disc_refname"":""<a refstr=UDRY_ET_AL__2019 href=https://ui.adsabs.harvard.edu/abs/2019A&A...622A..37U/abstract target=ref>Udry et al. 2019</a>"",""import_batch"":""astralys_nasa_confirmed_planets_20260918"",""discovery_status"":""confirmed"",""table"":""pscomppars"",""gaia_host_source_id"":""2898239468873596800"",""orbit_order"":2,""retrieved_at"":""2026-09-18T14:51:26.782Z"",""sky_position_kind"":""host_system_direction"",""visual_is_interpretation"":true,""best_mass_is_minimum"":true}"
planet,NASA_EXOPLANET_ARCHIVE,HD 103949 b,HD 103949 b,65f845c1-38fc-427b-a297-5e38ea02c00d,HD 103949,179.5479558,-23.9241221,86.430362,,3.35,,120.878,303,2019,Radial Velocity,Feng et al. 2019,1892942639,rocky,2026-09-18T14:51:26.782Z,"{""pl_name"":""HD 103949 b"",""hostname"":""HD 103949"",""gaia_dr3_id"":""Gaia DR3 3492633633781166336"",""ra"":179.5479558,""dec"":-23.9241221,""sy_dist"":26.4997,""sy_gaiamag"":8.38479,""pl_rade"":3.35,""pl_radelim"":0,""pl_bmasse"":11.2,""pl_bmasselim"":0,""pl_bmassprov"":""Msini"",""pl_orbper"":120.878,""pl_orbperlim"":0,""pl_orbsmax"":0.439,""pl_eqt"":302.65,""pl_eqtlim"":0,""disc_year"":2019,""discoverymethod"":""Radial Velocity"",""disc_refname"":""<a refstr=FENG_ET_AL__2019 href=https://ui.adsabs.harvard.edu/abs/2019ApJS..242...25F/abstract target=ref>Feng et al. 2019</a>"",""import_batch"":""astralys_nasa_confirmed_planets_20260918"",""discovery_status"":""confirmed"",""table"":""pscomppars"",""gaia_host_source_id"":""3492633633781166336"",""orbit_order"":1,""retrieved_at"":""2026-09-18T14:51:26.782Z"",""sky_position_kind"":""host_system_direction"",""visual_is_interpretation"":true,""best_mass_is_minimum"":true}"
planet,NASA_EXOPLANET_ARCHIVE,HD 23127 b,HD 23127 b,fab999a1-6f7e-448b-97ef-7a70fc6878cc,HD 23127,54.8491271,-60.077229,306.115345,,13.5,,1211.17,223,2006,Radial Velocity, O'Toole et al. 2007 ,135109227,gas,2026-09-18T14:51:26.782Z,"{""pl_name"":""HD 23127 b"",""hostname"":""HD 23127"",""gaia_dr3_id"":""Gaia DR3 4680773217379728128"",""ra"":54.8491271,""dec"":-60.077229,""sy_dist"":93.8555,""sy_gaiamag"":8.42019,""pl_rade"":13.5,""pl_radelim"":0,""pl_bmasse"":485.32641,""pl_bmasselim"":0,""pl_bmassprov"":""Msini"",""pl_orbper"":1211.17,""pl_orbperlim"":0,""pl_orbsmax"":2.37,""pl_eqt"":223.4,""pl_eqtlim"":0,""disc_year"":2006,""discoverymethod"":""Radial Velocity"",""disc_refname"":""<a refstr=O_TOOLE_ET_AL__2007 href=https://ui.adsabs.harvard.edu/abs/2007ApJ...660.1636O/abstract target=ref> O'Toole et al. 2007 </a>"",""import_batch"":""astralys_nasa_confirmed_planets_20260918"",""discovery_status"":""confirmed"",""table"":""pscomppars"",""gaia_host_source_id"":""4680773217379728128"",""orbit_order"":1,""retrieved_at"":""2026-09-18T14:51:26.782Z"",""sky_position_kind"":""host_system_direction"",""visual_is_interpretation"":true,""best_mass_is_minimum"":true}"
planet,NASA_EXOPLANET_ARCHIVE,HD 25171 b,HD 25171 b,0314c244-aa14-453e-abc4-e1f7690b879d,HD 25171,58.9574779,-65.1863239,181.390355,,13.9,,1802.29,190,2010,Radial Velocity, Moutou et al. 2011 ,100029995,gas,2026-09-18T14:51:26.782Z,"{""pl_name"":""HD 25171 b"",""hostname"":""HD 25171"",""gaia_dr3_id"":""Gaia DR3 4670023700215616768"",""ra"":58.9574779,""dec"":-65.1863239,""sy_dist"":55.6146,""sy_gaiamag"":7.638,""pl_rade"":13.9,""pl_radelim"":0,""pl_bmasse"":290.81445,""pl_bmasselim"":0,""pl_bmassprov"":""Msini"",""pl_orbper"":1802.29,""pl_orbperlim"":0,""pl_orbsmax"":2.971,""pl_eqt"":190.04,""pl_eqtlim"":0,""disc_year"":2010,""discoverymethod"":""Radial Velocity"",""disc_refname"":""<a refstr=MOUTOU_ET_AL__2011 href=https://ui.adsabs.harvard.edu/abs/2011A%26A...527A..63M/abstract target=ref> Moutou et al. 2011 </a>"",""import_batch"":""astralys_nasa_confirmed_planets_20260918"",""discovery_status"":""confirmed"",""table"":""pscomppars"",""gaia_host_source_id"":""4670023700215616768"",""orbit_order"":1,""retrieved_at"":""2026-09-18T14:51:26.782Z"",""sky_position_kind"":""host_system_direction"",""visual_is_interpretation"":true,""best_mass_is_minimum"":true}"
planet,NASA_EXOPLANET_ARCHIVE,HD 1397 b,HD 1397 b,59454cc4-b1cc-4915-9c56-a66ba002383e,HD 1397,4.4471631,-66.3589285,259.522982,,11.500434,131.89945,11.53533,1228,2018,Transit,Nielsen et al. 2019,288904213,gas,2026-09-18T14:51:26.782Z,"{""pl_name"":""HD 1397 b"",""hostname"":""HD 1397"",""gaia_dr3_id"":""Gaia DR3 4707634458245031552"",""ra"":4.4471631,""dec"":-66.3589285,""sy_dist"":79.5702,""sy_gaiamag"":7.59336,""pl_rade"":11.500434,""pl_radelim"":0,""pl_bmasse"":131.89945,""pl_bmasselim"":0,""pl_bmassprov"":""Mass"",""pl_orbper"":11.53533,""pl_orbperlim"":0,""pl_orbsmax"":0.1097,""pl_eqt"":1228.3,""pl_eqtlim"":0,""disc_year"":2018,""discoverymethod"":""Transit"",""disc_refname"":""<a refstr=NIELSEN_ET_AL__2019 href=https://ui.adsabs.harvard.edu/abs/2019A&A...623A.100N/abstract target=ref>Nielsen et al. 2019</a>"",""import_batch"":""astralys_nasa_confirmed_planets_20260918"",""discovery_status"":""confirmed"",""table"":""pscomppars"",""gaia_host_source_id"":""4707634458245031552"",""orbit_order"":1,""retrieved_at"":""2026-09-18T14:51:26.782Z"",""sky_position_kind"":""host_system_direction"",""visual_is_interpretation"":true,""best_mass_is_minimum"":false}"
planet,NASA_EXOPLANET_ARCHIVE,HD 64114 b,HD 64114 b,eae82ca7-4594-482d-9501-404af9112ad3,HD 64114,117.982556,-11.0337221,102.824593,,4.41,,45.791,519,2019,Radial Velocity,Feng et al. 2019,1555742880,gas,2026-09-18T14:51:26.782Z,"{""pl_name"":""HD 64114 b"",""hostname"":""HD 64114"",""gaia_dr3_id"":""Gaia DR3 3037245604373149824"",""ra"":117.982556,""dec"":-11.0337221,""sy_dist"":31.5262,""sy_gaiamag"":7.52581,""pl_rade"":4.41,""pl_radelim"":0,""pl_bmasse"":17.8,""pl_bmasselim"":0,""pl_bmassprov"":""Msini"",""pl_orbper"":45.791,""pl_orbperlim"":0,""pl_orbsmax"":0.246,""pl_eqt"":518.51,""pl_eqtlim"":0,""disc_year"":2019,""discoverymethod"":""Radial Velocity"",""disc_refname"":""<a refstr=FENG_ET_AL__2019 href=https://ui.adsabs.harvard.edu/abs/2019ApJS..242...25F/abstract target=ref>Feng et al. 2019</a>"",""import_batch"":""astralys_nasa_confirmed_planets_20260918"",""discovery_status"":""confirmed"",""table"":""pscomppars"",""gaia_host_source_id"":""3037245604373149824"",""orbit_order"":1,""retrieved_at"":""2026-09-18T14:51:26.782Z"",""sky_position_kind"":""host_system_direction"",""visual_is_interpretation"":true,""best_mass_is_minimum"":true}"
planet,NASA_EXOPLANET_ARCHIVE,HD 38801 b,HD 38801 b,7a34e911-50cf-4fe0-bd26-5f24434a49a7,HD 38801,86.9963141,-8.3280256,298.220412,,12.5,,685.25,288,2009,Radial Velocity, Harakawa et al. 2010 ,1348142666,gas,2026-09-18T14:51:26.782Z,"{""pl_name"":""HD 38801 b"",""hostname"":""HD 38801"",""gaia_dr3_id"":""Gaia DR3 3012677738601895168"",""ra"":86.9963141,""dec"":-8.3280256,""sy_dist"":91.4349,""sy_gaiamag"":8.03397,""pl_rade"":12.5,""pl_radelim"":0,""pl_bmasse"":3082.31534,""pl_bmasselim"":0,""pl_bmassprov"":""Msini"",""pl_orbper"":685.25,""pl_orbperlim"":0,""pl_orbsmax"":1.623,""pl_eqt"":287.8,""pl_eqtlim"":0,""disc_year"":2009,""discoverymethod"":""Radial Velocity"",""disc_refname"":""<a refstr=HARAKAWA_ET_AL__2010 href=https://ui.adsabs.harvard.edu/abs/2010ApJ...715..550H/abstract target=ref> Harakawa et al. 2010 </a>"",""import_batch"":""astralys_nasa_confirmed_planets_20260918"",""discovery_status"":""confirmed"",""table"":""pscomppars"",""gaia_host_source_id"":""3012677738601895168"",""orbit_order"":1,""retrieved_at"":""2026-09-18T14:51:26.782Z"",""sky_position_kind"":""host_system_direction"",""visual_is_interpretation"":true,""best_mass_is_minimum"":true}"
planet,NASA_EXOPLANET_ARCHIVE,HR 5183 b,HR 5183 b,2bf1e661-9d3c-419e-97cf-0357414b6a62,HR 5183,206.7357992,6.3498994,102.610961,,13.1,1052.01202717,27000,171,2019,Radial Velocity,Blunt et al. 2019,415656168,gas,2026-09-18T14:51:26.782Z,"{""pl_name"":""HR 5183 b"",""hostname"":""HR 5183"",""gaia_dr3_id"":""Gaia DR3 3721126409323324416"",""ra"":206.7357992,""dec"":6.3498994,""sy_dist"":31.4607,""sy_gaiamag"":6.17464,""pl_rade"":13.1,""pl_radelim"":0,""pl_bmasse"":1052.01202717,""pl_bmasselim"":0,""pl_bmassprov"":""Mass"",""pl_orbper"":27000,""pl_orbperlim"":0,""pl_orbsmax"":18,""pl_eqt"":171,""pl_eqtlim"":0,""disc_year"":2019,""discoverymethod"":""Radial Velocity"",""disc_refname"":""<a refstr=BLUNT_ET_AL__2019 href=https://ui.adsabs.harvard.edu/abs/2019AJ....158..181B/abstract target=ref>Blunt et al. 2019</a>"",""import_batch"":""astralys_nasa_confirmed_planets_20260918"",""discovery_status"":""confirmed"",""table"":""pscomppars"",""gaia_host_source_id"":""3721126409323324416"",""orbit_order"":1,""retrieved_at"":""2026-09-18T14:51:26.782Z"",""sky_position_kind"":""host_system_direction"",""visual_is_interpretation"":true,""best_mass_is_minimum"":false}"
planet,NASA_EXOPLANET_ARCHIVE,GJ 15 A c,GJ 15 A c,1939d96c-b5d8-46ad-8313-155f2cdee64d,GJ 15 A,4.6126677,44.0247296,11.61859,,6.67,,7600,46,2018,Radial Velocity,Pinamonti et al. 2018,953579688,gas,2026-09-18T14:51:26.782Z,"{""pl_name"":""GJ 15 A c"",""hostname"":""GJ 15 A"",""gaia_dr3_id"":""Gaia DR3 385334230892516480"",""ra"":4.6126677,""dec"":44.0247296,""sy_dist"":3.56228,""sy_gaiamag"":7.2162,""pl_rade"":6.67,""pl_radelim"":0,""pl_bmasse"":36,""pl_bmasselim"":0,""pl_bmassprov"":""Msini"",""pl_orbper"":7600,""pl_orbperlim"":0,""pl_orbsmax"":5.4,""pl_eqt"":46.14,""pl_eqtlim"":0,""disc_year"":2018,""discoverymethod"":""Radial Velocity"",""disc_refname"":""<a refstr=PINAMONTI_ET_AL__2018 href=https://ui.adsabs.harvard.edu/abs/2018A&A...617A.104P/abstract target=ref>Pinamonti et al. 2018</a>"",""import_batch"":""astralys_nasa_confirmed_planets_20260918"",""discovery_status"":""confirmed"",""table"":""pscomppars"",""gaia_host_source_id"":""385334230892516480"",""orbit_order"":2,""retrieved_at"":""2026-09-18T14:51:26.782Z"",""sky_position_kind"":""host_system_direction"",""visual_is_interpretation"":true,""best_mass_is_minimum"":true}"
planet,NASA_EXOPLANET_ARCHIVE,HD 50554 d,HD 50554 d,647b57fb-5214-4288-ade3-7f76c8da4386,HD 50554,103.678273,24.2451409,101.651084,,1.41,,28.0694,651,2026,Transit,Liu et al. 2026,1541623733,rocky,2026-09-18T14:51:26.782Z,"{""pl_name"":""HD 50554 d"",""hostname"":""HD 50554"",""gaia_dr3_id"":""Gaia DR3 3380479015342121600"",""ra"":103.678273,""dec"":24.2451409,""sy_dist"":31.1664,""sy_gaiamag"":6.69786,""pl_rade"":1.41,""pl_radelim"":0,""pl_bmasse"":10.4,""pl_bmasselim"":1,""pl_bmassprov"":""Mass"",""pl_orbper"":28.0694,""pl_orbperlim"":0,""pl_orbsmax"":0.1831,""pl_eqt"":651.11,""pl_eqtlim"":0,""disc_year"":2026,""discoverymethod"":""Transit"",""disc_refname"":""<a refstr=LIU_ET_AL_2026 href=https://ui.adsabs.harvard.edu/abs/2026AJ....172...72L/abstract target=ref>Liu et al. 2026</a>"",""import_batch"":""astralys_nasa_confirmed_planets_20260918"",""discovery_status"":""confirmed"",""table"":""pscomppars"",""gaia_host_source_id"":""3380479015342121600"",""orbit_order"":2,""retrieved_at"":""2026-09-18T14:51:26.782Z"",""sky_position_kind"":""host_system_direction"",""visual_is_interpretation"":true,""best_mass_is_minimum"":false}"
planet,NASA_EXOPLANET_ARCHIVE,7 CMa b,7 CMa b,f4f268e2-7ae3-402b-a7b2-d4fc7b58afca,7 CMa,99.171276,-19.2561808,64.61183,,13.4,,735.1,387,2011,Radial Velocity, Wittenmyer et al. 2011 ,1474675812,gas,2026-09-18T14:51:26.782Z,"{""pl_name"":""7 CMa b"",""hostname"":""7 CMa"",""gaia_dr3_id"":""Gaia DR3 2939555954755196160"",""ra"":99.171276,""dec"":-19.2561808,""sy_dist"":19.8101,""sy_gaiamag"":3.67853,""pl_rade"":13.4,""pl_radelim"":0,""pl_bmasse"":587.9855,""pl_bmasselim"":0,""pl_bmassprov"":""Msin(i)/sin(i)"",""pl_orbper"":735.1,""pl_orbperlim"":0,""pl_orbsmax"":1.758,""pl_eqt"":387.33,""pl_eqtlim"":0,""disc_year"":2011,""discoverymethod"":""Radial Velocity"",""disc_refname"":""<a refstr=WITTENMYER_ET_AL__2011 href=https://ui.adsabs.harvard.edu/abs/2011arXiv1111.1007W/abstract target=ref> Wittenmyer et al. 2011 </a>"",""import_batch"":""astralys_nasa_confirmed_planets_20260918"",""discovery_status"":""confirmed"",""table"":""pscomppars"",""gaia_host_source_id"":""2939555954755196160"",""orbit_order"":1,""retrieved_at"":""2026-09-18T14:51:26.782Z"",""sky_position_kind"":""host_system_direction"",""visual_is_interpretation"":true,""best_mass_is_minimum"":false}"
planet,NASA_EXOPLANET_ARCHIVE,7 CMa c,7 CMa c,f4f268e2-7ae3-402b-a7b2-d4fc7b58afca,7 CMa,99.171276,-19.2561808,64.61183,,13.9,,996,350,2019,Radial Velocity,Luque et al. 2019,1457898193,gas,2026-09-18T14:51:26.782Z,"{""pl_name"":""7 CMa c"",""hostname"":""7 CMa"",""gaia_dr3_id"":""Gaia DR3 2939555954755196160"",""ra"":99.171276,""dec"":-19.2561808,""sy_dist"":19.8101,""sy_gaiamag"":3.67853,""pl_rade"":13.9,""pl_radelim"":0,""pl_bmasse"":276.5121,""pl_bmasselim"":0,""pl_bmassprov"":""Msin(i)/sin(i)"",""pl_orbper"":996,""pl_orbperlim"":0,""pl_orbsmax"":2.153,""pl_eqt"":350,""pl_eqtlim"":0,""disc_year"":2019,""discoverymethod"":""Radial Velocity"",""disc_refname"":""<a refstr=LUQUE_ET_AL__2019 href=https://ui.adsabs.harvard.edu/abs/2019A&A...631A.136L/abstract target=ref>Luque et al. 2019</a>"",""import_batch"":""astralys_nasa_confirmed_planets_20260918"",""discovery_status"":""confirmed"",""table"":""pscomppars"",""gaia_host_source_id"":""2939555954755196160"",""orbit_order"":2,""retrieved_at"":""2026-09-18T14:51:26.782Z"",""sky_position_kind"":""host_system_direction"",""visual_is_interpretation"":true,""best_mass_is_minimum"":false}"
planet,NASA_EXOPLANET_ARCHIVE,HD 213885 b,HD 213885 b,dce12c66-9afb-4381-9344-cdbeb05fe99f,HD 213885,338.9837166,-59.864829,156.842876,,1.745,8.83,1.008035,2128,2019,Transit,Espinoza et al. 2020,407426824,lava,2026-09-18T14:51:26.782Z,"{""pl_name"":""HD 213885 b"",""hostname"":""HD 213885"",""gaia_dr3_id"":""Gaia DR3 6407428994690988928"",""ra"":338.9837166,""dec"":-59.864829,""sy_dist"":48.0883,""sy_gaiamag"":7.80173,""pl_rade"":1.745,""pl_radelim"":0,""pl_bmasse"":8.83,""pl_bmasselim"":0,""pl_bmassprov"":""Mass"",""pl_orbper"":1.008035,""pl_orbperlim"":0,""pl_orbsmax"":0.02012,""pl_eqt"":2128,""pl_eqtlim"":0,""disc_year"":2019,""discoverymethod"":""Transit"",""disc_refname"":""<a refstr=ESPINOZA_ET_AL__2020 href=https://ui.adsabs.harvard.edu/abs/2020MNRAS.491.2982E/abstract target=ref>Espinoza et al. 2020</a>"",""import_batch"":""astralys_nasa_confirmed_planets_20260918"",""discovery_status"":""confirmed"",""table"":""pscomppars"",""gaia_host_source_id"":""6407428994690988928"",""orbit_order"":1,""retrieved_at"":""2026-09-18T14:51:26.782Z"",""sky_position_kind"":""host_system_direction"",""visual_is_interpretation"":true,""best_mass_is_minimum"":false}"
planet,NASA_EXOPLANET_ARCHIVE,HD 213885 c,HD 213885 c,dce12c66-9afb-4381-9344-cdbeb05fe99f,HD 213885,338.9837166,-59.864829,156.842876,,4.71,,4.78503,1265,2019,Radial Velocity,Espinoza et al. 2020,424204443,gas,2026-09-18T14:51:26.782Z,"{""pl_name"":""HD 213885 c"",""hostname"":""HD 213885"",""gaia_dr3_id"":""Gaia DR3 6407428994690988928"",""ra"":338.9837166,""dec"":-59.864829,""sy_dist"":48.0883,""sy_gaiamag"":7.80173,""pl_rade"":4.71,""pl_radelim"":0,""pl_bmasse"":19.95,""pl_bmasselim"":0,""pl_bmassprov"":""Msini"",""pl_orbper"":4.78503,""pl_orbperlim"":0,""pl_orbsmax"":0.056798,""pl_eqt"":1265.4,""pl_eqtlim"":0,""disc_year"":2019,""discoverymethod"":""Radial Velocity"",""disc_refname"":""<a refstr=ESPINOZA_ET_AL__2020 href=https://ui.adsabs.harvard.edu/abs/2020MNRAS.491.2982E/abstract target=ref>Espinoza et al. 2020</a>"",""import_batch"":""astralys_nasa_confirmed_planets_20260918"",""discovery_status"":""confirmed"",""table"":""pscomppars"",""gaia_host_source_id"":""6407428994690988928"",""orbit_order"":2,""retrieved_at"":""2026-09-18T14:51:26.782Z"",""sky_position_kind"":""host_system_direction"",""visual_is_interpretation"":true,""best_mass_is_minimum"":true}"
planet,NASA_EXOPLANET_ARCHIVE,HD 164922 c,HD 164922 c,716c6a9d-686e-4853-a855-7ccd009ad194,HD 164922,270.6304652,26.3104077,71.759538,,3.66,,75.74,401,2016,Radial Velocity,Fulton et al. 2016,430304226,rocky,2026-09-18T14:51:26.782Z,"{""pl_name"":""HD 164922 c"",""hostname"":""HD 164922"",""gaia_dr3_id"":""Gaia DR3 4582680493669880704"",""ra"":270.6304652,""dec"":26.3104077,""sy_dist"":22.0016,""sy_gaiamag"":6.78614,""pl_rade"":3.66,""pl_radelim"":0,""pl_bmasse"":13,""pl_bmasselim"":0,""pl_bmassprov"":""Msini"",""pl_orbper"":75.74,""pl_orbperlim"":0,""pl_orbsmax"":0.341,""pl_eqt"":400.5,""pl_eqtlim"":0,""disc_year"":2016,""discoverymethod"":""Radial Velocity"",""disc_refname"":""<a refstr=FULTON_ET_AL__2016 href=https://ui.adsabs.harvard.edu/abs/2016ApJ...830...46F/abstract target=ref>Fulton et al. 2016</a>"",""import_batch"":""astralys_nasa_confirmed_planets_20260918"",""discovery_status"":""confirmed"",""table"":""pscomppars"",""gaia_host_source_id"":""4582680493669880704"",""orbit_order"":3,""retrieved_at"":""2026-09-18T14:51:26.782Z"",""sky_position_kind"":""host_system_direction"",""visual_is_interpretation"":true,""best_mass_is_minimum"":true}"
planet,NASA_EXOPLANET_ARCHIVE,HD 13808 b,HD 13808 b,8db72c50-a0ba-4fac-b4f3-89ebd7a7dda5,HD 13808,33.1780708,-53.7437591,92.07547,,3.35,,14.1815,662,2021,Radial Velocity,Ahrer et al. 2021,1070938927,rocky,2026-09-18T14:51:26.782Z,"{""pl_name"":""HD 13808 b"",""hostname"":""HD 13808"",""gaia_dr3_id"":""Gaia DR3 4743692151804240896"",""ra"":33.1780708,""dec"":-53.7437591,""sy_dist"":28.2305,""sy_gaiamag"":8.11006,""pl_rade"":3.35,""pl_radelim"":0,""pl_bmasse"":11.2,""pl_bmasselim"":0,""pl_bmassprov"":""Msini"",""pl_orbper"":14.1815,""pl_orbperlim"":0,""pl_orbsmax"":0.10519,""pl_eqt"":661.56,""pl_eqtlim"":0,""disc_year"":2021,""discoverymethod"":""Radial Velocity"",""disc_refname"":""<a refstr=AHRER_ET_AL_2021 href=https://ui.adsabs.harvard.edu/abs/2021MNRAS.503.1248A/abstract target=ref>Ahrer et al. 2021</a>"",""import_batch"":""astralys_nasa_confirmed_planets_20260918"",""discovery_status"":""confirmed"",""table"":""pscomppars"",""gaia_host_source_id"":""4743692151804240896"",""orbit_order"":1,""retrieved_at"":""2026-09-18T14:51:26.782Z"",""sky_position_kind"":""host_system_direction"",""visual_is_interpretation"":true,""best_mass_is_minimum"":true}"
planet,NASA_EXOPLANET_ARCHIVE,HD 180617 b,HD 180617 b,a0acf994-dc2a-4f21-be03-37662520541e,HD 180617,289.2277322,5.1631615,19.277744,,3.53,,105.911,202,2018,Radial Velocity,Kaminski et al. 2018,1478027906,rocky,2026-09-18T14:51:26.782Z,"{""pl_name"":""HD 180617 b"",""hostname"":""HD 180617"",""gaia_dr3_id"":""Gaia DR3 4293318823182081408"",""ra"":289.2277322,""dec"":5.1631615,""sy_dist"":5.91059,""sy_gaiamag"":8.0976,""pl_rade"":3.53,""pl_radelim"":0,""pl_bmasse"":12.214,""pl_bmasselim"":0,""pl_bmassprov"":""Msini"",""pl_orbper"":105.911,""pl_orbperlim"":0,""pl_orbsmax"":0.343,""pl_eqt"":201.8,""pl_eqtlim"":0,""disc_year"":2018,""discoverymethod"":""Radial Velocity"",""disc_refname"":""<a refstr=KAMINSKI_ET_AL__2018 href=https://ui.adsabs.harvard.edu/abs/2018A&A...618A.115K/abstract target=ref>Kaminski et al. 2018</a>"",""import_batch"":""astralys_nasa_confirmed_planets_20260918"",""discovery_status"":""confirmed"",""table"":""pscomppars"",""gaia_host_source_id"":""4293318823182081408"",""orbit_order"":1,""retrieved_at"":""2026-09-18T14:51:26.782Z"",""sky_position_kind"":""host_system_direction"",""visual_is_interpretation"":true,""best_mass_is_minimum"":true}"
planet,NASA_EXOPLANET_ARCHIVE,HD 158259 e,HD 158259 e,9ce1f2c6-536b-47d0-b265-605168ba983a,HD 158259,261.3495847,52.7904721,88.224546,,2.34,,7.951,,2020,Radial Velocity,Hara et al. 2020,922540666,rocky,2026-09-18T14:51:26.782Z,"{""pl_name"":""HD 158259 e"",""hostname"":""HD 158259"",""gaia_dr3_id"":""Gaia DR3 1416050859226670848"",""ra"":261.3495847,""dec"":52.7904721,""sy_dist"":27.0498,""sy_gaiamag"":6.30694,""pl_rade"":2.34,""pl_radelim"":0,""pl_bmasse"":6.08,""pl_bmasselim"":0,""pl_bmassprov"":""Msini"",""pl_orbper"":7.951,""pl_orbperlim"":0,""pl_orbsmax"":null,""pl_eqt"":null,""pl_eqtlim"":null,""disc_year"":2020,""discoverymethod"":""Radial Velocity"",""disc_refname"":""<a refstr=HARA_ET_AL__2020 href=https://ui.adsabs.harvard.edu/abs/2020A&A...636L...6H/abstract target=ref>Hara et al. 2020</a>"",""import_batch"":""astralys_nasa_confirmed_planets_20260918"",""discovery_status"":""confirmed"",""table"":""pscomppars"",""gaia_host_source_id"":""1416050859226670848"",""orbit_order"":4,""retrieved_at"":""2026-09-18T14:51:26.782Z"",""sky_position_kind"":""host_system_direction"",""visual_is_interpretation"":true,""best_mass_is_minimum"":true}"
planet,NASA_EXOPLANET_ARCHIVE,HD 158259 c,HD 158259 c,9ce1f2c6-536b-47d0-b265-605168ba983a,HD 158259,261.3495847,52.7904721,88.224546,,2.23,,3.432,,2020,Radial Velocity,Hara et al. 2020,821874952,rocky,2026-09-18T14:51:26.782Z,"{""pl_name"":""HD 158259 c"",""hostname"":""HD 158259"",""gaia_dr3_id"":""Gaia DR3 1416050859226670848"",""ra"":261.3495847,""dec"":52.7904721,""sy_dist"":27.0498,""sy_gaiamag"":6.30694,""pl_rade"":2.23,""pl_radelim"":0,""pl_bmasse"":5.6,""pl_bmasselim"":0,""pl_bmassprov"":""Msini"",""pl_orbper"":3.432,""pl_orbperlim"":0,""pl_orbsmax"":null,""pl_eqt"":null,""pl_eqtlim"":null,""disc_year"":2020,""discoverymethod"":""Radial Velocity"",""disc_refname"":""<a refstr=HARA_ET_AL__2020 href=https://ui.adsabs.harvard.edu/abs/2020A&A...636L...6H/abstract target=ref>Hara et al. 2020</a>"",""import_batch"":""astralys_nasa_confirmed_planets_20260918"",""discovery_status"":""confirmed"",""table"":""pscomppars"",""gaia_host_source_id"":""1416050859226670848"",""orbit_order"":2,""retrieved_at"":""2026-09-18T14:51:26.782Z"",""sky_position_kind"":""host_system_direction"",""visual_is_interpretation"":true,""best_mass_is_minimum"":true}"
planet,NASA_EXOPLANET_ARCHIVE,GJ 687 b,GJ 687 b,0d4beeb6-e893-43d4-abb2-32bb96caafc4,GJ 687,264.1041731,68.3336741,14.838108,,4.32,,38.142,264,2014,Radial Velocity, Burt et al. 2014,975923725,gas,2026-09-18T14:51:26.782Z,"{""pl_name"":""GJ 687 b"",""hostname"":""GJ 687"",""gaia_dr3_id"":""Gaia DR3 1637645127018395776"",""ra"":264.1041731,""dec"":68.3336741,""sy_dist"":4.54939,""sy_gaiamag"":8.02754,""pl_rade"":4.32,""pl_radelim"":0,""pl_bmasse"":17.2,""pl_bmasselim"":0,""pl_bmassprov"":""Msini"",""pl_orbper"":38.142,""pl_orbperlim"":0,""pl_orbsmax"":0.163,""pl_eqt"":263.65,""pl_eqtlim"":0,""disc_year"":2014,""discoverymethod"":""Radial Velocity"",""disc_refname"":""<a refstr=BURT_ET_AL__2014 href=https://ui.adsabs.harvard.edu/abs/2014ApJ...789..114B/abstract target=ref> Burt et al. 2014</a>"",""import_batch"":""astralys_nasa_confirmed_planets_20260918"",""discovery_status"":""confirmed"",""table"":""pscomppars"",""gaia_host_source_id"":""1637645127018395776"",""orbit_order"":1,""retrieved_at"":""2026-09-18T14:51:26.782Z"",""sky_position_kind"":""host_system_direction"",""visual_is_interpretation"":true,""best_mass_is_minimum"":true}"
planet,NASA_EXOPLANET_ARCHIVE,HD 216520 c,HD 216520 c,9a6a8c7a-dd8a-4c42-bf79-907b5a8c753f,HD 216520,341.8768719,83.6975307,63.770021,,3.03,,154.43,295,2020,Radial Velocity,Burt et al. 2021,1537282285,rocky,2026-09-18T14:51:26.782Z,"{""pl_name"":""HD 216520 c"",""hostname"":""HD 216520"",""gaia_dr3_id"":""Gaia DR3 2299942278201276288"",""ra"":341.8768719,""dec"":83.6975307,""sy_dist"":19.552,""sy_gaiamag"":7.27896,""pl_rade"":3.03,""pl_radelim"":0,""pl_bmasse"":9.44,""pl_bmasselim"":0,""pl_bmassprov"":""Msini"",""pl_orbper"":154.43,""pl_orbperlim"":0,""pl_orbsmax"":0.528,""pl_eqt"":295.22,""pl_eqtlim"":0,""disc_year"":2020,""discoverymethod"":""Radial Velocity"",""disc_refname"":""<a refstr=BURT_ET_AL__2021 href=https://ui.adsabs.harvard.edu/abs/2021AJ....161...10B/abstract target=ref>Burt et al. 2021</a>"",""import_batch"":""astralys_nasa_confirmed_planets_20260918"",""discovery_status"":""confirmed"",""table"":""pscomppars"",""gaia_host_source_id"":""2299942278201276288"",""orbit_order"":2,""retrieved_at"":""2026-09-18T14:51:26.782Z"",""sky_position_kind"":""host_system_direction"",""visual_is_interpretation"":true,""best_mass_is_minimum"":true}"
planet,NASA_EXOPLANET_ARCHIVE,HIP 48714 b,HIP 48714 b,e3ac1331-19ee-49c9-9f39-a15c0fb60eb0,HIP 48714,149.0332672,62.7859505,34.343574,,5.11,,17.818,446,2020,Radial Velocity,Feng et al. 2020,917330688,gas,2026-09-18T14:51:26.782Z,"{""pl_name"":""HIP 48714 b"",""hostname"":""HIP 48714"",""gaia_dr3_id"":""Gaia DR3 1051547052218220160"",""ra"":149.0332672,""dec"":62.7859505,""sy_dist"":10.5298,""sy_gaiamag"":8.22861,""pl_rade"":5.11,""pl_radelim"":0,""pl_bmasse"":22.9,""pl_bmasselim"":0,""pl_bmassprov"":""Msini"",""pl_orbper"":17.818,""pl_orbperlim"":0,""pl_orbsmax"":0.112,""pl_eqt"":446.47,""pl_eqtlim"":0,""disc_year"":2020,""discoverymethod"":""Radial Velocity"",""disc_refname"":""<a refstr=FENG_ET_AL__2020 href=https://ui.adsabs.harvard.edu/abs/2020ApJS..250...29F/abstract target=ref>Feng et al. 2020</a>"",""import_batch"":""astralys_nasa_confirmed_planets_20260918"",""discovery_status"":""confirmed"",""table"":""pscomppars"",""gaia_host_source_id"":""1051547052218220160"",""orbit_order"":1,""retrieved_at"":""2026-09-18T14:51:26.782Z"",""sky_position_kind"":""host_system_direction"",""visual_is_interpretation"":true,""best_mass_is_minimum"":true}"
planet,NASA_EXOPLANET_ARCHIVE,HD 211403 b,HD 211403 b,bb9a6ba2-1402-4877-abbe-c84d53e65811,HD 211403,333.8158177,58.2755601,271.009217,,12.8,,223.8,380,2021,Radial Velocity,Demangeon et al. 2021,146147297,gas,2026-09-18T14:51:26.782Z,"{""pl_name"":""HD 211403 b"",""hostname"":""HD 211403"",""gaia_dr3_id"":""Gaia DR3 2198848918548722304"",""ra"":333.8158177,""dec"":58.2755601,""sy_dist"":83.0919,""sy_gaiamag"":8.34865,""pl_rade"":12.8,""pl_radelim"":0,""pl_bmasse"":1760.76937478,""pl_bmasselim"":0,""pl_bmassprov"":""Msini"",""pl_orbper"":223.8,""pl_orbperlim"":0,""pl_orbsmax"":0.768,""pl_eqt"":380,""pl_eqtlim"":0,""disc_year"":2021,""discoverymethod"":""Radial Velocity"",""disc_refname"":""<a refstr=DEMANGEON_ET_AL__2021 href=https://ui.adsabs.harvard.edu/abs/2021A&A...653A..78D/abstract target=ref>Demangeon et al. 2021</a>"",""import_batch"":""astralys_nasa_confirmed_planets_20260918"",""discovery_status"":""confirmed"",""table"":""pscomppars"",""gaia_host_source_id"":""2198848918548722304"",""orbit_order"":1,""retrieved_at"":""2026-09-18T14:51:26.782Z"",""sky_position_kind"":""host_system_direction"",""visual_is_interpretation"":true,""best_mass_is_minimum"":true}"
planet,NASA_EXOPLANET_ARCHIVE,HD 24040 c,HD 24040 c,d3dd15da-b094-4457-a926-f972665b24b8,HD 24040,57.5962104,17.4752873,152.061755,,9.35,,515.4,288,2021,Radial Velocity,Rosenthal et al. 2021,1011144471,gas,2026-09-18T14:51:26.782Z,"{""pl_name"":""HD 24040 c"",""hostname"":""HD 24040"",""gaia_dr3_id"":""Gaia DR3 43802039287826432"",""ra"":57.5962104,""dec"":17.4752873,""sy_dist"":46.6224,""sy_gaiamag"":7.33476,""pl_rade"":9.35,""pl_radelim"":0,""pl_bmasse"":63.88350981,""pl_bmasselim"":0,""pl_bmassprov"":""Msini"",""pl_orbper"":515.4,""pl_orbperlim"":0,""pl_orbsmax"":1.3,""pl_eqt"":287.75,""pl_eqtlim"":0,""disc_year"":2021,""discoverymethod"":""Radial Velocity"",""disc_refname"":""<a refstr=ROSENTHAL_ET_AL__2021 href=https://ui.adsabs.harvard.edu/abs/2021ApJS..255....8R/abstract target=ref>Rosenthal et al. 2021</a>"",""import_batch"":""astralys_nasa_confirmed_planets_20260918"",""discovery_status"":""confirmed"",""table"":""pscomppars"",""gaia_host_source_id"":""43802039287826432"",""orbit_order"":1,""retrieved_at"":""2026-09-18T14:51:26.782Z"",""sky_position_kind"":""host_system_direction"",""visual_is_interpretation"":true,""best_mass_is_minimum"":true}"
planet,NASA_EXOPLANET_ARCHIVE,HD 3765 b,HD 3765 b,6390a5e0-31d2-4f3e-8056-3031ddbb7eb7,HD 3765,10.2072994,40.1842918,58.466725,,8.56,,1211,153,2021,Radial Velocity,Rosenthal et al. 2021,1962033091,gas,2026-09-18T14:51:26.782Z,"{""pl_name"":""HD 3765 b"",""hostname"":""HD 3765"",""gaia_dr3_id"":""Gaia DR3 369092520004831232"",""ra"":10.2072994,""dec"":40.1842918,""sy_dist"":17.926,""sy_gaiamag"":7.07827,""pl_rade"":8.56,""pl_radelim"":0,""pl_bmasse"":54.98431441,""pl_bmasselim"":0,""pl_bmassprov"":""Msini"",""pl_orbper"":1211,""pl_orbperlim"":0,""pl_orbsmax"":2.108,""pl_eqt"":152.85,""pl_eqtlim"":0,""disc_year"":2021,""discoverymethod"":""Radial Velocity"",""disc_refname"":""<a refstr=ROSENTHAL_ET_AL__2021 href=https://ui.adsabs.harvard.edu/abs/2021ApJS..255....8R/abstract target=ref>Rosenthal et al. 2021</a>"",""import_batch"":""astralys_nasa_confirmed_planets_20260918"",""discovery_status"":""confirmed"",""table"":""pscomppars"",""gaia_host_source_id"":""369092520004831232"",""orbit_order"":1,""retrieved_at"":""2026-09-18T14:51:26.782Z"",""sky_position_kind"":""host_system_direction"",""visual_is_interpretation"":true,""best_mass_is_minimum"":true}"
planet,NASA_EXOPLANET_ARCHIVE,HD 213472 b,HD 213472 b,47800a01-1b66-4a9d-926a-6060b759a7c3,HD 213472,337.7069969,40.7222277,210.216348,,13.1,,17000,92,2021,Radial Velocity,Rosenthal et al. 2021,1725475470,gas,2026-09-18T14:51:26.782Z,"{""pl_name"":""HD 213472 b"",""hostname"":""HD 213472"",""gaia_dr3_id"":""Gaia DR3 1909401760972212224"",""ra"":337.7069969,""dec"":40.7222277,""sy_dist"":64.4527,""sy_gaiamag"":8.01189,""pl_rade"":13.1,""pl_radelim"":0,""pl_bmasse"":1112.3994245,""pl_bmasselim"":0,""pl_bmassprov"":""Msini"",""pl_orbper"":17000,""pl_orbperlim"":0,""pl_orbsmax"":13,""pl_eqt"":91.76,""pl_eqtlim"":0,""disc_year"":2021,""discoverymethod"":""Radial Velocity"",""disc_refname"":""<a refstr=ROSENTHAL_ET_AL__2021 href=https://ui.adsabs.harvard.edu/abs/2021ApJS..255....8R/abstract target=ref>Rosenthal et al. 2021</a>"",""import_batch"":""astralys_nasa_confirmed_planets_20260918"",""discovery_status"":""confirmed"",""table"":""pscomppars"",""gaia_host_source_id"":""1909401760972212224"",""orbit_order"":1,""retrieved_at"":""2026-09-18T14:51:26.782Z"",""sky_position_kind"":""host_system_direction"",""visual_is_interpretation"":true,""best_mass_is_minimum"":true}"
planet,NASA_EXOPLANET_ARCHIVE,TOI-257 b,TOI-257 b,1acbb269-e542-4ae9-b117-cdb1b502344c,TOI-257,47.5172608,-50.8322632,250.823096,,7.16253867,43.86032017,18.38818,1027,2021,Transit,Addison et al. 2021,2145252018,gas,2026-09-18T14:51:26.782Z,"{""pl_name"":""TOI-257 b"",""hostname"":""TOI-257"",""gaia_dr3_id"":""Gaia DR3 4747624104168195072"",""ra"":47.5172608,""dec"":-50.8322632,""sy_dist"":76.9028,""sy_gaiamag"":7.41653,""pl_rade"":7.16253867,""pl_radelim"":0,""pl_bmasse"":43.86032017,""pl_bmasselim"":0,""pl_bmassprov"":""Mass"",""pl_orbper"":18.38818,""pl_orbperlim"":0,""pl_orbsmax"":0.1528,""pl_eqt"":1027,""pl_eqtlim"":0,""disc_year"":2021,""discoverymethod"":""Transit"",""disc_refname"":""<a refstr=ADDISON_ET_AL__2021 href=https://ui.adsabs.harvard.edu/abs/2021MNRAS.502.3704A/abstract target=ref>Addison et al. 2021</a>"",""import_batch"":""astralys_nasa_confirmed_planets_20260918"",""discovery_status"":""confirmed"",""table"":""pscomppars"",""gaia_host_source_id"":""4747624104168195072"",""orbit_order"":1,""retrieved_at"":""2026-09-18T14:51:26.782Z"",""sky_position_kind"":""host_system_direction"",""visual_is_interpretation"":true,""best_mass_is_minimum"":false}"
planet,NASA_EXOPLANET_ARCHIVE,HD 136352 b,HD 136352 b,aa5206a9-465e-4432-9326-2138e21892cf,HD 136352,230.4401147,-48.3188174,47.886224,,1.664,4.72,11.57797,905,2019,Radial Velocity,Udry et al. 2019,1445232214,lava,2026-09-18T14:51:26.782Z,"{""pl_name"":""HD 136352 b"",""hostname"":""HD 136352"",""gaia_dr3_id"":""Gaia DR3 5902750168276592256"",""ra"":230.4401147,""dec"":-48.3188174,""sy_dist"":14.682,""sy_gaiamag"":5.48495,""pl_rade"":1.664,""pl_radelim"":0,""pl_bmasse"":4.72,""pl_bmasselim"":0,""pl_bmassprov"":""Mass"",""pl_orbper"":11.57797,""pl_orbperlim"":0,""pl_orbsmax"":0.0964,""pl_eqt"":905,""pl_eqtlim"":0,""disc_year"":2019,""discoverymethod"":""Radial Velocity"",""disc_refname"":""<a refstr=UDRY_ET_AL__2019 href=https://ui.adsabs.harvard.edu/abs/2019A&A...622A..37U/abstract target=ref>Udry et al. 2019</a>"",""import_batch"":""astralys_nasa_confirmed_planets_20260918"",""discovery_status"":""confirmed"",""table"":""pscomppars"",""gaia_host_source_id"":""5902750168276592256"",""orbit_order"":1,""retrieved_at"":""2026-09-18T14:51:26.782Z"",""sky_position_kind"":""host_system_direction"",""visual_is_interpretation"":true,""best_mass_is_minimum"":false}"
planet,NASA_EXOPLANET_ARCHIVE,GJ 414 A b,GJ 414 A b,4e012122-436a-46b5-be14-0a2d9db54ddd,GJ 414 A,167.7745044,30.4451688,38.777665,,2.63,,50.8,309,2021,Radial Velocity,Dedrick et al. 2021,377744797,rocky,2026-09-18T14:51:26.782Z,"{""pl_name"":""GJ 414 A b"",""hostname"":""GJ 414 A"",""gaia_dr3_id"":""Gaia DR3 732857558276385664"",""ra"":167.7745044,""dec"":30.4451688,""sy_dist"":11.8893,""sy_gaiamag"":7.72808,""pl_rade"":2.63,""pl_radelim"":0,""pl_bmasse"":7.6,""pl_bmasselim"":0,""pl_bmassprov"":""Msini"",""pl_orbper"":50.8,""pl_orbperlim"":0,""pl_orbsmax"":0.2324,""pl_eqt"":308.6,""pl_eqtlim"":0,""disc_year"":2021,""discoverymethod"":""Radial Velocity"",""disc_refname"":""<a refstr=DEDRICK_ET_AL__2021 href=https://ui.adsabs.harvard.edu/abs/2021AJ....161...86D/abstract target=ref>Dedrick et al. 2021</a>"",""import_batch"":""astralys_nasa_confirmed_planets_20260918"",""discovery_status"":""confirmed"",""table"":""pscomppars"",""gaia_host_source_id"":""732857558276385664"",""orbit_order"":1,""retrieved_at"":""2026-09-18T14:51:26.782Z"",""sky_position_kind"":""host_system_direction"",""visual_is_interpretation"":true,""best_mass_is_minimum"":true}"
planet,NASA_EXOPLANET_ARCHIVE,HD 136352 d,HD 136352 d,aa5206a9-465e-4432-9326-2138e21892cf,HD 136352,230.4401147,-48.3188174,47.886224,,2.562,8.82,107.245,431,2019,Radial Velocity,Udry et al. 2019,1344566500,rocky,2026-09-18T14:51:26.782Z,"{""pl_name"":""HD 136352 d"",""hostname"":""HD 136352"",""gaia_dr3_id"":""Gaia DR3 5902750168276592256"",""ra"":230.4401147,""dec"":-48.3188174,""sy_dist"":14.682,""sy_gaiamag"":5.48495,""pl_rade"":2.562,""pl_radelim"":0,""pl_bmasse"":8.82,""pl_bmasselim"":0,""pl_bmassprov"":""Mass"",""pl_orbper"":107.245,""pl_orbperlim"":0,""pl_orbsmax"":0.425,""pl_eqt"":431,""pl_eqtlim"":0,""disc_year"":2019,""discoverymethod"":""Radial Velocity"",""disc_refname"":""<a refstr=UDRY_ET_AL__2019 href=https://ui.adsabs.harvard.edu/abs/2019A&A...622A..37U/abstract target=ref>Udry et al. 2019</a>"",""import_batch"":""astralys_nasa_confirmed_planets_20260918"",""discovery_status"":""confirmed"",""table"":""pscomppars"",""gaia_host_source_id"":""5902750168276592256"",""orbit_order"":3,""retrieved_at"":""2026-09-18T14:51:26.782Z"",""sky_position_kind"":""host_system_direction"",""visual_is_interpretation"":true,""best_mass_is_minimum"":false}"
planet,NASA_EXOPLANET_ARCHIVE,GJ 740 b,GJ 740 b,eabeb52d-58c7-4178-9450-23db80947b76,GJ 740,284.4997178,5.902867,36.208861,,1.53,,2.37756,829,2021,Radial Velocity,Toledo-Padr&oacute;n et al. 2021,1296098799,lava,2026-09-18T14:51:26.782Z,"{""pl_name"":""GJ 740 b"",""hostname"":""GJ 740"",""gaia_dr3_id"":""Gaia DR3 4282578724832056576"",""ra"":284.4997178,""dec"":5.902867,""sy_dist"":11.1017,""sy_gaiamag"":8.45636,""pl_rade"":1.53,""pl_radelim"":0,""pl_bmasse"":2.96,""pl_bmasselim"":0,""pl_bmassprov"":""Msini"",""pl_orbper"":2.37756,""pl_orbperlim"":0,""pl_orbsmax"":0.029,""pl_eqt"":829,""pl_eqtlim"":0,""disc_year"":2021,""discoverymethod"":""Radial Velocity"",""disc_refname"":""<a refstr=TOLEDO_PADR_OACUTE_N_ET_AL__2021 href=https://ui.adsabs.harvard.edu/abs/2021A&A...648A..20T/abstract target=ref>Toledo-Padr&oacute;n et al. 2021</a>"",""import_batch"":""astralys_nasa_confirmed_planets_20260918"",""discovery_status"":""confirmed"",""table"":""pscomppars"",""gaia_host_source_id"":""4282578724832056576"",""orbit_order"":1,""retrieved_at"":""2026-09-18T14:51:26.782Z"",""sky_position_kind"":""host_system_direction"",""visual_is_interpretation"":true,""best_mass_is_minimum"":true}"
planet,NASA_EXOPLANET_ARCHIVE,HD 221420 b,HD 221420 b,84368075-af0b-4fc1-a3c2-f7693667bb77,HD 221420,353.3319001,-77.3853286,101.569871,,12,7278.2705203,10090,123,2019,Radial Velocity,Kane et al. 2019,1198786099,gas,2026-09-18T14:51:26.782Z,"{""pl_name"":""HD 221420 b"",""hostname"":""HD 221420"",""gaia_dr3_id"":""Gaia DR3 6353376831270492800"",""ra"":353.3319001,""dec"":-77.3853286,""sy_dist"":31.1415,""sy_gaiamag"":5.65862,""pl_rade"":12,""pl_radelim"":0,""pl_bmasse"":7278.2705203,""pl_bmasselim"":0,""pl_bmassprov"":""Mass"",""pl_orbper"":10090,""pl_orbperlim"":0,""pl_orbsmax"":10.15,""pl_eqt"":123.49,""pl_eqtlim"":0,""disc_year"":2019,""discoverymethod"":""Radial Velocity"",""disc_refname"":""<a refstr=KANE_ET_AL__2019 href=https://ui.adsabs.harvard.edu/abs/2019AJ....157..252K/abstract target=ref>Kane et al. 2019</a>"",""import_batch"":""astralys_nasa_confirmed_planets_20260918"",""discovery_status"":""confirmed"",""table"":""pscomppars"",""gaia_host_source_id"":""6353376831270492800"",""orbit_order"":1,""retrieved_at"":""2026-09-18T14:51:26.782Z"",""sky_position_kind"":""host_system_direction"",""visual_is_interpretation"":true,""best_mass_is_minimum"":false}"
planet,NASA_EXOPLANET_ARCHIVE,HD 136925 b,HD 136925 b,5e05bf93-71e2-4e3a-b215-6f81ecf6e600,HD 136925,230.7157509,13.3663117,156.143923,,13.9,,4540,134,2021,Radial Velocity,Rosenthal et al. 2021,1836644562,gas,2026-09-18T14:51:26.782Z,"{""pl_name"":""HD 136925 b"",""hostname"":""HD 136925"",""gaia_dr3_id"":""Gaia DR3 1170797781264303616"",""ra"":230.7157509,""dec"":13.3663117,""sy_dist"":47.874,""sy_gaiamag"":7.74447,""pl_rade"":13.9,""pl_radelim"":0,""pl_bmasse"":266.97586188,""pl_bmasselim"":0,""pl_bmassprov"":""Msini"",""pl_orbper"":4540,""pl_orbperlim"":0,""pl_orbsmax"":5.13,""pl_eqt"":134.25,""pl_eqtlim"":0,""disc_year"":2021,""discoverymethod"":""Radial Velocity"",""disc_refname"":""<a refstr=ROSENTHAL_ET_AL__2021 href=https://ui.adsabs.harvard.edu/abs/2021ApJS..255....8R/abstract target=ref>Rosenthal et al. 2021</a>"",""import_batch"":""astralys_nasa_confirmed_planets_20260918"",""discovery_status"":""confirmed"",""table"":""pscomppars"",""gaia_host_source_id"":""1170797781264303616"",""orbit_order"":1,""retrieved_at"":""2026-09-18T14:51:26.782Z"",""sky_position_kind"":""host_system_direction"",""visual_is_interpretation"":true,""best_mass_is_minimum"":true}"
planet,NASA_EXOPLANET_ARCHIVE,HD 109286 b,HD 109286 b,133b8055-41ee-4c98-a426-c7c941aaeb76,HD 109286,188.3958418,7.2809064,180.741304,,13.2,,520.1,259,2021,Radial Velocity,Demangeon et al. 2021,1211943461,gas,2026-09-18T14:51:26.782Z,"{""pl_name"":""HD 109286 b"",""hostname"":""HD 109286"",""gaia_dr3_id"":""Gaia DR3 3902370696320119296"",""ra"":188.3958418,""dec"":7.2809064,""sy_dist"":55.4156,""sy_gaiamag"":8.61599,""pl_rade"":13.2,""pl_radelim"":0,""pl_bmasse"":950.30693693,""pl_bmasselim"":0,""pl_bmassprov"":""Msini"",""pl_orbper"":520.1,""pl_orbperlim"":0,""pl_orbsmax"":1.259,""pl_eqt"":259.4,""pl_eqtlim"":0,""disc_year"":2021,""discoverymethod"":""Radial Velocity"",""disc_refname"":""<a refstr=DEMANGEON_ET_AL__2021 href=https://ui.adsabs.harvard.edu/abs/2021A&A...653A..78D/abstract target=ref>Demangeon et al. 2021</a>"",""import_batch"":""astralys_nasa_confirmed_planets_20260918"",""discovery_status"":""confirmed"",""table"":""pscomppars"",""gaia_host_source_id"":""3902370696320119296"",""orbit_order"":1,""retrieved_at"":""2026-09-18T14:51:26.782Z"",""sky_position_kind"":""host_system_direction"",""visual_is_interpretation"":true,""best_mass_is_minimum"":true}"
planet,NASA_EXOPLANET_ARCHIVE,HD 96700 c,HD 96700 c,35ae65b4-fb1e-4358-8225-3305846d1d6f,HD 96700,166.9742616,-30.1751383,82.879827,,1.69,,19.88,808,2021,Radial Velocity,Unger et al. 2021,2031307180,lava,2026-09-18T14:51:26.782Z,"{""pl_name"":""HD 96700 c"",""hostname"":""HD 96700"",""gaia_dr3_id"":""Gaia DR3 5452492082132835840"",""ra"":166.9742616,""dec"":-30.1751383,""sy_dist"":25.4111,""sy_gaiamag"":6.35547,""pl_rade"":1.69,""pl_radelim"":0,""pl_bmasse"":3.5,""pl_bmasselim"":0,""pl_bmassprov"":""Msini"",""pl_orbper"":19.88,""pl_orbperlim"":0,""pl_orbsmax"":0.141,""pl_eqt"":808.42,""pl_eqtlim"":0,""disc_year"":2021,""discoverymethod"":""Radial Velocity"",""disc_refname"":""<a refstr=UNGER_ET_AL__2021 href=https://ui.adsabs.harvard.edu/abs/2021A&A...654A.104U/abstract target=ref>Unger et al. 2021</a>"",""import_batch"":""astralys_nasa_confirmed_planets_20260918"",""discovery_status"":""confirmed"",""table"":""pscomppars"",""gaia_host_source_id"":""5452492082132835840"",""orbit_order"":2,""retrieved_at"":""2026-09-18T14:51:26.782Z"",""sky_position_kind"":""host_system_direction"",""visual_is_interpretation"":true,""best_mass_is_minimum"":true}"
planet,NASA_EXOPLANET_ARCHIVE,HD 96700 d,HD 96700 d,35ae65b4-fb1e-4358-8225-3305846d1d6f,HD 96700,166.9742616,-30.1751383,82.879827,,3.61,,103.5,466,2021,Radial Velocity,Unger et al. 2021,2014529561,rocky,2026-09-18T14:51:26.782Z,"{""pl_name"":""HD 96700 d"",""hostname"":""HD 96700"",""gaia_dr3_id"":""Gaia DR3 5452492082132835840"",""ra"":166.9742616,""dec"":-30.1751383,""sy_dist"":25.4111,""sy_gaiamag"":6.35547,""pl_rade"":3.61,""pl_radelim"":0,""pl_bmasse"":12.7,""pl_bmasselim"":0,""pl_bmassprov"":""Msini"",""pl_orbper"":103.5,""pl_orbperlim"":0,""pl_orbsmax"":0.424,""pl_eqt"":466.19,""pl_eqtlim"":0,""disc_year"":2021,""discoverymethod"":""Radial Velocity"",""disc_refname"":""<a refstr=UNGER_ET_AL__2021 href=https://ui.adsabs.harvard.edu/abs/2021A&A...654A.104U/abstract target=ref>Unger et al. 2021</a>"",""import_batch"":""astralys_nasa_confirmed_planets_20260918"",""discovery_status"":""confirmed"",""table"":""pscomppars"",""gaia_host_source_id"":""5452492082132835840"",""orbit_order"":3,""retrieved_at"":""2026-09-18T14:51:26.782Z"",""sky_position_kind"":""host_system_direction"",""visual_is_interpretation"":true,""best_mass_is_minimum"":true}"
planet,NASA_EXOPLANET_ARCHIVE,HD 189567 b,HD 189567 b,634a4a51-60d4-4e88-855c-07178770e0ca,HD 189567,301.3959616,-67.3237992,58.399863,,2.85,,14.288,845,2021,Radial Velocity,Unger et al. 2021,814620617,lava,2026-09-18T14:51:26.782Z,"{""pl_name"":""HD 189567 b"",""hostname"":""HD 189567"",""gaia_dr3_id"":""Gaia DR3 6427244702486210816"",""ra"":301.3959616,""dec"":-67.3237992,""sy_dist"":17.9055,""sy_gaiamag"":5.9098,""pl_rade"":2.85,""pl_radelim"":0,""pl_bmasse"":8.5,""pl_bmasselim"":0,""pl_bmassprov"":""Msini"",""pl_orbper"":14.288,""pl_orbperlim"":0,""pl_orbsmax"":0.111,""pl_eqt"":845.16,""pl_eqtlim"":0,""disc_year"":2021,""discoverymethod"":""Radial Velocity"",""disc_refname"":""<a refstr=UNGER_ET_AL__2021 href=https://ui.adsabs.harvard.edu/abs/2021A&A...654A.104U/abstract target=ref>Unger et al. 2021</a>"",""import_batch"":""astralys_nasa_confirmed_planets_20260918"",""discovery_status"":""confirmed"",""table"":""pscomppars"",""gaia_host_source_id"":""6427244702486210816"",""orbit_order"":1,""retrieved_at"":""2026-09-18T14:51:26.782Z"",""sky_position_kind"":""host_system_direction"",""visual_is_interpretation"":true,""best_mass_is_minimum"":true}"
planet,NASA_EXOPLANET_ARCHIVE,HD 189567 c,HD 189567 c,634a4a51-60d4-4e88-855c-07178770e0ca,HD 189567,301.3959616,-67.3237992,58.399863,,2.54,,33.688,634,2021,Radial Velocity,Unger et al. 2021,797842998,rocky,2026-09-18T14:51:26.782Z,"{""pl_name"":""HD 189567 c"",""hostname"":""HD 189567"",""gaia_dr3_id"":""Gaia DR3 6427244702486210816"",""ra"":301.3959616,""dec"":-67.3237992,""sy_dist"":17.9055,""sy_gaiamag"":5.9098,""pl_rade"":2.54,""pl_radelim"":0,""pl_bmasse"":7,""pl_bmasselim"":0,""pl_bmassprov"":""Msini"",""pl_orbper"":33.688,""pl_orbperlim"":0,""pl_orbsmax"":0.197,""pl_eqt"":634.41,""pl_eqtlim"":0,""disc_year"":2021,""discoverymethod"":""Radial Velocity"",""disc_refname"":""<a refstr=UNGER_ET_AL__2021 href=https://ui.adsabs.harvard.edu/abs/2021A&A...654A.104U/abstract target=ref>Unger et al. 2021</a>"",""import_batch"":""astralys_nasa_confirmed_planets_20260918"",""discovery_status"":""confirmed"",""table"":""pscomppars"",""gaia_host_source_id"":""6427244702486210816"",""orbit_order"":2,""retrieved_at"":""2026-09-18T14:51:26.782Z"",""sky_position_kind"":""host_system_direction"",""visual_is_interpretation"":true,""best_mass_is_minimum"":true}"
planet,NASA_EXOPLANET_ARCHIVE,HD 69123 b,HD 69123 b,bcca81db-be3e-431c-9337-325c8d262d69,HD 69123,123.55499,-35.4899246,244.995341,,13.1,982.08977763,1193.3,412,2022,Radial Velocity,Ottoni et al. 2022,1091872329,gas,2026-09-18T14:51:26.782Z,"{""pl_name"":""HD 69123 b"",""hostname"":""HD 69123"",""gaia_dr3_id"":""Gaia DR3 5544699390684005248"",""ra"":123.55499,""dec"":-35.4899246,""sy_dist"":75.116,""sy_gaiamag"":5.49555,""pl_rade"":13.1,""pl_radelim"":0,""pl_bmasse"":982.08977763,""pl_bmasselim"":0,""pl_bmassprov"":""Mass"",""pl_orbper"":1193.3,""pl_orbperlim"":0,""pl_orbsmax"":2.482,""pl_eqt"":411.78,""pl_eqtlim"":0,""disc_year"":2022,""discoverymethod"":""Radial Velocity"",""disc_refname"":""<a refstr=OTTONI_ET_AL__2022 href=https://ui.adsabs.harvard.edu/abs/2022A&A...657A..87O/abstract target=ref>Ottoni et al. 2022</a>"",""import_batch"":""astralys_nasa_confirmed_planets_20260918"",""discovery_status"":""confirmed"",""table"":""pscomppars"",""gaia_host_source_id"":""5544699390684005248"",""orbit_order"":1,""retrieved_at"":""2026-09-18T14:51:26.782Z"",""sky_position_kind"":""host_system_direction"",""visual_is_interpretation"":true,""best_mass_is_minimum"":false}"
planet,NASA_EXOPLANET_ARCHIVE,b Cen AB b,b Cen AB b,e49be175-16e0-4ee8-84ba-c045882e5821,b Cen A,220.4897992,-37.7936323,319.937836,,12.4,3464.3296363,1790000,,2021,Imaging,Janson et al. 2021,823360933,gas,2026-09-18T14:51:26.782Z,"{""pl_name"":""b Cen AB b"",""hostname"":""b Cen A"",""gaia_dr3_id"":""Gaia DR3 6105713692544123520"",""ra"":220.4897992,""dec"":-37.7936323,""sy_dist"":98.0935,""sy_gaiamag"":4.01093,""pl_rade"":12.4,""pl_radelim"":0,""pl_bmasse"":3464.3296363,""pl_bmasselim"":0,""pl_bmassprov"":""Mass"",""pl_orbper"":1790000,""pl_orbperlim"":0,""pl_orbsmax"":556,""pl_eqt"":null,""pl_eqtlim"":null,""disc_year"":2021,""discoverymethod"":""Imaging"",""disc_refname"":""<a refstr=JANSON_ET_AL__2021 href=https://ui.adsabs.harvard.edu/abs/2021Natur.600..231J/abstract target=ref>Janson et al. 2021</a>"",""import_batch"":""astralys_nasa_confirmed_planets_20260918"",""discovery_status"":""confirmed"",""table"":""pscomppars"",""gaia_host_source_id"":""6105713692544123520"",""orbit_order"":1,""retrieved_at"":""2026-09-18T14:51:26.782Z"",""sky_position_kind"":""host_system_direction"",""visual_is_interpretation"":true,""best_mass_is_minimum"":false}"
planet,NASA_EXOPLANET_ARCHIVE,ups Leo b,ups Leo b,d2004e47-7076-430b-be57-47d8c5584bda,ups Leo,174.2372188,-0.8235643,171.54925,,14.2,,385.2,719,2021,Radial Velocity,Teng et al. 2022,1390123104,gas,2026-09-18T14:51:26.782Z,"{""pl_name"":""ups Leo b"",""hostname"":""ups Leo"",""gaia_dr3_id"":""Gaia DR3 3794167001116704000"",""ra"":174.2372188,""dec"":-0.8235643,""sy_dist"":52.5973,""sy_gaiamag"":4.0304,""pl_rade"":14.2,""pl_radelim"":0,""pl_bmasse"":162.09248757,""pl_bmasselim"":0,""pl_bmassprov"":""Msini"",""pl_orbper"":385.2,""pl_orbperlim"":0,""pl_orbsmax"":1.18,""pl_eqt"":719.08,""pl_eqtlim"":0,""disc_year"":2021,""discoverymethod"":""Radial Velocity"",""disc_refname"":""<a refstr=TENG_ET_AL_2022 href=https://ui.adsabs.harvard.edu/abs/2022PASJ...74...92T/abstract target=ref>Teng et al. 2022</a>"",""import_batch"":""astralys_nasa_confirmed_planets_20260918"",""discovery_status"":""confirmed"",""table"":""pscomppars"",""gaia_host_source_id"":""3794167001116704000"",""orbit_order"":1,""retrieved_at"":""2026-09-18T14:51:26.782Z"",""sky_position_kind"":""host_system_direction"",""visual_is_interpretation"":true,""best_mass_is_minimum"":true}"
planet,NASA_EXOPLANET_ARCHIVE,gam Psc b,gam Psc b,9ad60dd4-5cb5-455f-9fe6-1c727a62921c,gam Psc,349.2946794,3.2823664,134.737327,,13.6,,555.1,666,2021,Radial Velocity,Teng et al. 2022,169172752,gas,2026-09-18T14:51:26.782Z,"{""pl_name"":""gam Psc b"",""hostname"":""gam Psc"",""gaia_dr3_id"":""Gaia DR3 2658974606111711488"",""ra"":349.2946794,""dec"":3.2823664,""sy_dist"":41.3107,""sy_gaiamag"":3.41425,""pl_rade"":13.6,""pl_radelim"":0,""pl_bmasse"":425.89006538,""pl_bmasselim"":0,""pl_bmassprov"":""Msini"",""pl_orbper"":555.1,""pl_orbperlim"":0,""pl_orbsmax"":1.32,""pl_eqt"":666.07,""pl_eqtlim"":0,""disc_year"":2021,""discoverymethod"":""Radial Velocity"",""disc_refname"":""<a refstr=TENG_ET_AL_2022 href=https://ui.adsabs.harvard.edu/abs/2022PASJ...74...92T/abstract target=ref>Teng et al. 2022</a>"",""import_batch"":""astralys_nasa_confirmed_planets_20260918"",""discovery_status"":""confirmed"",""table"":""pscomppars"",""gaia_host_source_id"":""2658974606111711488"",""orbit_order"":1,""retrieved_at"":""2026-09-18T14:51:26.782Z"",""sky_position_kind"":""host_system_direction"",""visual_is_interpretation"":true,""best_mass_is_minimum"":true}"
planet,NASA_EXOPLANET_ARCHIVE,iot Dra b,iot Dra b,3ae2e52a-17fc-4003-a25c-74d4aefcf284,iot Dra,231.2323227,58.9661403,102.179195,,12.4,,510.8544,619,2002,Radial Velocity, Frink et al. 2002 ,862716472,gas,2026-09-18T14:51:26.782Z,"{""pl_name"":""iot Dra b"",""hostname"":""iot Dra"",""gaia_dr3_id"":""Gaia DR3 1614731957531452544"",""ra"":231.2323227,""dec"":58.9661403,""sy_dist"":31.32832,""sy_gaiamag"":2.96828,""pl_rade"":12.4,""pl_radelim"":0,""pl_bmasse"":3756.73177074,""pl_bmasselim"":0,""pl_bmassprov"":""Msini"",""pl_orbper"":510.8544,""pl_orbperlim"":0,""pl_orbsmax"":1.453,""pl_eqt"":618.67,""pl_eqtlim"":0,""disc_year"":2002,""discoverymethod"":""Radial Velocity"",""disc_refname"":""<a refstr=FRINK_ET_AL__2002 href=https://ui.adsabs.harvard.edu/abs/2002ApJ...576..478F/abstract target=ref> Frink et al. 2002 </a>"",""import_batch"":""astralys_nasa_confirmed_planets_20260918"",""discovery_status"":""confirmed"",""table"":""pscomppars"",""gaia_host_source_id"":""1614731957531452544"",""orbit_order"":1,""retrieved_at"":""2026-09-18T14:51:26.782Z"",""sky_position_kind"":""host_system_direction"",""visual_is_interpretation"":true,""best_mass_is_minimum"":true}"
planet,NASA_EXOPLANET_ARCHIVE,iot Dra c,iot Dra c,3ae2e52a-17fc-4003-a25c-74d4aefcf284,iot Dra,231.2323227,58.9661403,102.179195,,12.2,,25000,169,2021,Radial Velocity,Hill et al. 2021,879494091,gas,2026-09-18T14:51:26.782Z,"{""pl_name"":""iot Dra c"",""hostname"":""iot Dra"",""gaia_dr3_id"":""Gaia DR3 1614731957531452544"",""ra"":231.2323227,""dec"":58.9661403,""sy_dist"":31.32832,""sy_gaiamag"":2.96828,""pl_rade"":12.2,""pl_radelim"":0,""pl_bmasse"":4958.1231492,""pl_bmasselim"":0,""pl_bmassprov"":""Msini"",""pl_orbper"":25000,""pl_orbperlim"":0,""pl_orbsmax"":19.4,""pl_eqt"":169.31,""pl_eqtlim"":0,""disc_year"":2021,""discoverymethod"":""Radial Velocity"",""disc_refname"":""<a refstr=HILL_ET_AL__2021 href=https://ui.adsabs.harvard.edu/abs/2021AJ....162..211H/abstract target=ref>Hill et al. 2021</a>"",""import_batch"":""astralys_nasa_confirmed_planets_20260918"",""discovery_status"":""confirmed"",""table"":""pscomppars"",""gaia_host_source_id"":""1614731957531452544"",""orbit_order"":2,""retrieved_at"":""2026-09-18T14:51:26.782Z"",""sky_position_kind"":""host_system_direction"",""visual_is_interpretation"":true,""best_mass_is_minimum"":true}"
planet,NASA_EXOPLANET_ARCHIVE,HD 160691 c,HD 160691 c,a3146744-59e1-4341-8725-aa23052389cb,HD 160691,266.0361585,-51.8348751,50.874139,,,,3947,157,2004,Radial Velocity, McCarthy et al. 2004 ,1391924785,ice,2026-09-18T14:51:26.782Z,"{""pl_name"":""HD 160691 c"",""hostname"":""HD 160691"",""gaia_dr3_id"":""Gaia DR3 5945941905576552064"",""ra"":266.0361585,""dec"":-51.8348751,""sy_dist"":15.5981,""sy_gaiamag"":4.94916,""pl_rade"":null,""pl_radelim"":null,""pl_bmasse"":1398.4449908,""pl_bmasselim"":1,""pl_bmassprov"":""Mass"",""pl_orbper"":3947,""pl_orbperlim"":0,""pl_orbsmax"":4.17,""pl_eqt"":157.21,""pl_eqtlim"":0,""disc_year"":2004,""discoverymethod"":""Radial Velocity"",""disc_refname"":""<a refstr=MCCARTHY_ET_AL__2004 href=https://ui.adsabs.harvard.edu/abs/2004ApJ...617..575M/abstract target=ref> McCarthy et al. 2004 </a>"",""import_batch"":""astralys_nasa_confirmed_planets_20260918"",""discovery_status"":""confirmed"",""table"":""pscomppars"",""gaia_host_source_id"":""5945941905576552064"",""orbit_order"":4,""retrieved_at"":""2026-09-18T14:51:26.782Z"",""sky_position_kind"":""host_system_direction"",""visual_is_interpretation"":true,""best_mass_is_minimum"":false}"
planet,NASA_EXOPLANET_ARCHIVE,HD 160691 d,HD 160691 d,a3146744-59e1-4341-8725-aa23052389cb,HD 160691,266.0361585,-51.8348751,50.874139,,3.23,,9.6392,900,2004,Radial Velocity, Santos et al. 2004 ,1408702404,lava,2026-09-18T14:51:26.782Z,"{""pl_name"":""HD 160691 d"",""hostname"":""HD 160691"",""gaia_dr3_id"":""Gaia DR3 5945941905576552064"",""ra"":266.0361585,""dec"":-51.8348751,""sy_dist"":15.5981,""sy_gaiamag"":4.94916,""pl_rade"":3.23,""pl_radelim"":0,""pl_bmasse"":10.49,""pl_bmasselim"":0,""pl_bmassprov"":""Msini"",""pl_orbper"":9.6392,""pl_orbperlim"":0,""pl_orbsmax"":0.0952,""pl_eqt"":900,""pl_eqtlim"":0,""disc_year"":2004,""discoverymethod"":""Radial Velocity"",""disc_refname"":""<a refstr=SANTOS_ET_AL__2004 href=https://ui.adsabs.harvard.edu/abs/2004A&A...426L..19S/abstract target=ref> Santos et al. 2004 </a>"",""import_batch"":""astralys_nasa_confirmed_planets_20260918"",""discovery_status"":""confirmed"",""table"":""pscomppars"",""gaia_host_source_id"":""5945941905576552064"",""orbit_order"":1,""retrieved_at"":""2026-09-18T14:51:26.782Z"",""sky_position_kind"":""host_system_direction"",""visual_is_interpretation"":true,""best_mass_is_minimum"":true}"
planet,NASA_EXOPLANET_ARCHIVE,HD 160691 e,HD 160691 e,a3146744-59e1-4341-8725-aa23052389cb,HD 160691,266.0361585,-51.8348751,50.874139,,,,307.9,328,2006,Radial Velocity, Pepe et al. 2007 ,1425480023,rocky,2026-09-18T14:51:26.782Z,"{""pl_name"":""HD 160691 e"",""hostname"":""HD 160691"",""gaia_dr3_id"":""Gaia DR3 5945941905576552064"",""ra"":266.0361585,""dec"":-51.8348751,""sy_dist"":15.5981,""sy_gaiamag"":4.94916,""pl_rade"":null,""pl_radelim"":null,""pl_bmasse"":2224.798849,""pl_bmasselim"":1,""pl_bmassprov"":""Mass"",""pl_orbper"":307.9,""pl_orbperlim"":0,""pl_orbsmax"":0.96,""pl_eqt"":327.66,""pl_eqtlim"":0,""disc_year"":2006,""discoverymethod"":""Radial Velocity"",""disc_refname"":""<a refstr=PEPE_ET_AL__2007 href=https://ui.adsabs.harvard.edu/abs/2007A&A...462..769P/abstract target=ref> Pepe et al. 2007 </a>"",""import_batch"":""astralys_nasa_confirmed_planets_20260918"",""discovery_status"":""confirmed"",""table"":""pscomppars"",""gaia_host_source_id"":""5945941905576552064"",""orbit_order"":2,""retrieved_at"":""2026-09-18T14:51:26.782Z"",""sky_position_kind"":""host_system_direction"",""visual_is_interpretation"":true,""best_mass_is_minimum"":false}"
planet,NASA_EXOPLANET_ARCHIVE,HIP 94235 b,HIP 94235 b,6fdb6663-8966-4760-b323-62649d94da79,HIP 94235,287.7411441,-60.2726358,190.848879,,3,,7.713057,1060,2022,Transit,Zhou et al. 2022,559012545,lava,2026-09-18T14:51:26.782Z,"{""pl_name"":""HIP 94235 b"",""hostname"":""HIP 94235"",""gaia_dr3_id"":""Gaia DR3 6632318361397624960"",""ra"":287.7411441,""dec"":-60.2726358,""sy_dist"":58.5146,""sy_gaiamag"":8.16034,""pl_rade"":3,""pl_radelim"":0,""pl_bmasse"":379,""pl_bmasselim"":1,""pl_bmassprov"":""Mass"",""pl_orbper"":7.713057,""pl_orbperlim"":0,""pl_orbsmax"":0.0787,""pl_eqt"":1060,""pl_eqtlim"":0,""disc_year"":2022,""discoverymethod"":""Transit"",""disc_refname"":""<a refstr=ZHOU_ET_AL_2022 href=https://ui.adsabs.harvard.edu/abs/2022AJ....163..289Z/abstract target=ref>Zhou et al. 2022</a>"",""import_batch"":""astralys_nasa_confirmed_planets_20260918"",""discovery_status"":""confirmed"",""table"":""pscomppars"",""gaia_host_source_id"":""6632318361397624960"",""orbit_order"":1,""retrieved_at"":""2026-09-18T14:51:26.782Z"",""sky_position_kind"":""host_system_direction"",""visual_is_interpretation"":true,""best_mass_is_minimum"":false}"
planet,NASA_EXOPLANET_ARCHIVE,HD 103891 b,HD 103891 b,6f65fe7b-a1fb-45c1-93dd-edee110610fb,HD 103891,179.4382907,-8.5486195,181.086051,,13.2,918.52409623,1919,241,2022,Radial Velocity,Sreenivas et al. 2022,1614201554,gas,2026-09-18T14:51:26.782Z,"{""pl_name"":""HD 103891 b"",""hostname"":""HD 103891"",""gaia_dr3_id"":""Gaia DR3 3594183153334105216"",""ra"":179.4382907,""dec"":-8.5486195,""sy_dist"":55.5213,""sy_gaiamag"":6.436,""pl_rade"":13.2,""pl_radelim"":0,""pl_bmasse"":918.52409623,""pl_bmasselim"":0,""pl_bmassprov"":""Mass"",""pl_orbper"":1919,""pl_orbperlim"":0,""pl_orbsmax"":3.27,""pl_eqt"":241.25,""pl_eqtlim"":0,""disc_year"":2022,""discoverymethod"":""Radial Velocity"",""disc_refname"":""<a refstr=SREENIVAS_ET_AL__2022 href=https://ui.adsabs.harvard.edu/abs/2022A&A...660A.124S/abstract target=ref>Sreenivas et al. 2022</a>"",""import_batch"":""astralys_nasa_confirmed_planets_20260918"",""discovery_status"":""confirmed"",""table"":""pscomppars"",""gaia_host_source_id"":""3594183153334105216"",""orbit_order"":1,""retrieved_at"":""2026-09-18T14:51:26.782Z"",""sky_position_kind"":""host_system_direction"",""visual_is_interpretation"":true,""best_mass_is_minimum"":false}"
planet,NASA_EXOPLANET_ARCHIVE,HD 105779 b,HD 105779 b,54c3a159-916f-4c11-bb75-584044eb6dc4,HD 105779,182.6612053,-16.9564908,180.172162,,14.1,,2412,147,2022,Radial Velocity,Sreenivas et al. 2022,1201913377,gas,2026-09-18T14:51:26.782Z,"{""pl_name"":""HD 105779 b"",""hostname"":""HD 105779"",""gaia_dr3_id"":""Gaia DR3 3567602184853029760"",""ra"":182.6612053,""dec"":-16.9564908,""sy_dist"":55.2411,""sy_gaiamag"":8.49018,""pl_rade"":14.1,""pl_radelim"":0,""pl_bmasse"":203.41018048,""pl_bmasselim"":0,""pl_bmassprov"":""Msini"",""pl_orbper"":2412,""pl_orbperlim"":0,""pl_orbsmax"":3.38,""pl_eqt"":147.29,""pl_eqtlim"":0,""disc_year"":2022,""discoverymethod"":""Radial Velocity"",""disc_refname"":""<a refstr=SREENIVAS_ET_AL__2022 href=https://ui.adsabs.harvard.edu/abs/2022A&A...660A.124S/abstract target=ref>Sreenivas et al. 2022</a>"",""import_batch"":""astralys_nasa_confirmed_planets_20260918"",""discovery_status"":""confirmed"",""table"":""pscomppars"",""gaia_host_source_id"":""3567602184853029760"",""orbit_order"":1,""retrieved_at"":""2026-09-18T14:51:26.782Z"",""sky_position_kind"":""host_system_direction"",""visual_is_interpretation"":true,""best_mass_is_minimum"":true}"
planet,NASA_EXOPLANET_ARCHIVE,HD 171238 b,HD 171238 b,76f7646d-92e5-4fa8-8e61-dd024c0a5377,HD 171238,278.6818389,-28.0727849,146.154744,,12.5,2796.8899816,1515,167,2009,Radial Velocity, S&eacute;gransan et al. 2010 ,602195829,gas,2026-09-18T14:51:26.782Z,"{""pl_name"":""HD 171238 b"",""hostname"":""HD 171238"",""gaia_dr3_id"":""Gaia DR3 4048636941542753152"",""ra"":278.6818389,""dec"":-28.0727849,""sy_dist"":44.8113,""sy_gaiamag"":8.41099,""pl_rade"":12.5,""pl_radelim"":0,""pl_bmasse"":2796.8899816,""pl_bmasselim"":0,""pl_bmassprov"":""Mass"",""pl_orbper"":1515,""pl_orbperlim"":0,""pl_orbsmax"":2.518,""pl_eqt"":166.96,""pl_eqtlim"":0,""disc_year"":2009,""discoverymethod"":""Radial Velocity"",""disc_refname"":""<a refstr=SEGRANSAN_ET_AL__2010 href=https://ui.adsabs.harvard.edu/abs/2010A%26A...511A..45S/abstract target=ref> S&eacute;gransan et al. 2010 </a>"",""import_batch"":""astralys_nasa_confirmed_planets_20260918"",""discovery_status"":""confirmed"",""table"":""pscomppars"",""gaia_host_source_id"":""4048636941542753152"",""orbit_order"":1,""retrieved_at"":""2026-09-18T14:51:26.782Z"",""sky_position_kind"":""host_system_direction"",""visual_is_interpretation"":true,""best_mass_is_minimum"":false}"
planet,NASA_EXOPLANET_ARCHIVE,HD 87883 b,HD 87883 b,963ec9a1-015c-41cf-8f98-09bec84adf35,HD 87883,152.1794175,34.2419984,59.657846,,12.7,2005.49724817,3006,111,2009,Radial Velocity, Fischer et al. 2009 ,1934722473,gas,2026-09-18T14:51:26.782Z,"{""pl_name"":""HD 87883 b"",""hostname"":""HD 87883"",""gaia_dr3_id"":""Gaia DR3 747266452000257280"",""ra"":152.1794175,""dec"":34.2419984,""sy_dist"":18.2912,""sy_gaiamag"":7.27194,""pl_rade"":12.7,""pl_radelim"":0,""pl_bmasse"":2005.49724817,""pl_bmasselim"":0,""pl_bmassprov"":""Mass"",""pl_orbper"":3006,""pl_orbperlim"":0,""pl_orbsmax"":3.77,""pl_eqt"":110.52,""pl_eqtlim"":0,""disc_year"":2009,""discoverymethod"":""Radial Velocity"",""disc_refname"":""<a refstr=FISCHER_ET_AL__2009 href=https://ui.adsabs.harvard.edu/abs/2009ApJ...703.1545F/abstract target=ref> Fischer et al. 2009 </a>"",""import_batch"":""astralys_nasa_confirmed_planets_20260918"",""discovery_status"":""confirmed"",""table"":""pscomppars"",""gaia_host_source_id"":""747266452000257280"",""orbit_order"":1,""retrieved_at"":""2026-09-18T14:51:26.782Z"",""sky_position_kind"":""host_system_direction"",""visual_is_interpretation"":true,""best_mass_is_minimum"":false}"
planet,NASA_EXOPLANET_ARCHIVE,HD 140901 b,HD 140901 b,fd4f0fbd-e63a-4679-942c-cdcb04dc5d10,HD 140901,236.8689866,-37.9172333,49.747922,,4.07,,9.02378,904,2022,Radial Velocity,Feng et al. 2022,794984857,gas,2026-09-18T14:51:26.782Z,"{""pl_name"":""HD 140901 b"",""hostname"":""HD 140901"",""gaia_dr3_id"":""Gaia DR3 6009538585839374336"",""ra"":236.8689866,""dec"":-37.9172333,""sy_dist"":15.2528,""sy_gaiamag"":5.83135,""pl_rade"":4.07,""pl_radelim"":0,""pl_bmasse"":15.57359194,""pl_bmasselim"":0,""pl_bmassprov"":""Msini"",""pl_orbper"":9.02378,""pl_orbperlim"":0,""pl_orbsmax"":0.085,""pl_eqt"":904.37,""pl_eqtlim"":0,""disc_year"":2022,""discoverymethod"":""Radial Velocity"",""disc_refname"":""<a refstr=FENG_ET_AL__2022 href=https://ui.adsabs.harvard.edu/abs/2022ApJS..262...21F/abstract target=ref>Feng et al. 2022</a>"",""import_batch"":""astralys_nasa_confirmed_planets_20260918"",""discovery_status"":""confirmed"",""table"":""pscomppars"",""gaia_host_source_id"":""6009538585839374336"",""orbit_order"":1,""retrieved_at"":""2026-09-18T14:51:26.782Z"",""sky_position_kind"":""host_system_direction"",""visual_is_interpretation"":true,""best_mass_is_minimum"":true}"
planet,NASA_EXOPLANET_ARCHIVE,HD 113337 b,HD 113337 b,e450e3a3-d007-4722-ae39-7c1e36ddb5ac,HD 113337,195.4438496,63.610328,118.003241,,13.1,,317.58639,396,2013,Radial Velocity, Borgniet et al. 2014 ,445264976,gas,2026-09-18T14:51:26.782Z,"{""pl_name"":""HD 113337 b"",""hostname"":""HD 113337"",""gaia_dr3_id"":""Gaia DR3 1676282377934772608"",""ra"":195.4438496,""dec"":63.610328,""sy_dist"":36.18,""sy_gaiamag"":5.91168,""pl_rade"":13.1,""pl_radelim"":0,""pl_bmasse"":1035.80277841,""pl_bmasselim"":0,""pl_bmassprov"":""Msini"",""pl_orbper"":317.58639,""pl_orbperlim"":0,""pl_orbsmax"":1.022,""pl_eqt"":395.73,""pl_eqtlim"":0,""disc_year"":2013,""discoverymethod"":""Radial Velocity"",""disc_refname"":""<a refstr=BORGNIET_ET_AL__2014 href=https://ui.adsabs.harvard.edu/abs/2014A%26A...561A..65B/abstract target=ref> Borgniet et al. 2014 </a>"",""import_batch"":""astralys_nasa_confirmed_planets_20260918"",""discovery_status"":""confirmed"",""table"":""pscomppars"",""gaia_host_source_id"":""1676282377934772608"",""orbit_order"":1,""retrieved_at"":""2026-09-18T14:51:26.782Z"",""sky_position_kind"":""host_system_direction"",""visual_is_interpretation"":true,""best_mass_is_minimum"":true}"
planet,NASA_EXOPLANET_ARCHIVE,HD 142 A d,HD 142 A d,18d97134-2baa-4bee-a4f4-3091b3277117,HD 142,1.5836771,-49.0753625,85.404927,,10.9,,108.45299,530,2022,Radial Velocity,Feng et al. 2022,1073012243,gas,2026-09-18T14:51:26.782Z,"{""pl_name"":""HD 142 A d"",""hostname"":""HD 142"",""gaia_dr3_id"":""Gaia DR3 4976894960284258048"",""ra"":1.5836771,""dec"":-49.0753625,""sy_dist"":26.1853,""sy_gaiamag"":5.58442,""pl_rade"":10.9,""pl_radelim"":0,""pl_bmasse"":82.63538582,""pl_bmasselim"":0,""pl_bmassprov"":""Msini"",""pl_orbper"":108.45299,""pl_orbperlim"":0,""pl_orbsmax"":0.474,""pl_eqt"":530.32,""pl_eqtlim"":0,""disc_year"":2022,""discoverymethod"":""Radial Velocity"",""disc_refname"":""<a refstr=FENG_ET_AL__2022 href=https://ui.adsabs.harvard.edu/abs/2022ApJS..262...21F/abstract target=ref>Feng et al. 2022</a>"",""import_batch"":""astralys_nasa_confirmed_planets_20260918"",""discovery_status"":""confirmed"",""table"":""pscomppars"",""gaia_host_source_id"":""4976894960284258048"",""orbit_order"":1,""retrieved_at"":""2026-09-18T14:51:26.782Z"",""sky_position_kind"":""host_system_direction"",""visual_is_interpretation"":true,""best_mass_is_minimum"":true}"
planet,NASA_EXOPLANET_ARCHIVE,HD 149806 b,HD 149806 b,f2c55218-1add-4544-a11b-0f7b7291e663,HD 149806,249.2855187,0.2546794,66.120627,,12.3,4003.68444298,16521.52778,69,2022,Radial Velocity,Feng et al. 2022,1940166508,gas,2026-09-18T14:51:26.782Z,"{""pl_name"":""HD 149806 b"",""hostname"":""HD 149806"",""gaia_dr3_id"":""Gaia DR3 4383374219923745024"",""ra"":249.2855187,""dec"":0.2546794,""sy_dist"":20.2727,""sy_gaiamag"":6.86807,""pl_rade"":12.3,""pl_radelim"":0,""pl_bmasse"":4003.68444298,""pl_bmasselim"":0,""pl_bmassprov"":""Mass"",""pl_orbper"":16521.52778,""pl_orbperlim"":0,""pl_orbsmax"":12.404,""pl_eqt"":69.13,""pl_eqtlim"":0,""disc_year"":2022,""discoverymethod"":""Radial Velocity"",""disc_refname"":""<a refstr=FENG_ET_AL__2022 href=https://ui.adsabs.harvard.edu/abs/2022ApJS..262...21F/abstract target=ref>Feng et al. 2022</a>"",""import_batch"":""astralys_nasa_confirmed_planets_20260918"",""discovery_status"":""confirmed"",""table"":""pscomppars"",""gaia_host_source_id"":""4383374219923745024"",""orbit_order"":1,""retrieved_at"":""2026-09-18T14:51:26.782Z"",""sky_position_kind"":""host_system_direction"",""visual_is_interpretation"":true,""best_mass_is_minimum"":false}"
planet,NASA_EXOPLANET_ARCHIVE,HD 115404 A b,HD 115404 A b,a2bf58ae-9ad3-4a33-b94e-a735c49d90a2,HD 115404 A,199.2155793,17.0160384,35.817147,,6.09,,10.49488,696,2022,Radial Velocity,Feng et al. 2022,1093911161,gas,2026-09-18T14:51:26.782Z,"{""pl_name"":""HD 115404 A b"",""hostname"":""HD 115404 A"",""gaia_dr3_id"":""Gaia DR3 3936909723803146368"",""ra"":199.2155793,""dec"":17.0160384,""sy_dist"":10.9816,""sy_gaiamag"":6.28558,""pl_rade"":6.09,""pl_radelim"":0,""pl_bmasse"":30.82935548,""pl_bmasselim"":0,""pl_bmassprov"":""Msini"",""pl_orbper"":10.49488,""pl_orbperlim"":0,""pl_orbsmax"":0.088,""pl_eqt"":695.65,""pl_eqtlim"":0,""disc_year"":2022,""discoverymethod"":""Radial Velocity"",""disc_refname"":""<a refstr=FENG_ET_AL__2022 href=https://ui.adsabs.harvard.edu/abs/2022ApJS..262...21F/abstract target=ref>Feng et al. 2022</a>"",""import_batch"":""astralys_nasa_confirmed_planets_20260918"",""discovery_status"":""confirmed"",""table"":""pscomppars"",""gaia_host_source_id"":""3936909723803146368"",""orbit_order"":1,""retrieved_at"":""2026-09-18T14:51:26.782Z"",""sky_position_kind"":""host_system_direction"",""visual_is_interpretation"":true,""best_mass_is_minimum"":true}"
planet,NASA_EXOPLANET_ARCHIVE,HD 191806 b,HD 191806 b,317e5a9e-e8ce-4a8f-a0b0-f2f5da11c86d,HD 191806,302.368758,52.2767265,214.176208,,12.5,2966.61035094,1603.38923,207,2016,Radial Velocity,D&iacute;az et al. 2016,739921377,gas,2026-09-18T14:51:26.782Z,"{""pl_name"":""HD 191806 b"",""hostname"":""HD 191806"",""gaia_dr3_id"":""Gaia DR3 2088526979830768512"",""ra"":302.368758,""dec"":52.2767265,""sy_dist"":65.6668,""sy_gaiamag"":7.93339,""pl_rade"":12.5,""pl_radelim"":0,""pl_bmasse"":2966.61035094,""pl_bmasselim"":0,""pl_bmassprov"":""Mass"",""pl_orbper"":1603.38923,""pl_orbperlim"":0,""pl_orbsmax"":2.749,""pl_eqt"":206.98,""pl_eqtlim"":0,""disc_year"":2016,""discoverymethod"":""Radial Velocity"",""disc_refname"":""<a refstr=D_IACUTE_AZ_ET_AL__2016 href=https://ui.adsabs.harvard.edu/abs/2016A&A...591A.146D/abstract target=ref>D&iacute;az et al. 2016</a>"",""import_batch"":""astralys_nasa_confirmed_planets_20260918"",""discovery_status"":""confirmed"",""table"":""pscomppars"",""gaia_host_source_id"":""2088526979830768512"",""orbit_order"":1,""retrieved_at"":""2026-09-18T14:51:26.782Z"",""sky_position_kind"":""host_system_direction"",""visual_is_interpretation"":true,""best_mass_is_minimum"":false}"
planet,NASA_EXOPLANET_ARCHIVE,HD 153557 c,HD 153557 c,d5bdae2f-3ebf-4115-bf68-84a042ef78b2,HD 153557,254.4706516,47.3678558,58.5163,,4.36,,15.27018,604,2022,Radial Velocity,Feng et al. 2022,347267385,gas,2026-09-18T14:51:26.782Z,"{""pl_name"":""HD 153557 c"",""hostname"":""HD 153557"",""gaia_dr3_id"":""Gaia DR3 1408029509584967168"",""ra"":254.4706516,""dec"":47.3678558,""sy_dist"":17.9412,""sy_gaiamag"":7.50548,""pl_rade"":4.36,""pl_radelim"":0,""pl_bmasse"":17.48056238,""pl_bmasselim"":0,""pl_bmassprov"":""Msini"",""pl_orbper"":15.27018,""pl_orbperlim"":0,""pl_orbsmax"":0.111,""pl_eqt"":604.33,""pl_eqtlim"":0,""disc_year"":2022,""discoverymethod"":""Radial Velocity"",""disc_refname"":""<a refstr=FENG_ET_AL__2022 href=https://ui.adsabs.harvard.edu/abs/2022ApJS..262...21F/abstract target=ref>Feng et al. 2022</a>"",""import_batch"":""astralys_nasa_confirmed_planets_20260918"",""discovery_status"":""confirmed"",""table"":""pscomppars"",""gaia_host_source_id"":""1408029509584967168"",""orbit_order"":2,""retrieved_at"":""2026-09-18T14:51:26.782Z"",""sky_position_kind"":""host_system_direction"",""visual_is_interpretation"":true,""best_mass_is_minimum"":true}"
planet,NASA_EXOPLANET_ARCHIVE,HD 153557 d,HD 153557 d,d5bdae2f-3ebf-4115-bf68-84a042ef78b2,HD 153557,254.4706516,47.3678558,58.5163,,11.9,8725.66108578,40654.64809,43,2022,Radial Velocity,Feng et al. 2022,464710718,gas,2026-09-18T14:51:26.782Z,"{""pl_name"":""HD 153557 d"",""hostname"":""HD 153557"",""gaia_dr3_id"":""Gaia DR3 1408029509584967168"",""ra"":254.4706516,""dec"":47.3678558,""sy_dist"":17.9412,""sy_gaiamag"":7.50548,""pl_rade"":11.9,""pl_radelim"":0,""pl_bmasse"":8725.66108578,""pl_bmasselim"":0,""pl_bmassprov"":""Mass"",""pl_orbper"":40654.64809,""pl_orbperlim"":0,""pl_orbsmax"":21.449,""pl_eqt"":43.47,""pl_eqtlim"":0,""disc_year"":2022,""discoverymethod"":""Radial Velocity"",""disc_refname"":""<a refstr=FENG_ET_AL__2022 href=https://ui.adsabs.harvard.edu/abs/2022ApJS..262...21F/abstract target=ref>Feng et al. 2022</a>"",""import_batch"":""astralys_nasa_confirmed_planets_20260918"",""discovery_status"":""confirmed"",""table"":""pscomppars"",""gaia_host_source_id"":""1408029509584967168"",""orbit_order"":3,""retrieved_at"":""2026-09-18T14:51:26.782Z"",""sky_position_kind"":""host_system_direction"",""visual_is_interpretation"":true,""best_mass_is_minimum"":false}"
planet,NASA_EXOPLANET_ARCHIVE,HD 12235 c,HD 12235 c,462689a6-eb61-443b-b057-4cd9fd45187f,HD 12235,30.0391601,3.0959098,103.595952,,12.5,3135.69506346,36336.70679,82,2022,Radial Velocity,Feng et al. 2022,712525456,gas,2026-09-18T14:51:26.782Z,"{""pl_name"":""HD 12235 c"",""hostname"":""HD 12235"",""gaia_dr3_id"":""Gaia DR3 2511794495013074048"",""ra"":30.0391601,""dec"":3.0959098,""sy_dist"":31.7627,""sy_gaiamag"":5.74089,""pl_rade"":12.5,""pl_radelim"":0,""pl_bmasse"":3135.69506346,""pl_bmasselim"":0,""pl_bmassprov"":""Mass"",""pl_orbper"":36336.70679,""pl_orbperlim"":0,""pl_orbsmax"":22.21,""pl_eqt"":82.22,""pl_eqtlim"":0,""disc_year"":2022,""discoverymethod"":""Radial Velocity"",""disc_refname"":""<a refstr=FENG_ET_AL__2022 href=https://ui.adsabs.harvard.edu/abs/2022ApJS..262...21F/abstract target=ref>Feng et al. 2022</a>"",""import_batch"":""astralys_nasa_confirmed_planets_20260918"",""discovery_status"":""confirmed"",""table"":""pscomppars"",""gaia_host_source_id"":""2511794495013074048"",""orbit_order"":2,""retrieved_at"":""2026-09-18T14:51:26.782Z"",""sky_position_kind"":""host_system_direction"",""visual_is_interpretation"":true,""best_mass_is_minimum"":false}"
planet,NASA_EXOPLANET_ARCHIVE,HD 219828 c,HD 219828 c,96c3afb2-e5d0-4976-85bb-e08bfa5811f2,HD 219828,349.6947029,18.6457524,238.465698,,12.2,5102.41724598,4789.87297,149,2016,Radial Velocity,Santos et al. 2016,1924398981,gas,2026-09-18T14:51:26.782Z,"{""pl_name"":""HD 219828 c"",""hostname"":""HD 219828"",""gaia_dr3_id"":""Gaia DR3 2824958015312906240"",""ra"":349.6947029,""dec"":18.6457524,""sy_dist"":73.114,""sy_gaiamag"":7.88338,""pl_rade"":12.2,""pl_radelim"":0,""pl_bmasse"":5102.41724598,""pl_bmasselim"":0,""pl_bmassprov"":""Mass"",""pl_orbper"":4789.87297,""pl_orbperlim"":0,""pl_orbsmax"":5.657,""pl_eqt"":149.17,""pl_eqtlim"":0,""disc_year"":2016,""discoverymethod"":""Radial Velocity"",""disc_refname"":""<a refstr=SANTOS_ET_AL__2016 href=https://ui.adsabs.harvard.edu/abs/2016A&A...592A..13S/abstract target=ref>Santos et al. 2016</a>"",""import_batch"":""astralys_nasa_confirmed_planets_20260918"",""discovery_status"":""confirmed"",""table"":""pscomppars"",""gaia_host_source_id"":""2824958015312906240"",""orbit_order"":2,""retrieved_at"":""2026-09-18T14:51:26.782Z"",""sky_position_kind"":""host_system_direction"",""visual_is_interpretation"":true,""best_mass_is_minimum"":false}"
planet,NASA_EXOPLANET_ARCHIVE,HD 72892 b,HD 72892 b,4ccb26a3-3bcd-46c6-a72f-46a18ead45ee,HD 72892,128.7195554,-14.4574311,227.432167,,12.8,,39.44603,634,2016,Radial Velocity,Jenkins et al. 2017,1209046327,gas,2026-09-18T14:51:26.782Z,"{""pl_name"":""HD 72892 b"",""hostname"":""HD 72892"",""gaia_dr3_id"":""Gaia DR3 5722585739105853184"",""ra"":128.7195554,""dec"":-14.4574311,""sy_dist"":69.7311,""sy_gaiamag"":8.6469,""pl_rade"":12.8,""pl_radelim"":0,""pl_bmasse"":1737.88572948,""pl_bmasselim"":0,""pl_bmassprov"":""Msini"",""pl_orbper"":39.44603,""pl_orbperlim"":0,""pl_orbsmax"":0.228,""pl_eqt"":634.46,""pl_eqtlim"":0,""disc_year"":2016,""discoverymethod"":""Radial Velocity"",""disc_refname"":""<a refstr=JENKINS_ET_AL__2017 href=https://ui.adsabs.harvard.edu/abs/2017MNRAS.466..443J/abstract target=ref>Jenkins et al. 2017</a>"",""import_batch"":""astralys_nasa_confirmed_planets_20260918"",""discovery_status"":""confirmed"",""table"":""pscomppars"",""gaia_host_source_id"":""5722585739105853184"",""orbit_order"":1,""retrieved_at"":""2026-09-18T14:51:26.782Z"",""sky_position_kind"":""host_system_direction"",""visual_is_interpretation"":true,""best_mass_is_minimum"":true}"
planet,NASA_EXOPLANET_ARCHIVE,HD 155918 b,HD 155918 b,c337a427-06cc-42dd-8e3c-0fd83d6f1637,HD 155918,260.5364025,-75.349239,89.891855,,2.67,,1.87567,1622,2022,Radial Velocity,Feng et al. 2022,390218593,lava,2026-09-18T14:51:26.782Z,"{""pl_name"":""HD 155918 b"",""hostname"":""HD 155918"",""gaia_dr3_id"":""Gaia DR3 5801950515627094400"",""ra"":260.5364025,""dec"":-75.349239,""sy_dist"":27.561,""sy_gaiamag"":6.8406,""pl_rade"":2.67,""pl_radelim"":0,""pl_bmasse"":7.62788177,""pl_bmasselim"":0,""pl_bmassprov"":""Msini"",""pl_orbper"":1.87567,""pl_orbperlim"":0,""pl_orbsmax"":0.03,""pl_eqt"":1622.13,""pl_eqtlim"":0,""disc_year"":2022,""discoverymethod"":""Radial Velocity"",""disc_refname"":""<a refstr=FENG_ET_AL__2022 href=https://ui.adsabs.harvard.edu/abs/2022ApJS..262...21F/abstract target=ref>Feng et al. 2022</a>"",""import_batch"":""astralys_nasa_confirmed_planets_20260918"",""discovery_status"":""confirmed"",""table"":""pscomppars"",""gaia_host_source_id"":""5801950515627094400"",""orbit_order"":1,""retrieved_at"":""2026-09-18T14:51:26.782Z"",""sky_position_kind"":""host_system_direction"",""visual_is_interpretation"":true,""best_mass_is_minimum"":true}"
planet,NASA_EXOPLANET_ARCHIVE,HD 111232 b,HD 111232 b,a32cf42b-c0eb-49d2-977b-f11367176aa9,HD 111232,192.2159553,-68.4246679,94.445319,,12.6,2531.50326176,1169.13202,172,2003,Radial Velocity, Mayor et al. 2004 ,1032134321,gas,2026-09-18T14:51:26.782Z,"{""pl_name"":""HD 111232 b"",""hostname"":""HD 111232"",""gaia_dr3_id"":""Gaia DR3 5855730584310531200"",""ra"":192.2159553,""dec"":-68.4246679,""sy_dist"":28.9571,""sy_gaiamag"":7.40535,""pl_rade"":12.6,""pl_radelim"":0,""pl_bmasse"":2531.50326176,""pl_bmasselim"":0,""pl_bmassprov"":""Mass"",""pl_orbper"":1169.13202,""pl_orbperlim"":0,""pl_orbsmax"":2.148,""pl_eqt"":172.05,""pl_eqtlim"":0,""disc_year"":2003,""discoverymethod"":""Radial Velocity"",""disc_refname"":""<a refstr=MAYOR_ET_AL__2004 href=https://ui.adsabs.harvard.edu/abs/2004A&A...415..391M/abstract target=ref> Mayor et al. 2004 </a>"",""import_batch"":""astralys_nasa_confirmed_planets_20260918"",""discovery_status"":""confirmed"",""table"":""pscomppars"",""gaia_host_source_id"":""5855730584310531200"",""orbit_order"":1,""retrieved_at"":""2026-09-18T14:51:26.782Z"",""sky_position_kind"":""host_system_direction"",""visual_is_interpretation"":true,""best_mass_is_minimum"":false}"
planet,NASA_EXOPLANET_ARCHIVE,HD 10697 b,HD 10697 b,19948d17-3c7d-4f1d-9bd0-95d2443691b5,HD 10697,26.2324076,20.0826974,108.024498,,12.8,1825.2885414,1075.3799,259,1999,Radial Velocity, Vogt et al. 2000 ,706483766,gas,2026-09-18T14:51:26.782Z,"{""pl_name"":""HD 10697 b"",""hostname"":""HD 10697"",""gaia_dr3_id"":""Gaia DR3 95652018353917056"",""ra"":26.2324076,""dec"":20.0826974,""sy_dist"":33.1205,""sy_gaiamag"":6.10286,""pl_rade"":12.8,""pl_radelim"":0,""pl_bmasse"":1825.2885414,""pl_bmasselim"":0,""pl_bmassprov"":""Mass"",""pl_orbper"":1075.3799,""pl_orbperlim"":0,""pl_orbsmax"":2.051,""pl_eqt"":259.25,""pl_eqtlim"":0,""disc_year"":1999,""discoverymethod"":""Radial Velocity"",""disc_refname"":""<a refstr=VOGT_ET_AL__2000 href=https://ui.adsabs.harvard.edu/abs/2000ApJ...536..902V/abstract target=ref> Vogt et al. 2000 </a>"",""import_batch"":""astralys_nasa_confirmed_planets_20260918"",""discovery_status"":""confirmed"",""table"":""pscomppars"",""gaia_host_source_id"":""95652018353917056"",""orbit_order"":1,""retrieved_at"":""2026-09-18T14:51:26.782Z"",""sky_position_kind"":""host_system_direction"",""visual_is_interpretation"":true,""best_mass_is_minimum"":false}"
planet,NASA_EXOPLANET_ARCHIVE,HD 125612 b,HD 125612 b,286a5d96-12fb-47e2-9a6e-5805f56c375b,HD 125612,215.2227183,-17.4818147,187.93337,,13.2,,557.69994,253,2007,Radial Velocity, Fischer et al. 2007 ,669972046,gas,2026-09-18T14:51:26.782Z,"{""pl_name"":""HD 125612 b"",""hostname"":""HD 125612"",""gaia_dr3_id"":""Gaia DR3 6296703260330865536"",""ra"":215.2227183,""dec"":-17.4818147,""sy_dist"":57.6207,""sy_gaiamag"":8.1559,""pl_rade"":13.2,""pl_radelim"":0,""pl_bmasse"":945.22168242,""pl_bmasselim"":0,""pl_bmassprov"":""Msini"",""pl_orbper"":557.69994,""pl_orbperlim"":0,""pl_orbsmax"":1.349,""pl_eqt"":253.38,""pl_eqtlim"":0,""disc_year"":2007,""discoverymethod"":""Radial Velocity"",""disc_refname"":""<a refstr=FISCHER_ET_AL__2007 href=https://ui.adsabs.harvard.edu/abs/2007ApJ...669.1336F/abstract target=ref> Fischer et al. 2007 </a>"",""import_batch"":""astralys_nasa_confirmed_planets_20260918"",""discovery_status"":""confirmed"",""table"":""pscomppars"",""gaia_host_source_id"":""6296703260330865536"",""orbit_order"":2,""retrieved_at"":""2026-09-18T14:51:26.782Z"",""sky_position_kind"":""host_system_direction"",""visual_is_interpretation"":true,""best_mass_is_minimum"":true}"
planet,NASA_EXOPLANET_ARCHIVE,HD 156098 c,HD 156098 c,070ea4fc-3ca3-47cf-a734-e7d5d039b109,HD 156098,259.264687,-32.6630768,157.367008,,12.8,1661.6069118,7841.5839,177,2022,Radial Velocity,Feng et al. 2022,1169606844,gas,2026-09-18T14:51:26.782Z,"{""pl_name"":""HD 156098 c"",""hostname"":""HD 156098"",""gaia_dr3_id"":""Gaia DR3 5979460655025099776"",""ra"":259.264687,""dec"":-32.6630768,""sy_dist"":48.249,""sy_gaiamag"":5.41159,""pl_rade"":12.8,""pl_radelim"":0,""pl_bmasse"":1661.6069118,""pl_bmasselim"":0,""pl_bmassprov"":""Mass"",""pl_orbper"":7841.5839,""pl_orbperlim"":0,""pl_orbsmax"":8.415,""pl_eqt"":177.18,""pl_eqtlim"":0,""disc_year"":2022,""discoverymethod"":""Radial Velocity"",""disc_refname"":""<a refstr=FENG_ET_AL__2022 href=https://ui.adsabs.harvard.edu/abs/2022ApJS..262...21F/abstract target=ref>Feng et al. 2022</a>"",""import_batch"":""astralys_nasa_confirmed_planets_20260918"",""discovery_status"":""confirmed"",""table"":""pscomppars"",""gaia_host_source_id"":""5979460655025099776"",""orbit_order"":2,""retrieved_at"":""2026-09-18T14:51:26.782Z"",""sky_position_kind"":""host_system_direction"",""visual_is_interpretation"":true,""best_mass_is_minimum"":false}"
planet,NASA_EXOPLANET_ARCHIVE,HD 156098 b,HD 156098 b,070ea4fc-3ca3-47cf-a734-e7d5d039b109,HD 156098,259.264687,-32.6630768,157.367008,,4.12,,21.85849,1258,2022,Radial Velocity,Feng et al. 2022,1152829225,gas,2026-09-18T14:51:26.782Z,"{""pl_name"":""HD 156098 b"",""hostname"":""HD 156098"",""gaia_dr3_id"":""Gaia DR3 5979460655025099776"",""ra"":259.264687,""dec"":-32.6630768,""sy_dist"":48.249,""sy_gaiamag"":5.41159,""pl_rade"":4.12,""pl_radelim"":0,""pl_bmasse"":15.89142035,""pl_bmasselim"":0,""pl_bmassprov"":""Msini"",""pl_orbper"":21.85849,""pl_orbperlim"":0,""pl_orbsmax"":0.167,""pl_eqt"":1257.73,""pl_eqtlim"":0,""disc_year"":2022,""discoverymethod"":""Radial Velocity"",""disc_refname"":""<a refstr=FENG_ET_AL__2022 href=https://ui.adsabs.harvard.edu/abs/2022ApJS..262...21F/abstract target=ref>Feng et al. 2022</a>"",""import_batch"":""astralys_nasa_confirmed_planets_20260918"",""discovery_status"":""confirmed"",""table"":""pscomppars"",""gaia_host_source_id"":""5979460655025099776"",""orbit_order"":1,""retrieved_at"":""2026-09-18T14:51:26.782Z"",""sky_position_kind"":""host_system_direction"",""visual_is_interpretation"":true,""best_mass_is_minimum"":true}"
planet,NASA_EXOPLANET_ARCHIVE,HD 203387 c,HD 203387 c,204927b3-dd8c-45c7-8ed2-c4435c860fbf,HD 203387,320.561782,-16.8345229,201.393828,,12.6,2378.9456264,2481.07227,361,2022,Radial Velocity,Feng et al. 2022,1457982340,gas,2026-09-18T14:51:26.782Z,"{""pl_name"":""HD 203387 c"",""hostname"":""HD 203387"",""gaia_dr3_id"":""Gaia DR3 6835905927256722688"",""ra"":320.561782,""dec"":-16.8345229,""sy_dist"":61.7477,""sy_gaiamag"":4.05534,""pl_rade"":12.6,""pl_radelim"":0,""pl_bmasse"":2378.9456264,""pl_bmasselim"":0,""pl_bmassprov"":""Mass"",""pl_orbper"":2481.07227,""pl_orbperlim"":0,""pl_orbsmax"":5.067,""pl_eqt"":360.63,""pl_eqtlim"":0,""disc_year"":2022,""discoverymethod"":""Radial Velocity"",""disc_refname"":""<a refstr=FENG_ET_AL__2022 href=https://ui.adsabs.harvard.edu/abs/2022ApJS..262...21F/abstract target=ref>Feng et al. 2022</a>"",""import_batch"":""astralys_nasa_confirmed_planets_20260918"",""discovery_status"":""confirmed"",""table"":""pscomppars"",""gaia_host_source_id"":""6835905927256722688"",""orbit_order"":2,""retrieved_at"":""2026-09-18T14:51:26.782Z"",""sky_position_kind"":""host_system_direction"",""visual_is_interpretation"":true,""best_mass_is_minimum"":false}"
planet,NASA_EXOPLANET_ARCHIVE,HD 125612 c,HD 125612 c,286a5d96-12fb-47e2-9a6e-5805f56c375b,HD 125612,215.2227183,-17.4818147,187.93337,,4.07,,4.15466,1303,2009,Radial Velocity, Lo Curto et al. 2010 ,686749665,gas,2026-09-18T14:51:26.782Z,"{""pl_name"":""HD 125612 c"",""hostname"":""HD 125612"",""gaia_dr3_id"":""Gaia DR3 6296703260330865536"",""ra"":215.2227183,""dec"":-17.4818147,""sy_dist"":57.6207,""sy_gaiamag"":8.1559,""pl_rade"":4.07,""pl_radelim"":0,""pl_bmasse"":15.57359194,""pl_bmasselim"":0,""pl_bmassprov"":""Msini"",""pl_orbper"":4.15466,""pl_orbperlim"":0,""pl_orbsmax"":0.051,""pl_eqt"":1303.14,""pl_eqtlim"":0,""disc_year"":2009,""discoverymethod"":""Radial Velocity"",""disc_refname"":""<a refstr=LO_CURTO_ET_AL__2010 href=https://ui.adsabs.harvard.edu/abs/2010A%26A...512A..48L/abstract target=ref> Lo Curto et al. 2010 </a>"",""import_batch"":""astralys_nasa_confirmed_planets_20260918"",""discovery_status"":""confirmed"",""table"":""pscomppars"",""gaia_host_source_id"":""6296703260330865536"",""orbit_order"":1,""retrieved_at"":""2026-09-18T14:51:26.782Z"",""sky_position_kind"":""host_system_direction"",""visual_is_interpretation"":true,""best_mass_is_minimum"":true}"
planet,NASA_EXOPLANET_ARCHIVE,HD 125612 d,HD 125612 d,286a5d96-12fb-47e2-9a6e-5805f56c375b,HD 125612,215.2227183,-17.4818147,187.93337,,12.7,2281.37230545,2822.72698,147,2009,Radial Velocity, Lo Curto et al. 2010 ,703527284,gas,2026-09-18T14:51:26.782Z,"{""pl_name"":""HD 125612 d"",""hostname"":""HD 125612"",""gaia_dr3_id"":""Gaia DR3 6296703260330865536"",""ra"":215.2227183,""dec"":-17.4818147,""sy_dist"":57.6207,""sy_gaiamag"":8.1559,""pl_rade"":12.7,""pl_radelim"":0,""pl_bmasse"":2281.37230545,""pl_bmasselim"":0,""pl_bmassprov"":""Mass"",""pl_orbper"":2822.72698,""pl_orbperlim"":0,""pl_orbsmax"":3.982,""pl_eqt"":147.48,""pl_eqtlim"":0,""disc_year"":2009,""discoverymethod"":""Radial Velocity"",""disc_refname"":""<a refstr=LO_CURTO_ET_AL__2010 href=https://ui.adsabs.harvard.edu/abs/2010A%26A...512A..48L/abstract target=ref> Lo Curto et al. 2010 </a>"",""import_batch"":""astralys_nasa_confirmed_planets_20260918"",""discovery_status"":""confirmed"",""table"":""pscomppars"",""gaia_host_source_id"":""6296703260330865536"",""orbit_order"":3,""retrieved_at"":""2026-09-18T14:51:26.782Z"",""sky_position_kind"":""host_system_direction"",""visual_is_interpretation"":true,""best_mass_is_minimum"":false}"
planet,NASA_EXOPLANET_ARCHIVE,HD 156279 c,HD 156279 c,9d174f34-16ef-4534-b623-3810e345a552,HD 156279,258.0966686,63.3527828,118.050533,,12.5,3098.82696825,4818.25358,109,2016,Radial Velocity,Bryan et al. 2016,1020301869,gas,2026-09-18T14:51:26.782Z,"{""pl_name"":""HD 156279 c"",""hostname"":""HD 156279"",""gaia_dr3_id"":""Gaia DR3 1631084478574318976"",""ra"":258.0966686,""dec"":63.3527828,""sy_dist"":36.1945,""sy_gaiamag"":7.86569,""pl_rade"":12.5,""pl_radelim"":0,""pl_bmasse"":3098.82696825,""pl_bmasselim"":0,""pl_bmassprov"":""Mass"",""pl_orbper"":4818.25358,""pl_orbperlim"":0,""pl_orbsmax"":5.486,""pl_eqt"":109.42,""pl_eqtlim"":0,""disc_year"":2016,""discoverymethod"":""Radial Velocity"",""disc_refname"":""<a refstr=BRYAN_ET_AL__2016 href=https://ui.adsabs.harvard.edu/abs/2016ApJ...821...89B/abstract target=ref>Bryan et al. 2016</a>"",""import_batch"":""astralys_nasa_confirmed_planets_20260918"",""discovery_status"":""confirmed"",""table"":""pscomppars"",""gaia_host_source_id"":""1631084478574318976"",""orbit_order"":2,""retrieved_at"":""2026-09-18T14:51:26.782Z"",""sky_position_kind"":""host_system_direction"",""visual_is_interpretation"":true,""best_mass_is_minimum"":false}"
planet,NASA_EXOPLANET_ARCHIVE,HD 181234 b,HD 181234 b,5595307d-8bc3-4fac-bc83-18ba35f0f814,HD 181234,289.9998695,-9.32497,155.725791,,12.5,2980.91262925,7593.40512,98,2019,Radial Velocity,Rickman et al. 2019,474516433,gas,2026-09-18T14:51:26.782Z,"{""pl_name"":""HD 181234 b"",""hostname"":""HD 181234"",""gaia_dr3_id"":""Gaia DR3 4201307051566729984"",""ra"":289.9998695,""dec"":-9.32497,""sy_dist"":47.7458,""sy_gaiamag"":8.36926,""pl_rade"":12.5,""pl_radelim"":0,""pl_bmasse"":2980.91262925,""pl_bmasselim"":0,""pl_bmassprov"":""Mass"",""pl_orbper"":7593.40512,""pl_orbperlim"":0,""pl_orbsmax"":7.427,""pl_eqt"":98.09,""pl_eqtlim"":0,""disc_year"":2019,""discoverymethod"":""Radial Velocity"",""disc_refname"":""<a refstr=RICKMAN_ET_AL__2019 href=https://ui.adsabs.harvard.edu/abs/2019A&A...625A..71R/abstract target=ref>Rickman et al. 2019</a>"",""import_batch"":""astralys_nasa_confirmed_planets_20260918"",""discovery_status"":""confirmed"",""table"":""pscomppars"",""gaia_host_source_id"":""4201307051566729984"",""orbit_order"":1,""retrieved_at"":""2026-09-18T14:51:26.782Z"",""sky_position_kind"":""host_system_direction"",""visual_is_interpretation"":true,""best_mass_is_minimum"":false}"
planet,NASA_EXOPLANET_ARCHIVE,HD 18143 b,HD 18143 b,55366095-bab8-48de-849a-ea37f9def5fd,HD 18143,43.9140248,26.8723829,73.464356,,3.28,,10.2851,770,2022,Radial Velocity,Feng et al. 2022,7025698,lava,2026-09-18T14:51:26.782Z,"{""pl_name"":""HD 18143 b"",""hostname"":""HD 18143"",""gaia_dr3_id"":""Gaia DR3 116037204451525376"",""ra"":43.9140248,""dec"":26.8723829,""sy_dist"":22.5243,""sy_gaiamag"":7.33209,""pl_rade"":3.28,""pl_radelim"":0,""pl_bmasse"":10.80616584,""pl_bmasselim"":0,""pl_bmassprov"":""Msini"",""pl_orbper"":10.2851,""pl_orbperlim"":0,""pl_orbsmax"":0.088,""pl_eqt"":769.92,""pl_eqtlim"":0,""disc_year"":2022,""discoverymethod"":""Radial Velocity"",""disc_refname"":""<a refstr=FENG_ET_AL__2022 href=https://ui.adsabs.harvard.edu/abs/2022ApJS..262...21F/abstract target=ref>Feng et al. 2022</a>"",""import_batch"":""astralys_nasa_confirmed_planets_20260918"",""discovery_status"":""confirmed"",""table"":""pscomppars"",""gaia_host_source_id"":""116037204451525376"",""orbit_order"":1,""retrieved_at"":""2026-09-18T14:51:26.782Z"",""sky_position_kind"":""host_system_direction"",""visual_is_interpretation"":true,""best_mass_is_minimum"":true}"
planet,NASA_EXOPLANET_ARCHIVE,HD 25015 b,HD 25015 b,618e1d71-b8f0-40e9-8d40-9ecb914f2714,HD 25015,59.4335463,-20.2673347,122.089975,,12.5,2884.92845034,6134.427,91,2019,Radial Velocity,Rickman et al. 2019,350555310,gas,2026-09-18T14:51:26.782Z,"{""pl_name"":""HD 25015 b"",""hostname"":""HD 25015"",""gaia_dr3_id"":""Gaia DR3 5094032153102626688"",""ra"":59.4335463,""dec"":-20.2673347,""sy_dist"":37.433,""sy_gaiamag"":8.59876,""pl_rade"":12.5,""pl_radelim"":0,""pl_bmasse"":2884.92845034,""pl_bmasselim"":0,""pl_bmassprov"":""Mass"",""pl_orbper"":6134.427,""pl_orbperlim"":0,""pl_orbsmax"":6.248,""pl_eqt"":90.69,""pl_eqtlim"":0,""disc_year"":2019,""discoverymethod"":""Radial Velocity"",""disc_refname"":""<a refstr=RICKMAN_ET_AL__2019 href=https://ui.adsabs.harvard.edu/abs/2019A&A...625A..71R/abstract target=ref>Rickman et al. 2019</a>"",""import_batch"":""astralys_nasa_confirmed_planets_20260918"",""discovery_status"":""confirmed"",""table"":""pscomppars"",""gaia_host_source_id"":""5094032153102626688"",""orbit_order"":1,""retrieved_at"":""2026-09-18T14:51:26.782Z"",""sky_position_kind"":""host_system_direction"",""visual_is_interpretation"":true,""best_mass_is_minimum"":false}"
planet,NASA_EXOPLANET_ARCHIVE,HD 188641 b,HD 188641 b,8fa0a481-6dcb-4232-ac4b-075a8a75c7e3,HD 188641,299.4048303,-37.7448845,209.848444,,11.9,9333.03117155,14583.81038,114,2022,Radial Velocity,Feng et al. 2022,2077212478,gas,2026-09-18T14:51:26.782Z,"{""pl_name"":""HD 188641 b"",""hostname"":""HD 188641"",""gaia_dr3_id"":""Gaia DR3 6691193566928966528"",""ra"":299.4048303,""dec"":-37.7448845,""sy_dist"":64.3399,""sy_gaiamag"":7.17761,""pl_rade"":11.9,""pl_radelim"":0,""pl_bmasse"":9333.03117155,""pl_bmasselim"":0,""pl_bmassprov"":""Mass"",""pl_orbper"":14583.81038,""pl_orbperlim"":0,""pl_orbsmax"":12.027,""pl_eqt"":114.36,""pl_eqtlim"":0,""disc_year"":2022,""discoverymethod"":""Radial Velocity"",""disc_refname"":""<a refstr=FENG_ET_AL__2022 href=https://ui.adsabs.harvard.edu/abs/2022ApJS..262...21F/abstract target=ref>Feng et al. 2022</a>"",""import_batch"":""astralys_nasa_confirmed_planets_20260918"",""discovery_status"":""confirmed"",""table"":""pscomppars"",""gaia_host_source_id"":""6691193566928966528"",""orbit_order"":1,""retrieved_at"":""2026-09-18T14:51:26.782Z"",""sky_position_kind"":""host_system_direction"",""visual_is_interpretation"":true,""best_mass_is_minimum"":false}"
planet,NASA_EXOPLANET_ARCHIVE,HD 156279 b,HD 156279 b,9d174f34-16ef-4534-b623-3810e345a552,HD 156279,258.0966686,63.3527828,118.050533,,12.5,,133.40355,362,2011,Radial Velocity, D&iacute;az et al. 2012 ,1037079488,gas,2026-09-18T14:51:26.782Z,"{""pl_name"":""HD 156279 b"",""hostname"":""HD 156279"",""gaia_dr3_id"":""Gaia DR3 1631084478574318976"",""ra"":258.0966686,""dec"":63.3527828,""sy_dist"":36.1945,""sy_gaiamag"":7.86569,""pl_rade"":12.5,""pl_radelim"":0,""pl_bmasse"":2997.75753482,""pl_bmasselim"":0,""pl_bmassprov"":""Msini"",""pl_orbper"":133.40355,""pl_orbperlim"":0,""pl_orbsmax"":0.502,""pl_eqt"":361.73,""pl_eqtlim"":0,""disc_year"":2011,""discoverymethod"":""Radial Velocity"",""disc_refname"":""<a refstr=DIAZ_ET_AL__2012 href=https://ui.adsabs.harvard.edu/abs/2012A%26A...538A.113D/abstract target=ref> D&iacute;az et al. 2012 </a>"",""import_batch"":""astralys_nasa_confirmed_planets_20260918"",""discovery_status"":""confirmed"",""table"":""pscomppars"",""gaia_host_source_id"":""1631084478574318976"",""orbit_order"":1,""retrieved_at"":""2026-09-18T14:51:26.782Z"",""sky_position_kind"":""host_system_direction"",""visual_is_interpretation"":true,""best_mass_is_minimum"":true}"
planet,NASA_EXOPLANET_ARCHIVE,GJ 229 A c,GJ 229 A c,bdae4443-cfcb-4a7b-9d1b-532cc09f33c2,GJ 229,92.6435993,-21.8677233,18.774322,,2.87,,121.93268,188,2020,Radial Velocity,Feng et al. 2020,1227895090,ice,2026-09-18T14:51:26.782Z,"{""pl_name"":""GJ 229 A c"",""hostname"":""GJ 229"",""gaia_dr3_id"":""Gaia DR3 2940856402123426176"",""ra"":92.6435993,""dec"":-21.8677233,""sy_dist"":5.75624,""sy_gaiamag"":7.30724,""pl_rade"":2.87,""pl_radelim"":0,""pl_bmasse"":8.58136699,""pl_bmasselim"":0,""pl_bmassprov"":""Msini"",""pl_orbper"":121.93268,""pl_orbperlim"":0,""pl_orbsmax"":0.384,""pl_eqt"":188.1,""pl_eqtlim"":0,""disc_year"":2020,""discoverymethod"":""Radial Velocity"",""disc_refname"":""<a refstr=FENG_ET_AL__2020 href=https://ui.adsabs.harvard.edu/abs/2020ApJS..246...11F/abstract target=ref>Feng et al. 2020</a>"",""import_batch"":""astralys_nasa_confirmed_planets_20260918"",""discovery_status"":""confirmed"",""table"":""pscomppars"",""gaia_host_source_id"":""2940856402123426176"",""orbit_order"":1,""retrieved_at"":""2026-09-18T14:51:26.782Z"",""sky_position_kind"":""host_system_direction"",""visual_is_interpretation"":true,""best_mass_is_minimum"":true}"
planet,NASA_EXOPLANET_ARCHIVE,HD 204313 e,HD 204313 e,1e34fd2f-2be6-4665-8aaf-4110b19a344a,HD 204313,322.0510568,-21.7274194,155.884629,,12.2,4868.17771002,7325.64666,107,2022,Radial Velocity,Feng et al. 2022,636494300,gas,2026-09-18T14:51:26.782Z,"{""pl_name"":""HD 204313 e"",""hostname"":""HD 204313"",""gaia_dr3_id"":""Gaia DR3 6828450688663428224"",""ra"":322.0510568,""dec"":-21.7274194,""sy_dist"":47.7945,""sy_gaiamag"":7.83246,""pl_rade"":12.2,""pl_radelim"":0,""pl_bmasse"":4868.17771002,""pl_bmasselim"":0,""pl_bmassprov"":""Mass"",""pl_orbper"":7325.64666,""pl_orbperlim"":0,""pl_orbsmax"":7.457,""pl_eqt"":106.81,""pl_eqtlim"":0,""disc_year"":2022,""discoverymethod"":""Radial Velocity"",""disc_refname"":""<a refstr=FENG_ET_AL__2022 href=https://ui.adsabs.harvard.edu/abs/2022ApJS..262...21F/abstract target=ref>Feng et al. 2022</a>"",""import_batch"":""astralys_nasa_confirmed_planets_20260918"",""discovery_status"":""confirmed"",""table"":""pscomppars"",""gaia_host_source_id"":""6828450688663428224"",""orbit_order"":3,""retrieved_at"":""2026-09-18T14:51:26.782Z"",""sky_position_kind"":""host_system_direction"",""visual_is_interpretation"":true,""best_mass_is_minimum"":false}"
planet,NASA_EXOPLANET_ARCHIVE,HD 169830 c,HD 169830 c,d92cdbb6-881b-49aa-9b1e-4756ddf15d90,HD 169830,276.9561859,-29.8167919,122.650311,,12.6,2437.42605328,1818.82339,241,2003,Radial Velocity, Mayor et al. 2004 ,1900781647,gas,2026-09-18T14:51:26.782Z,"{""pl_name"":""HD 169830 c"",""hostname"":""HD 169830"",""gaia_dr3_id"":""Gaia DR3 4048037707717866880"",""ra"":276.9561859,""dec"":-29.8167919,""sy_dist"":37.6048,""sy_gaiamag"":5.77641,""pl_rade"":12.6,""pl_radelim"":0,""pl_bmasse"":2437.42605328,""pl_bmasselim"":0,""pl_bmassprov"":""Mass"",""pl_orbper"":1818.82339,""pl_orbperlim"":0,""pl_orbsmax"":3.075,""pl_eqt"":241.03,""pl_eqtlim"":0,""disc_year"":2003,""discoverymethod"":""Radial Velocity"",""disc_refname"":""<a refstr=MAYOR_ET_AL__2004 href=https://ui.adsabs.harvard.edu/abs/2004A&A...415..391M/abstract target=ref> Mayor et al. 2004 </a>"",""import_batch"":""astralys_nasa_confirmed_planets_20260918"",""discovery_status"":""confirmed"",""table"":""pscomppars"",""gaia_host_source_id"":""4048037707717866880"",""orbit_order"":2,""retrieved_at"":""2026-09-18T14:51:26.782Z"",""sky_position_kind"":""host_system_direction"",""visual_is_interpretation"":true,""best_mass_is_minimum"":false}"
planet,NASA_EXOPLANET_ARCHIVE,HD 213519 b,HD 213519 b,7d56d68b-e993-4463-a952-7a2097aa633f,HD 213519,337.7727845,45.1452472,133.728526,,2.99,,11.12214,931,2022,Radial Velocity,Feng et al. 2022,77683243,lava,2026-09-18T14:51:26.782Z,"{""pl_name"":""HD 213519 b"",""hostname"":""HD 213519"",""gaia_dr3_id"":""Gaia DR3 1982946891164168576"",""ra"":337.7727845,""dec"":45.1452472,""sy_dist"":41.0014,""sy_gaiamag"":7.51625,""pl_rade"":2.99,""pl_radelim"":0,""pl_bmasse"":9.2170238,""pl_bmasselim"":0,""pl_bmassprov"":""Msini"",""pl_orbper"":11.12214,""pl_orbperlim"":0,""pl_orbsmax"":0.099,""pl_eqt"":931.36,""pl_eqtlim"":0,""disc_year"":2022,""discoverymethod"":""Radial Velocity"",""disc_refname"":""<a refstr=FENG_ET_AL__2022 href=https://ui.adsabs.harvard.edu/abs/2022ApJS..262...21F/abstract target=ref>Feng et al. 2022</a>"",""import_batch"":""astralys_nasa_confirmed_planets_20260918"",""discovery_status"":""confirmed"",""table"":""pscomppars"",""gaia_host_source_id"":""1982946891164168576"",""orbit_order"":1,""retrieved_at"":""2026-09-18T14:51:26.782Z"",""sky_position_kind"":""host_system_direction"",""visual_is_interpretation"":true,""best_mass_is_minimum"":true}"
planet,NASA_EXOPLANET_ARCHIVE,HD 183263 c,HD 183263 c,2b4d0755-43d3-4bf6-b9e4-219a42af6c52,HD 183263,292.1022982,8.3579183,176.761875,,12.5,2958.98246917,4667.97841,135,2008,Radial Velocity, Wright et al. 2009 ,561584045,gas,2026-09-18T14:51:26.782Z,"{""pl_name"":""HD 183263 c"",""hostname"":""HD 183263"",""gaia_dr3_id"":""Gaia DR3 4296208099222829568"",""ra"":292.1022982,""dec"":8.3579183,""sy_dist"":54.1955,""sy_gaiamag"":7.71818,""pl_rade"":12.5,""pl_radelim"":0,""pl_bmasse"":2958.98246917,""pl_bmasselim"":0,""pl_bmassprov"":""Mass"",""pl_orbper"":4667.97841,""pl_orbperlim"":0,""pl_orbsmax"":5.585,""pl_eqt"":134.6,""pl_eqtlim"":0,""disc_year"":2008,""discoverymethod"":""Radial Velocity"",""disc_refname"":""<a refstr=WRIGHT_ET_AL__2009 href=https://ui.adsabs.harvard.edu/abs/2009ApJ...693.1084W/abstract target=ref> Wright et al. 2009 </a>"",""import_batch"":""astralys_nasa_confirmed_planets_20260918"",""discovery_status"":""confirmed"",""table"":""pscomppars"",""gaia_host_source_id"":""4296208099222829568"",""orbit_order"":2,""retrieved_at"":""2026-09-18T14:51:26.782Z"",""sky_position_kind"":""host_system_direction"",""visual_is_interpretation"":true,""best_mass_is_minimum"":false}"
planet,NASA_EXOPLANET_ARCHIVE,HD 66428 c,HD 66428 c,40738c81-2910-4930-8b0b-b0d977e987de,HD 66428,120.8691654,-1.1636019,173.781461,,13.5,560.64930995,10478.84437,96,2021,Radial Velocity,Rosenthal et al. 2021,1110800690,gas,2026-09-18T14:51:26.782Z,"{""pl_name"":""HD 66428 c"",""hostname"":""HD 66428"",""gaia_dr3_id"":""Gaia DR3 3083043390405346432"",""ra"":120.8691654,""dec"":-1.1636019,""sy_dist"":53.2817,""sy_gaiamag"":8.08142,""pl_rade"":13.5,""pl_radelim"":0,""pl_bmasse"":560.64930995,""pl_bmasselim"":0,""pl_bmassprov"":""Mass"",""pl_orbper"":10478.84437,""pl_orbperlim"":0,""pl_orbsmax"":9.408,""pl_eqt"":95.52,""pl_eqtlim"":0,""disc_year"":2021,""discoverymethod"":""Radial Velocity"",""disc_refname"":""<a refstr=ROSENTHAL_ET_AL__2021 href=https://ui.adsabs.harvard.edu/abs/2021ApJS..255....8R/abstract target=ref>Rosenthal et al. 2021</a>"",""import_batch"":""astralys_nasa_confirmed_planets_20260918"",""discovery_status"":""confirmed"",""table"":""pscomppars"",""gaia_host_source_id"":""3083043390405346432"",""orbit_order"":2,""retrieved_at"":""2026-09-18T14:51:26.782Z"",""sky_position_kind"":""host_system_direction"",""visual_is_interpretation"":true,""best_mass_is_minimum"":false}"
planet,NASA_EXOPLANET_ARCHIVE,HD 25912 b,HD 25912 b,5e8377b2-3983-4c86-a8cb-99a746d5d053,HD 25912,60.9074988,-51.9315058,160.358185,,6.9,,41.83156,579,2022,Radial Velocity,Feng et al. 2022,2041149944,gas,2026-09-18T14:51:26.782Z,"{""pl_name"":""HD 25912 b"",""hostname"":""HD 25912"",""gaia_dr3_id"":""Gaia DR3 4828528063821835648"",""ra"":60.9074988,""dec"":-51.9315058,""sy_dist"":49.1661,""sy_gaiamag"":8.02788,""pl_rade"":6.9,""pl_radelim"":0,""pl_bmasse"":38.13940884,""pl_bmasselim"":0,""pl_bmassprov"":""Msini"",""pl_orbper"":41.83156,""pl_orbperlim"":0,""pl_orbsmax"":0.242,""pl_eqt"":579.16,""pl_eqtlim"":0,""disc_year"":2022,""discoverymethod"":""Radial Velocity"",""disc_refname"":""<a refstr=FENG_ET_AL__2022 href=https://ui.adsabs.harvard.edu/abs/2022ApJS..262...21F/abstract target=ref>Feng et al. 2022</a>"",""import_batch"":""astralys_nasa_confirmed_planets_20260918"",""discovery_status"":""confirmed"",""table"":""pscomppars"",""gaia_host_source_id"":""4828528063821835648"",""orbit_order"":1,""retrieved_at"":""2026-09-18T14:51:26.782Z"",""sky_position_kind"":""host_system_direction"",""visual_is_interpretation"":true,""best_mass_is_minimum"":true}"
planet,NASA_EXOPLANET_ARCHIVE,HD 25912 c,HD 25912 c,5e8377b2-3983-4c86-a8cb-99a746d5d053,HD 25912,60.9074988,-51.9315058,160.358185,,12.2,5252.75008249,26308.65619,67,2022,Radial Velocity,Feng et al. 2022,2057927563,gas,2026-09-18T14:51:26.782Z,"{""pl_name"":""HD 25912 c"",""hostname"":""HD 25912"",""gaia_dr3_id"":""Gaia DR3 4828528063821835648"",""ra"":60.9074988,""dec"":-51.9315058,""sy_dist"":49.1661,""sy_gaiamag"":8.02788,""pl_rade"":12.2,""pl_radelim"":0,""pl_bmasse"":5252.75008249,""pl_bmasselim"":0,""pl_bmassprov"":""Mass"",""pl_orbper"":26308.65619,""pl_orbperlim"":0,""pl_orbsmax"":17.848,""pl_eqt"":67.44,""pl_eqtlim"":0,""disc_year"":2022,""discoverymethod"":""Radial Velocity"",""disc_refname"":""<a refstr=FENG_ET_AL__2022 href=https://ui.adsabs.harvard.edu/abs/2022ApJS..262...21F/abstract target=ref>Feng et al. 2022</a>"",""import_batch"":""astralys_nasa_confirmed_planets_20260918"",""discovery_status"":""confirmed"",""table"":""pscomppars"",""gaia_host_source_id"":""4828528063821835648"",""orbit_order"":2,""retrieved_at"":""2026-09-18T14:51:26.782Z"",""sky_position_kind"":""host_system_direction"",""visual_is_interpretation"":true,""best_mass_is_minimum"":false}"
planet,NASA_EXOPLANET_ARCHIVE,HD 28192 b,HD 28192 b,7f972f81-c786-449c-80a5-7a09ee7e8380,HD 28192,66.7032517,-1.7244842,162.446236,,12.2,,14.23283,860,2022,Radial Velocity,Feng et al. 2022,281322802,gas,2026-09-18T14:51:26.782Z,"{""pl_name"":""HD 28192 b"",""hostname"":""HD 28192"",""gaia_dr3_id"":""Gaia DR3 3205907595694244480"",""ra"":66.7032517,""dec"":-1.7244842,""sy_dist"":49.8063,""sy_gaiamag"":7.89874,""pl_rade"":12.2,""pl_radelim"":0,""pl_bmasse"":99.7981198,""pl_bmasselim"":0,""pl_bmassprov"":""Msini"",""pl_orbper"":14.23283,""pl_orbperlim"":0,""pl_orbsmax"":0.118,""pl_eqt"":859.98,""pl_eqtlim"":0,""disc_year"":2022,""discoverymethod"":""Radial Velocity"",""disc_refname"":""<a refstr=FENG_ET_AL__2022 href=https://ui.adsabs.harvard.edu/abs/2022ApJS..262...21F/abstract target=ref>Feng et al. 2022</a>"",""import_batch"":""astralys_nasa_confirmed_planets_20260918"",""discovery_status"":""confirmed"",""table"":""pscomppars"",""gaia_host_source_id"":""3205907595694244480"",""orbit_order"":1,""retrieved_at"":""2026-09-18T14:51:26.782Z"",""sky_position_kind"":""host_system_direction"",""visual_is_interpretation"":true,""best_mass_is_minimum"":true}"
planet,NASA_EXOPLANET_ARCHIVE,HD 38529 b,HD 38529 b,254c80f1-2535-449f-9ce9-0550e2a9e1f0,HD 38529,86.6451363,1.1675866,138.13946,,14.1,,14.3099,1369,2000,Radial Velocity, Fischer et al. 2001 ,1260525013,gas,2026-09-18T14:51:26.782Z,"{""pl_name"":""HD 38529 b"",""hostname"":""HD 38529"",""gaia_dr3_id"":""Gaia DR3 3219847066672970368"",""ra"":86.6451363,""dec"":1.1675866,""sy_dist"":42.3538,""sy_gaiamag"":5.74796,""pl_rade"":14.1,""pl_radelim"":0,""pl_bmasse"":206.58846455,""pl_bmasselim"":0,""pl_bmassprov"":""Msini"",""pl_orbper"":14.3099,""pl_orbperlim"":0,""pl_orbsmax"":0.115,""pl_eqt"":1369.46,""pl_eqtlim"":0,""disc_year"":2000,""discoverymethod"":""Radial Velocity"",""disc_refname"":""<a refstr=FISCHER_ET_AL__2001 href=https://ui.adsabs.harvard.edu/abs/2001ApJ...551.1107F/abstract target=ref> Fischer et al. 2001 </a>"",""import_batch"":""astralys_nasa_confirmed_planets_20260918"",""discovery_status"":""confirmed"",""table"":""pscomppars"",""gaia_host_source_id"":""3219847066672970368"",""orbit_order"":1,""retrieved_at"":""2026-09-18T14:51:26.782Z"",""sky_position_kind"":""host_system_direction"",""visual_is_interpretation"":true,""best_mass_is_minimum"":true}"
planet,NASA_EXOPLANET_ARCHIVE,HD 38529 c,HD 38529 c,254c80f1-2535-449f-9ce9-0550e2a9e1f0,HD 38529,86.6451363,1.1675866,138.13946,,12.5,3299.05886466,2127.60566,259,2000,Radial Velocity, Fischer et al. 2001 ,1277302632,gas,2026-09-18T14:51:26.782Z,"{""pl_name"":""HD 38529 c"",""hostname"":""HD 38529"",""gaia_dr3_id"":""Gaia DR3 3219847066672970368"",""ra"":86.6451363,""dec"":1.1675866,""sy_dist"":42.3538,""sy_gaiamag"":5.74796,""pl_rade"":12.5,""pl_radelim"":0,""pl_bmasse"":3299.05886466,""pl_bmasselim"":0,""pl_bmassprov"":""Mass"",""pl_orbper"":2127.60566,""pl_orbperlim"":0,""pl_orbsmax"":3.226,""pl_eqt"":258.56,""pl_eqtlim"":0,""disc_year"":2000,""discoverymethod"":""Radial Velocity"",""disc_refname"":""<a refstr=FISCHER_ET_AL__2001 href=https://ui.adsabs.harvard.edu/abs/2001ApJ...551.1107F/abstract target=ref> Fischer et al. 2001 </a>"",""import_batch"":""astralys_nasa_confirmed_planets_20260918"",""discovery_status"":""confirmed"",""table"":""pscomppars"",""gaia_host_source_id"":""3219847066672970368"",""orbit_order"":2,""retrieved_at"":""2026-09-18T14:51:26.782Z"",""sky_position_kind"":""host_system_direction"",""visual_is_interpretation"":true,""best_mass_is_minimum"":false}"
planet,NASA_EXOPLANET_ARCHIVE,HD 110537 b,HD 110537 b,6c3df82c-a551-4b76-88da-cc9d8aec3f3c,HD 110537,190.7462412,-4.0501059,147.050042,,11.9,8612.83200129,24469.67342,73,2022,Radial Velocity,Feng et al. 2022,2078098111,gas,2026-09-18T14:51:26.782Z,"{""pl_name"":""HD 110537 b"",""hostname"":""HD 110537"",""gaia_dr3_id"":""Gaia DR3 3681795018676501120"",""ra"":190.7462412,""dec"":-4.0501059,""sy_dist"":45.0858,""sy_gaiamag"":7.66105,""pl_rade"":11.9,""pl_radelim"":0,""pl_bmasse"":8612.83200129,""pl_bmasselim"":0,""pl_bmassprov"":""Mass"",""pl_orbper"":24469.67342,""pl_orbperlim"":0,""pl_orbsmax"":16.714,""pl_eqt"":72.83,""pl_eqtlim"":0,""disc_year"":2022,""discoverymethod"":""Radial Velocity"",""disc_refname"":""<a refstr=FENG_ET_AL__2022 href=https://ui.adsabs.harvard.edu/abs/2022ApJS..262...21F/abstract target=ref>Feng et al. 2022</a>"",""import_batch"":""astralys_nasa_confirmed_planets_20260918"",""discovery_status"":""confirmed"",""table"":""pscomppars"",""gaia_host_source_id"":""3681795018676501120"",""orbit_order"":1,""retrieved_at"":""2026-09-18T14:51:26.782Z"",""sky_position_kind"":""host_system_direction"",""visual_is_interpretation"":true,""best_mass_is_minimum"":false}"
planet,NASA_EXOPLANET_ARCHIVE,HD 56957 b,HD 56957 b,181d8a02-bb74-426e-9512-d7a5941282d8,HD 56957,109.3253986,-40.6560651,200.561478,,12.8,1880.90851263,5859.08992,146,2022,Radial Velocity,Feng et al. 2022,834216242,gas,2026-09-18T14:51:26.782Z,"{""pl_name"":""HD 56957 b"",""hostname"":""HD 56957"",""gaia_dr3_id"":""Gaia DR3 5561488078545298176"",""ra"":109.3253986,""dec"":-40.6560651,""sy_dist"":61.4925,""sy_gaiamag"":7.39841,""pl_rade"":12.8,""pl_radelim"":0,""pl_bmasse"":1880.90851263,""pl_bmasselim"":0,""pl_bmassprov"":""Mass"",""pl_orbper"":5859.08992,""pl_orbperlim"":0,""pl_orbsmax"":6.426,""pl_eqt"":145.67,""pl_eqtlim"":0,""disc_year"":2022,""discoverymethod"":""Radial Velocity"",""disc_refname"":""<a refstr=FENG_ET_AL__2022 href=https://ui.adsabs.harvard.edu/abs/2022ApJS..262...21F/abstract target=ref>Feng et al. 2022</a>"",""import_batch"":""astralys_nasa_confirmed_planets_20260918"",""discovery_status"":""confirmed"",""table"":""pscomppars"",""gaia_host_source_id"":""5561488078545298176"",""orbit_order"":1,""retrieved_at"":""2026-09-18T14:51:26.782Z"",""sky_position_kind"":""host_system_direction"",""visual_is_interpretation"":true,""best_mass_is_minimum"":false}"
planet,NASA_EXOPLANET_ARCHIVE,HD 4113 b,HD 4113 b,fe542435-0e07-485e-8ad0-be0b51050ac3,HD 4113,10.8027515,-37.9831248,136.570323,,13.5,,526.5239,252,2007,Radial Velocity, Tamuz et al. 2008 ,986660331,gas,2026-09-18T14:51:26.782Z,"{""pl_name"":""HD 4113 b"",""hostname"":""HD 4113"",""gaia_dr3_id"":""Gaia DR3 5000774703569900800"",""ra"":10.8027515,""dec"":-37.9831248,""sy_dist"":41.8727,""sy_gaiamag"":7.71051,""pl_rade"":13.5,""pl_radelim"":0,""pl_bmasse"":541.26177712,""pl_bmasselim"":0,""pl_bmassprov"":""Msini"",""pl_orbper"":526.5239,""pl_orbperlim"":0,""pl_orbsmax"":1.28,""pl_eqt"":251.65,""pl_eqtlim"":0,""disc_year"":2007,""discoverymethod"":""Radial Velocity"",""disc_refname"":""<a refstr=TAMUZ_ET_AL__2008 href=https://ui.adsabs.harvard.edu/abs/2008A&A...480L..33T/abstract target=ref> Tamuz et al. 2008 </a>"",""import_batch"":""astralys_nasa_confirmed_planets_20260918"",""discovery_status"":""confirmed"",""table"":""pscomppars"",""gaia_host_source_id"":""5000774703569900800"",""orbit_order"":1,""retrieved_at"":""2026-09-18T14:51:26.782Z"",""sky_position_kind"":""host_system_direction"",""visual_is_interpretation"":true,""best_mass_is_minimum"":true}"
planet,NASA_EXOPLANET_ARCHIVE,HD 111232 c,HD 111232 c,a32cf42b-c0eb-49d2-977b-f11367176aa9,HD 111232,192.2159553,-68.4246679,94.445319,,12.2,5740.93451564,26472.44623,61,2022,Radial Velocity,Feng et al. 2022,1015356702,gas,2026-09-18T14:51:26.782Z,"{""pl_name"":""HD 111232 c"",""hostname"":""HD 111232"",""gaia_dr3_id"":""Gaia DR3 5855730584310531200"",""ra"":192.2159553,""dec"":-68.4246679,""sy_dist"":28.9571,""sy_gaiamag"":7.40535,""pl_rade"":12.2,""pl_radelim"":0,""pl_bmasse"":5740.93451564,""pl_bmasselim"":0,""pl_bmassprov"":""Mass"",""pl_orbper"":26472.44623,""pl_orbperlim"":0,""pl_orbsmax"":17.25,""pl_eqt"":60.71,""pl_eqtlim"":0,""disc_year"":2022,""discoverymethod"":""Radial Velocity"",""disc_refname"":""<a refstr=FENG_ET_AL__2022 href=https://ui.adsabs.harvard.edu/abs/2022ApJS..262...21F/abstract target=ref>Feng et al. 2022</a>"",""import_batch"":""astralys_nasa_confirmed_planets_20260918"",""discovery_status"":""confirmed"",""table"":""pscomppars"",""gaia_host_source_id"":""5855730584310531200"",""orbit_order"":2,""retrieved_at"":""2026-09-18T14:51:26.782Z"",""sky_position_kind"":""host_system_direction"",""visual_is_interpretation"":true,""best_mass_is_minimum"":false}"
planet,NASA_EXOPLANET_ARCHIVE,HD 62549 b,HD 62549 b,c19d8292-3442-46fe-94e9-b2aedf989911,HD 62549,116.0821439,-5.0541223,160.894386,,12.6,2707.58019923,14306.88519,92,2022,Radial Velocity,Feng et al. 2022,794471575,gas,2026-09-18T14:51:26.782Z,"{""pl_name"":""HD 62549 b"",""hostname"":""HD 62549"",""gaia_dr3_id"":""Gaia DR3 3056551894686671616"",""ra"":116.0821439,""dec"":-5.0541223,""sy_dist"":49.3305,""sy_gaiamag"":7.56542,""pl_rade"":12.6,""pl_radelim"":0,""pl_bmasse"":2707.58019923,""pl_bmasselim"":0,""pl_bmassprov"":""Mass"",""pl_orbper"":14306.88519,""pl_orbperlim"":0,""pl_orbsmax"":11.842,""pl_eqt"":92.25,""pl_eqtlim"":0,""disc_year"":2022,""discoverymethod"":""Radial Velocity"",""disc_refname"":""<a refstr=FENG_ET_AL__2022 href=https://ui.adsabs.harvard.edu/abs/2022ApJS..262...21F/abstract target=ref>Feng et al. 2022</a>"",""import_batch"":""astralys_nasa_confirmed_planets_20260918"",""discovery_status"":""confirmed"",""table"":""pscomppars"",""gaia_host_source_id"":""3056551894686671616"",""orbit_order"":1,""retrieved_at"":""2026-09-18T14:51:26.782Z"",""sky_position_kind"":""host_system_direction"",""visual_is_interpretation"":true,""best_mass_is_minimum"":false}"
planet,NASA_EXOPLANET_ARCHIVE,HD 73267 b,HD 73267 b,33b715ee-a845-407d-a231-9afb3e1f891a,HD 73267,129.0735123,-34.4594469,164.412957,,13,1321.53051631,1257.99159,166,2008,Radial Velocity, Moutou et al. 2009 ,375460885,gas,2026-09-18T14:51:26.782Z,"{""pl_name"":""HD 73267 b"",""hostname"":""HD 73267"",""gaia_dr3_id"":""Gaia DR3 5638825939745228544"",""ra"":129.0735123,""dec"":-34.4594469,""sy_dist"":50.4093,""sy_gaiamag"":8.67835,""pl_rade"":13,""pl_radelim"":0,""pl_bmasse"":1321.53051631,""pl_bmasselim"":0,""pl_bmassprov"":""Mass"",""pl_orbper"":1257.99159,""pl_orbperlim"":0,""pl_orbsmax"":2.229,""pl_eqt"":165.89,""pl_eqtlim"":0,""disc_year"":2008,""discoverymethod"":""Radial Velocity"",""disc_refname"":""<a refstr=MOUTOU_ET_AL__2009 href=https://ui.adsabs.harvard.edu/abs/2009A&A...496..513M/abstract target=ref> Moutou et al. 2009 </a>"",""import_batch"":""astralys_nasa_confirmed_planets_20260918"",""discovery_status"":""confirmed"",""table"":""pscomppars"",""gaia_host_source_id"":""5638825939745228544"",""orbit_order"":1,""retrieved_at"":""2026-09-18T14:51:26.782Z"",""sky_position_kind"":""host_system_direction"",""visual_is_interpretation"":true,""best_mass_is_minimum"":false}"
planet,NASA_EXOPLANET_ARCHIVE,HD 11505 b,HD 11505 b,1a116a14-8f1f-4166-af0c-cfc3d7d4c469,HD 11505,28.2750265,-1.3284416,127.096144,,12.6,2510.52658689,32669.22247,67,2022,Radial Velocity,Feng et al. 2022,1240261221,gas,2026-09-18T14:51:26.782Z,"{""pl_name"":""HD 11505 b"",""hostname"":""HD 11505"",""gaia_dr3_id"":""Gaia DR3 2505825177666430592"",""ra"":28.2750265,""dec"":-1.3284416,""sy_dist"":38.9679,""sy_gaiamag"":7.25765,""pl_rade"":12.6,""pl_radelim"":0,""pl_bmasse"":2510.52658689,""pl_bmasselim"":0,""pl_bmassprov"":""Mass"",""pl_orbper"":32669.22247,""pl_orbperlim"":0,""pl_orbsmax"":20.247,""pl_eqt"":67.46,""pl_eqtlim"":0,""disc_year"":2022,""discoverymethod"":""Radial Velocity"",""disc_refname"":""<a refstr=FENG_ET_AL__2022 href=https://ui.adsabs.harvard.edu/abs/2022ApJS..262...21F/abstract target=ref>Feng et al. 2022</a>"",""import_batch"":""astralys_nasa_confirmed_planets_20260918"",""discovery_status"":""confirmed"",""table"":""pscomppars"",""gaia_host_source_id"":""2505825177666430592"",""orbit_order"":1,""retrieved_at"":""2026-09-18T14:51:26.782Z"",""sky_position_kind"":""host_system_direction"",""visual_is_interpretation"":true,""best_mass_is_minimum"":false}"
planet,NASA_EXOPLANET_ARCHIVE,HD 80913 b,HD 80913 b,ff043224-05f2-4b2c-acf6-59573c5f5c64,HD 80913,138.1021548,-81.768451,200.1303,,12,7505.2000029,10839.83341,118,2022,Radial Velocity,Feng et al. 2022,1483165597,gas,2026-09-18T14:51:26.782Z,"{""pl_name"":""HD 80913 b"",""hostname"":""HD 80913"",""gaia_dr3_id"":""Gaia DR3 5195752440555653504"",""ra"":138.1021548,""dec"":-81.768451,""sy_dist"":61.3603,""sy_gaiamag"":7.33567,""pl_rade"":12,""pl_radelim"":0,""pl_bmasse"":7505.2000029,""pl_bmasselim"":0,""pl_bmassprov"":""Mass"",""pl_orbper"":10839.83341,""pl_orbperlim"":0,""pl_orbsmax"":9.95,""pl_eqt"":118.23,""pl_eqtlim"":0,""disc_year"":2022,""discoverymethod"":""Radial Velocity"",""disc_refname"":""<a refstr=FENG_ET_AL__2022 href=https://ui.adsabs.harvard.edu/abs/2022ApJS..262...21F/abstract target=ref>Feng et al. 2022</a>"",""import_batch"":""astralys_nasa_confirmed_planets_20260918"",""discovery_status"":""confirmed"",""table"":""pscomppars"",""gaia_host_source_id"":""5195752440555653504"",""orbit_order"":1,""retrieved_at"":""2026-09-18T14:51:26.782Z"",""sky_position_kind"":""host_system_direction"",""visual_is_interpretation"":true,""best_mass_is_minimum"":false}"
planet,NASA_EXOPLANET_ARCHIVE,HD 86264 b,HD 86264 b,2ca990a8-c7c7-4dab-88cf-4025cfd5bf37,HD 86264,149.2409308,-15.8953993,221.168667,,12.5,3117.26101586,1488.79123,247,2009,Radial Velocity, Fischer et al. 2009 ,423045581,gas,2026-09-18T14:51:26.782Z,"{""pl_name"":""HD 86264 b"",""hostname"":""HD 86264"",""gaia_dr3_id"":""Gaia DR3 5685917541714610688"",""ra"":149.2409308,""dec"":-15.8953993,""sy_dist"":67.8107,""sy_gaiamag"":7.28372,""pl_rade"":12.5,""pl_radelim"":0,""pl_bmasse"":3117.26101586,""pl_bmasselim"":0,""pl_bmassprov"":""Mass"",""pl_orbper"":1488.79123,""pl_orbperlim"":0,""pl_orbsmax"":2.763,""pl_eqt"":247.01,""pl_eqtlim"":0,""disc_year"":2009,""discoverymethod"":""Radial Velocity"",""disc_refname"":""<a refstr=FISCHER_ET_AL__2009 href=https://ui.adsabs.harvard.edu/abs/2009ApJ...703.1545F/abstract target=ref> Fischer et al. 2009 </a>"",""import_batch"":""astralys_nasa_confirmed_planets_20260918"",""discovery_status"":""confirmed"",""table"":""pscomppars"",""gaia_host_source_id"":""5685917541714610688"",""orbit_order"":1,""retrieved_at"":""2026-09-18T14:51:26.782Z"",""sky_position_kind"":""host_system_direction"",""visual_is_interpretation"":true,""best_mass_is_minimum"":false}"
planet,NASA_EXOPLANET_ARCHIVE,HD 7449 b,HD 7449 b,9715f4e4-d000-47e2-a033-2bae60ef9c41,HD 7449,18.621465,-5.0479716,126.098433,,12.6,2597.92939882,1270.55195,183,2011,Radial Velocity, Dumusque et al. 2011 ,1359869117,gas,2026-09-18T14:51:26.782Z,"{""pl_name"":""HD 7449 b"",""hostname"":""HD 7449"",""gaia_dr3_id"":""Gaia DR3 2482820714353923072"",""ra"":18.621465,""dec"":-5.0479716,""sy_dist"":38.662,""sy_gaiamag"":7.34996,""pl_rade"":12.6,""pl_radelim"":0,""pl_bmasse"":2597.92939882,""pl_bmasselim"":0,""pl_bmassprov"":""Mass"",""pl_orbper"":1270.55195,""pl_orbperlim"":0,""pl_orbsmax"":2.438,""pl_eqt"":183.23,""pl_eqtlim"":0,""disc_year"":2011,""discoverymethod"":""Radial Velocity"",""disc_refname"":""<a refstr=DUMUSQUE_ET_AL__2011 href=https://ui.adsabs.harvard.edu/abs/2011A%26A...535A..55D/abstract target=ref> Dumusque et al. 2011 </a>"",""import_batch"":""astralys_nasa_confirmed_planets_20260918"",""discovery_status"":""confirmed"",""table"":""pscomppars"",""gaia_host_source_id"":""2482820714353923072"",""orbit_order"":1,""retrieved_at"":""2026-09-18T14:51:26.782Z"",""sky_position_kind"":""host_system_direction"",""visual_is_interpretation"":true,""best_mass_is_minimum"":false}"
planet,NASA_EXOPLANET_ARCHIVE,HD 8673 b,HD 8673 b,0c815b38-d256-47d6-b66e-b40ce2dc721f,HD 8673,21.5378455,34.5793389,123.488859,,12.3,4210.59073594,1644.69097,219,2009,Radial Velocity, Hartmann et al. 2010 ,328693478,gas,2026-09-18T14:51:26.782Z,"{""pl_name"":""HD 8673 b"",""hostname"":""HD 8673"",""gaia_dr3_id"":""Gaia DR3 317350357498173312"",""ra"":21.5378455,""dec"":34.5793389,""sy_dist"":37.8619,""sy_gaiamag"":6.2242,""pl_rade"":12.3,""pl_radelim"":0,""pl_bmasse"":4210.59073594,""pl_bmasselim"":0,""pl_bmassprov"":""Mass"",""pl_orbper"":1644.69097,""pl_orbperlim"":0,""pl_orbsmax"":2.97,""pl_eqt"":219.11,""pl_eqtlim"":0,""disc_year"":2009,""discoverymethod"":""Radial Velocity"",""disc_refname"":""<a refstr=HARTMANN_ET_AL__2010 href=https://ui.adsabs.harvard.edu/abs/2010ApJ...717..348H/abstract target=ref> Hartmann et al. 2010 </a>"",""import_batch"":""astralys_nasa_confirmed_planets_20260918"",""discovery_status"":""confirmed"",""table"":""pscomppars"",""gaia_host_source_id"":""317350357498173312"",""orbit_order"":1,""retrieved_at"":""2026-09-18T14:51:26.782Z"",""sky_position_kind"":""host_system_direction"",""visual_is_interpretation"":true,""best_mass_is_minimum"":false}"
planet,NASA_EXOPLANET_ARCHIVE,HD 135872 b,HD 135872 b,17338701-2f04-4412-b048-ff402de977aa,HD 135872,229.4213643,-5.2024735,268.834409,,12.8,1744.56012602,2422.32597,234,2022,Radial Velocity,Feng et al. 2022,1396162861,gas,2026-09-18T14:51:26.782Z,"{""pl_name"":""HD 135872 b"",""hostname"":""HD 135872"",""gaia_dr3_id"":""Gaia DR3 6334990316794611200"",""ra"":229.4213643,""dec"":-5.2024735,""sy_dist"":82.4251,""sy_gaiamag"":7.02764,""pl_rade"":12.8,""pl_radelim"":0,""pl_bmasse"":1744.56012602,""pl_bmasselim"":0,""pl_bmassprov"":""Mass"",""pl_orbper"":2422.32597,""pl_orbperlim"":0,""pl_orbsmax"":4.172,""pl_eqt"":233.64,""pl_eqtlim"":0,""disc_year"":2022,""discoverymethod"":""Radial Velocity"",""disc_refname"":""<a refstr=FENG_ET_AL__2022 href=https://ui.adsabs.harvard.edu/abs/2022ApJS..262...21F/abstract target=ref>Feng et al. 2022</a>"",""import_batch"":""astralys_nasa_confirmed_planets_20260918"",""discovery_status"":""confirmed"",""table"":""pscomppars"",""gaia_host_source_id"":""6334990316794611200"",""orbit_order"":1,""retrieved_at"":""2026-09-18T14:51:26.782Z"",""sky_position_kind"":""host_system_direction"",""visual_is_interpretation"":true,""best_mass_is_minimum"":false}"
planet,NASA_EXOPLANET_ARCHIVE,HD 88072 b,HD 88072 b,e84e6e45-119a-4bd5-b2a3-18b2e2f45b8c,HD 88072,152.3467466,2.371054,117.121967,,12.6,2511.79790052,18538.79293,76,2022,Radial Velocity,Feng et al. 2022,253518527,gas,2026-09-18T14:51:26.782Z,"{""pl_name"":""HD 88072 b"",""hostname"":""HD 88072"",""gaia_dr3_id"":""Gaia DR3 3835743693290897152"",""ra"":152.3467466,""dec"":2.371054,""sy_dist"":35.9098,""sy_gaiamag"":7.37665,""pl_rade"":12.6,""pl_radelim"":0,""pl_bmasse"":2511.79790052,""pl_bmasselim"":0,""pl_bmassprov"":""Mass"",""pl_orbper"":18538.79293,""pl_orbperlim"":0,""pl_orbsmax"":13.895,""pl_eqt"":76.03,""pl_eqtlim"":0,""disc_year"":2022,""discoverymethod"":""Radial Velocity"",""disc_refname"":""<a refstr=FENG_ET_AL__2022 href=https://ui.adsabs.harvard.edu/abs/2022ApJS..262...21F/abstract target=ref>Feng et al. 2022</a>"",""import_batch"":""astralys_nasa_confirmed_planets_20260918"",""discovery_status"":""confirmed"",""table"":""pscomppars"",""gaia_host_source_id"":""3835743693290897152"",""orbit_order"":1,""retrieved_at"":""2026-09-18T14:51:26.782Z"",""sky_position_kind"":""host_system_direction"",""visual_is_interpretation"":true,""best_mass_is_minimum"":false}"
planet,NASA_EXOPLANET_ARCHIVE,HD 142 c,HD 142 c,18d97134-2baa-4bee-a4f4-3091b3277117,HD 142,1.5836771,-49.0753625,85.404927,,12.4,3464.64746471,10159.64279,117,2012,Radial Velocity, Wittenmyer et al. 2012 ,1125927502,gas,2026-09-18T14:51:26.782Z,"{""pl_name"":""HD 142 c"",""hostname"":""HD 142"",""gaia_dr3_id"":""Gaia DR3 4976894960284258048"",""ra"":1.5836771,""dec"":-49.0753625,""sy_dist"":26.1853,""sy_gaiamag"":5.58442,""pl_rade"":12.4,""pl_radelim"":0,""pl_bmasse"":3464.64746471,""pl_bmasselim"":0,""pl_bmassprov"":""Mass"",""pl_orbper"":10159.64279,""pl_orbperlim"":0,""pl_orbsmax"":9.811,""pl_eqt"":116.56,""pl_eqtlim"":0,""disc_year"":2012,""discoverymethod"":""Radial Velocity"",""disc_refname"":""<a refstr=WITTENMYER_ET_AL__2012 href=https://ui.adsabs.harvard.edu/abs/2012ApJ...753..169W/abstract target=ref> Wittenmyer et al. 2012 </a>"",""import_batch"":""astralys_nasa_confirmed_planets_20260918"",""discovery_status"":""confirmed"",""table"":""pscomppars"",""gaia_host_source_id"":""4976894960284258048"",""orbit_order"":3,""retrieved_at"":""2026-09-18T14:51:26.782Z"",""sky_position_kind"":""host_system_direction"",""visual_is_interpretation"":true,""best_mass_is_minimum"":false}"
planet,NASA_EXOPLANET_ARCHIVE,GJ 338 B b,GJ 338 B b,46d99616-f2f2-4a74-8c3d-9075ba584629,GJ 338 B,138.5916722,52.6835211,20.654024,,3.25,,24.422,391,2020,Radial Velocity,Gonz&aacute;lez-&Aacute;lvarez et al. 2020,1464194647,rocky,2026-09-18T14:51:26.782Z,"{""pl_name"":""GJ 338 B b"",""hostname"":""GJ 338 B"",""gaia_dr3_id"":""Gaia DR3 1022456104850892928"",""ra"":138.5916722,""dec"":52.6835211,""sy_dist"":6.33256,""sy_gaiamag"":7.04775,""pl_rade"":3.25,""pl_radelim"":0,""pl_bmasse"":10.6,""pl_bmasselim"":0,""pl_bmassprov"":""Msini"",""pl_orbper"":24.422,""pl_orbperlim"":0,""pl_orbsmax"":0.142,""pl_eqt"":391,""pl_eqtlim"":0,""disc_year"":2020,""discoverymethod"":""Radial Velocity"",""disc_refname"":""<a refstr=GONZ_AACUTE_LEZ__AACUTE_LVAREZ_ET_AL__2020 href=https://ui.adsabs.harvard.edu/abs/2020A&A...637A..93G/abstract target=ref>Gonz&aacute;lez-&Aacute;lvarez et al. 2020</a>"",""import_batch"":""astralys_nasa_confirmed_planets_20260918"",""discovery_status"":""confirmed"",""table"":""pscomppars"",""gaia_host_source_id"":""1022456104850892928"",""orbit_order"":1,""retrieved_at"":""2026-09-18T14:51:26.782Z"",""sky_position_kind"":""host_system_direction"",""visual_is_interpretation"":true,""best_mass_is_minimum"":true}"
planet,NASA_EXOPLANET_ARCHIVE,HIP 21152 b,HIP 21152 b,8e70068d-30ab-41bf-8bce-89d9abe043cc,HIP 21152,68.0205209,5.4100745,141.575513,,12,7627.881768,22000,1300,2022,Imaging,Kuzuhara et al. 2022,255294572,gas,2026-09-18T14:51:26.782Z,"{""pl_name"":""HIP 21152 b"",""hostname"":""HIP 21152"",""gaia_dr3_id"":""Gaia DR3 3285426613077584384"",""ra"":68.0205209,""dec"":5.4100745,""sy_dist"":43.4073,""sy_gaiamag"":6.25568,""pl_rade"":12,""pl_radelim"":0,""pl_bmasse"":7627.881768,""pl_bmasselim"":0,""pl_bmassprov"":""Mass"",""pl_orbper"":22000,""pl_orbperlim"":0,""pl_orbsmax"":17,""pl_eqt"":1300,""pl_eqtlim"":0,""disc_year"":2022,""discoverymethod"":""Imaging"",""disc_refname"":""<a refstr=KUZUHARA_ET_AL_2022 href=https://ui.adsabs.harvard.edu/abs/2022ApJ...934L..18K/abstract target=ref>Kuzuhara et al. 2022</a>"",""import_batch"":""astralys_nasa_confirmed_planets_20260918"",""discovery_status"":""confirmed"",""table"":""pscomppars"",""gaia_host_source_id"":""3285426613077584384"",""orbit_order"":1,""retrieved_at"":""2026-09-18T14:51:26.782Z"",""sky_position_kind"":""host_system_direction"",""visual_is_interpretation"":true,""best_mass_is_minimum"":false}"
planet,NASA_EXOPLANET_ARCHIVE,HD 45364 c,HD 45364 c,46ae3594-cfb0-4b5c-a209-4ff98e1235ff,HD 45364,96.4105736,-31.4810037,112.047632,,14.2,,345.43,262,2008,Radial Velocity, Correia et al. 2009 ,1908962655,gas,2026-09-18T14:51:26.782Z,"{""pl_name"":""HD 45364 c"",""hostname"":""HD 45364"",""gaia_dr3_id"":""Gaia DR3 2893174259322992256"",""ra"":96.4105736,""dec"":-31.4810037,""sy_dist"":34.354,""sy_gaiamag"":7.88016,""pl_rade"":14.2,""pl_radelim"":0,""pl_bmasse"":174.48779544,""pl_bmasselim"":0,""pl_bmassprov"":""Msini"",""pl_orbper"":345.43,""pl_orbperlim"":0,""pl_orbsmax"":0.902,""pl_eqt"":261.82,""pl_eqtlim"":0,""disc_year"":2008,""discoverymethod"":""Radial Velocity"",""disc_refname"":""<a refstr=CORREIA_ET_AL__2009 href=https://ui.adsabs.harvard.edu/abs/2009A&A...496..521C/abstract target=ref> Correia et al. 2009 </a>"",""import_batch"":""astralys_nasa_confirmed_planets_20260918"",""discovery_status"":""confirmed"",""table"":""pscomppars"",""gaia_host_source_id"":""2893174259322992256"",""orbit_order"":2,""retrieved_at"":""2026-09-18T14:51:26.782Z"",""sky_position_kind"":""host_system_direction"",""visual_is_interpretation"":true,""best_mass_is_minimum"":true}"
planet,NASA_EXOPLANET_ARCHIVE,PZ Tel b,PZ Tel b,9723b2b9-7ec9-42fd-8891-2e174a8588ff,PZ Tel,283.2745823,-50.1808952,153.504669,,11.9,8581.366989,44000,54,2023,Imaging,Franson &amp; Bowler 2023,252081436,gas,2026-09-18T14:51:26.782Z,"{""pl_name"":""PZ Tel b"",""hostname"":""PZ Tel"",""gaia_dr3_id"":""Gaia DR3 6655168686921108864"",""ra"":283.2745823,""dec"":-50.1808952,""sy_dist"":47.0648,""sy_gaiamag"":8.09894,""pl_rade"":11.9,""pl_radelim"":0,""pl_bmasse"":8581.366989,""pl_bmasselim"":0,""pl_bmassprov"":""Mass"",""pl_orbper"":44000,""pl_orbperlim"":0,""pl_orbsmax"":27,""pl_eqt"":53.77,""pl_eqtlim"":0,""disc_year"":2023,""discoverymethod"":""Imaging"",""disc_refname"":""<a refstr=FRANSON__BOWLER_2023 href=https://ui.adsabs.harvard.edu/abs/2023AJ....165..246F/abstract target=ref>Franson &amp; Bowler 2023</a>"",""import_batch"":""astralys_nasa_confirmed_planets_20260918"",""discovery_status"":""confirmed"",""table"":""pscomppars"",""gaia_host_source_id"":""6655168686921108864"",""orbit_order"":1,""retrieved_at"":""2026-09-18T14:51:26.782Z"",""sky_position_kind"":""host_system_direction"",""visual_is_interpretation"":true,""best_mass_is_minimum"":false}"
planet,NASA_EXOPLANET_ARCHIVE,HD 111998 b,HD 111998 b,a487f5f3-bf07-4160-a5bb-240dc3dc637d,HD 111998,193.2953521,-3.5531133,108.361091,,12.9,1525.5763536,810,275,2016,Radial Velocity,Borgniet et al. 2017,216546528,gas,2026-09-18T14:51:26.782Z,"{""pl_name"":""HD 111998 b"",""hostname"":""HD 111998"",""gaia_dr3_id"":""Gaia DR3 3679242575447826432"",""ra"":193.2953521,""dec"":-3.5531133,""sy_dist"":33.2237,""sy_gaiamag"":5.99548,""pl_rade"":12.9,""pl_radelim"":0,""pl_bmasse"":1525.5763536,""pl_bmasselim"":0,""pl_bmassprov"":""Mass"",""pl_orbper"":810,""pl_orbperlim"":0,""pl_orbsmax"":1.91,""pl_eqt"":275.49,""pl_eqtlim"":0,""disc_year"":2016,""discoverymethod"":""Radial Velocity"",""disc_refname"":""<a refstr=BORGNIET_ET_AL__2017 href=https://ui.adsabs.harvard.edu/abs/2017A&A...599A..57B/abstract target=ref>Borgniet et al. 2017</a>"",""import_batch"":""astralys_nasa_confirmed_planets_20260918"",""discovery_status"":""confirmed"",""table"":""pscomppars"",""gaia_host_source_id"":""3679242575447826432"",""orbit_order"":1,""retrieved_at"":""2026-09-18T14:51:26.782Z"",""sky_position_kind"":""host_system_direction"",""visual_is_interpretation"":true,""best_mass_is_minimum"":false}"
planet,NASA_EXOPLANET_ARCHIVE,HD 114783 c,HD 114783 c,04d03e48-8a7f-455d-aa75-513ae9017ad0,HD 114783,198.1818436,-2.2649921,68.697586,,13.4,603.8739733,4352,102,2016,Radial Velocity,Bryan et al. 2016,1316166805,gas,2026-09-18T14:51:26.782Z,"{""pl_name"":""HD 114783 c"",""hostname"":""HD 114783"",""gaia_dr3_id"":""Gaia DR3 3684934540986187776"",""ra"":198.1818436,""dec"":-2.2649921,""sy_dist"":21.0628,""sy_gaiamag"":7.31783,""pl_rade"":13.4,""pl_radelim"":0,""pl_bmasse"":603.8739733,""pl_bmasselim"":0,""pl_bmassprov"":""Mass"",""pl_orbper"":4352,""pl_orbperlim"":0,""pl_orbsmax"":5,""pl_eqt"":101.53,""pl_eqtlim"":0,""disc_year"":2016,""discoverymethod"":""Radial Velocity"",""disc_refname"":""<a refstr=BRYAN_ET_AL__2016 href=https://ui.adsabs.harvard.edu/abs/2016ApJ...821...89B/abstract target=ref>Bryan et al. 2016</a>"",""import_batch"":""astralys_nasa_confirmed_planets_20260918"",""discovery_status"":""confirmed"",""table"":""pscomppars"",""gaia_host_source_id"":""3684934540986187776"",""orbit_order"":2,""retrieved_at"":""2026-09-18T14:51:26.782Z"",""sky_position_kind"":""host_system_direction"",""visual_is_interpretation"":true,""best_mass_is_minimum"":false}"
planet,NASA_EXOPLANET_ARCHIVE,TOI-411 c,TOI-411 c,41078309-61b1-4239-b35f-9577f6dac8cb,HD 22946,54.819538,-42.7630276,204.758128,,2.328,,9.573083,931,2022,Transit,Cacciapuoti et al. 2022,718485102,lava,2026-09-18T14:51:26.782Z,"{""pl_name"":""TOI-411 c"",""hostname"":""HD 22946"",""gaia_dr3_id"":""Gaia DR3 4848767461548943104"",""ra"":54.819538,""dec"":-42.7630276,""sy_dist"":62.7792,""sy_gaiamag"":8.1281,""pl_rade"":2.328,""pl_radelim"":0,""pl_bmasse"":9.72,""pl_bmasselim"":1,""pl_bmassprov"":""Mass"",""pl_orbper"":9.573083,""pl_orbperlim"":0,""pl_orbsmax"":0.1017,""pl_eqt"":931,""pl_eqtlim"":0,""disc_year"":2022,""discoverymethod"":""Transit"",""disc_refname"":""<a refstr=CACCIAPUOTI_ET_AL_2022 href=https://ui.adsabs.harvard.edu/abs/2022A&A...668A..85C/abstract target=ref>Cacciapuoti et al. 2022</a>"",""import_batch"":""astralys_nasa_confirmed_planets_20260918"",""discovery_status"":""confirmed"",""table"":""pscomppars"",""gaia_host_source_id"":""4848767461548943104"",""orbit_order"":2,""retrieved_at"":""2026-09-18T14:51:26.782Z"",""sky_position_kind"":""host_system_direction"",""visual_is_interpretation"":true,""best_mass_is_minimum"":false}"
planet,NASA_EXOPLANET_ARCHIVE,HD 140901 c,HD 140901 c,fd4f0fbd-e63a-4679-942c-cdcb04dc5d10,HD 140901,236.8689866,-37.9172333,49.747922,,13.4,572.0911326,14386,77,2022,Radial Velocity,Feng et al. 2022,811762476,gas,2026-09-18T14:51:26.782Z,"{""pl_name"":""HD 140901 c"",""hostname"":""HD 140901"",""gaia_dr3_id"":""Gaia DR3 6009538585839374336"",""ra"":236.8689866,""dec"":-37.9172333,""sy_dist"":15.2528,""sy_gaiamag"":5.83135,""pl_rade"":13.4,""pl_radelim"":0,""pl_bmasse"":572.0911326,""pl_bmasselim"":0,""pl_bmassprov"":""Mass"",""pl_orbper"":14386,""pl_orbperlim"":0,""pl_orbsmax"":11.8,""pl_eqt"":76.76,""pl_eqtlim"":0,""disc_year"":2022,""discoverymethod"":""Radial Velocity"",""disc_refname"":""<a refstr=FENG_ET_AL__2022 href=https://ui.adsabs.harvard.edu/abs/2022ApJS..262...21F/abstract target=ref>Feng et al. 2022</a>"",""import_batch"":""astralys_nasa_confirmed_planets_20260918"",""discovery_status"":""confirmed"",""table"":""pscomppars"",""gaia_host_source_id"":""6009538585839374336"",""orbit_order"":2,""retrieved_at"":""2026-09-18T14:51:26.782Z"",""sky_position_kind"":""host_system_direction"",""visual_is_interpretation"":true,""best_mass_is_minimum"":false}"
planet,NASA_EXOPLANET_ARCHIVE,TOI-411 b,TOI-411 b,41078309-61b1-4239-b35f-9577f6dac8cb,HD 22946,54.819538,-42.7630276,204.758128,,1.362,,4.040295,1241,2022,Transit,Cacciapuoti et al. 2022,701707483,lava,2026-09-18T14:51:26.782Z,"{""pl_name"":""TOI-411 b"",""hostname"":""HD 22946"",""gaia_dr3_id"":""Gaia DR3 4848767461548943104"",""ra"":54.819538,""dec"":-42.7630276,""sy_dist"":62.7792,""sy_gaiamag"":8.1281,""pl_rade"":1.362,""pl_radelim"":0,""pl_bmasse"":13.71,""pl_bmasselim"":1,""pl_bmassprov"":""Mass"",""pl_orbper"":4.040295,""pl_orbperlim"":0,""pl_orbsmax"":0.05727,""pl_eqt"":1241,""pl_eqtlim"":0,""disc_year"":2022,""discoverymethod"":""Transit"",""disc_refname"":""<a refstr=CACCIAPUOTI_ET_AL_2022 href=https://ui.adsabs.harvard.edu/abs/2022A&A...668A..85C/abstract target=ref>Cacciapuoti et al. 2022</a>"",""import_batch"":""astralys_nasa_confirmed_planets_20260918"",""discovery_status"":""confirmed"",""table"":""pscomppars"",""gaia_host_source_id"":""4848767461548943104"",""orbit_order"":1,""retrieved_at"":""2026-09-18T14:51:26.782Z"",""sky_position_kind"":""host_system_direction"",""visual_is_interpretation"":true,""best_mass_is_minimum"":false}"
planet,NASA_EXOPLANET_ARCHIVE,HD 75302 b,HD 75302 b,8ab7ab57-dee6-42bb-8bab-5e4603df7666,HD 75302,132.3015641,3.4850141,98.919201,,12.8,1716.2733978,4356,116,2023,Radial Velocity,Philipot et al. 2023,446717424,gas,2026-09-18T14:51:26.782Z,"{""pl_name"":""HD 75302 b"",""hostname"":""HD 75302"",""gaia_dr3_id"":""Gaia DR3 581100382135253760"",""ra"":132.3015641,""dec"":3.4850141,""sy_dist"":30.3288,""sy_gaiamag"":7.283,""pl_rade"":12.8,""pl_radelim"":0,""pl_bmasse"":1716.2733978,""pl_bmasselim"":0,""pl_bmassprov"":""Mass"",""pl_orbper"":4356,""pl_orbperlim"":0,""pl_orbsmax"":5.3,""pl_eqt"":115.76,""pl_eqtlim"":0,""disc_year"":2023,""discoverymethod"":""Radial Velocity"",""disc_refname"":""<a refstr=PHILIPOT_ET_AL_2023 href=https://ui.adsabs.harvard.edu/abs/2023A&A...678A.107P/abstract target=ref>Philipot et al. 2023</a>"",""import_batch"":""astralys_nasa_confirmed_planets_20260918"",""discovery_status"":""confirmed"",""table"":""pscomppars"",""gaia_host_source_id"":""581100382135253760"",""orbit_order"":1,""retrieved_at"":""2026-09-18T14:51:26.782Z"",""sky_position_kind"":""host_system_direction"",""visual_is_interpretation"":true,""best_mass_is_minimum"":false}"
planet,NASA_EXOPLANET_ARCHIVE,HD 99492 b,HD 99492 b,38aefcdb-ca18-4bdf-92ee-41519a86af34,HD 99492,171.689687,3.0071331,59.372786,,5.44,,17.0503,622,2004,Radial Velocity, Marcy et al. 2005 ,523243346,gas,2026-09-18T14:51:26.782Z,"{""pl_name"":""HD 99492 b"",""hostname"":""HD 99492"",""gaia_dr3_id"":""Gaia DR3 3812355294262255104"",""ra"":171.689687,""dec"":3.0071331,""sy_dist"":18.2038,""sy_gaiamag"":7.26005,""pl_rade"":5.44,""pl_radelim"":0,""pl_bmasse"":25.5,""pl_bmasselim"":0,""pl_bmassprov"":""Msini"",""pl_orbper"":17.0503,""pl_orbperlim"":0,""pl_orbsmax"":0.12,""pl_eqt"":622.27,""pl_eqtlim"":0,""disc_year"":2004,""discoverymethod"":""Radial Velocity"",""disc_refname"":""<a refstr=MARCY_ET_AL__2005 href=https://ui.adsabs.harvard.edu/abs/2005ApJ...619..570M/abstract target=ref> Marcy et al. 2005 </a>"",""import_batch"":""astralys_nasa_confirmed_planets_20260918"",""discovery_status"":""confirmed"",""table"":""pscomppars"",""gaia_host_source_id"":""3812355294262255104"",""orbit_order"":1,""retrieved_at"":""2026-09-18T14:51:26.782Z"",""sky_position_kind"":""host_system_direction"",""visual_is_interpretation"":true,""best_mass_is_minimum"":true}"
planet,NASA_EXOPLANET_ARCHIVE,HD 74698 b,HD 74698 b,20654713-c36f-41e7-9671-41ce6ac8ac02,HD 74698,130.0744755,-71.8768726,169.812469,,5.12,,15.017,926,2023,Radial Velocity,Frensch et al. 2023,646927418,gas,2026-09-18T14:51:26.782Z,"{""pl_name"":""HD 74698 b"",""hostname"":""HD 74698"",""gaia_dr3_id"":""Gaia DR3 5220639164696365312"",""ra"":130.0744755,""dec"":-71.8768726,""sy_dist"":52.0648,""sy_gaiamag"":7.60959,""pl_rade"":5.12,""pl_radelim"":0,""pl_bmasse"":23,""pl_bmasselim"":0,""pl_bmassprov"":""Msini"",""pl_orbper"":15.017,""pl_orbperlim"":0,""pl_orbsmax"":0.121,""pl_eqt"":925.57,""pl_eqtlim"":0,""disc_year"":2023,""discoverymethod"":""Radial Velocity"",""disc_refname"":""<a refstr=FRENSCH_ET_AL_2023 href=https://ui.adsabs.harvard.edu/abs/2023A&A...675A.173F/abstract target=ref>Frensch et al. 2023</a>"",""import_batch"":""astralys_nasa_confirmed_planets_20260918"",""discovery_status"":""confirmed"",""table"":""pscomppars"",""gaia_host_source_id"":""5220639164696365312"",""orbit_order"":1,""retrieved_at"":""2026-09-18T14:51:26.782Z"",""sky_position_kind"":""host_system_direction"",""visual_is_interpretation"":true,""best_mass_is_minimum"":true}"
planet,NASA_EXOPLANET_ARCHIVE,HD 74698 c,HD 74698 c,20654713-c36f-41e7-9671-41ce6ac8ac02,HD 74698,130.0744755,-71.8768726,169.812469,,14,,3449,152,2023,Radial Velocity,Frensch et al. 2023,630149799,gas,2026-09-18T14:51:26.782Z,"{""pl_name"":""HD 74698 c"",""hostname"":""HD 74698"",""gaia_dr3_id"":""Gaia DR3 5220639164696365312"",""ra"":130.0744755,""dec"":-71.8768726,""sy_dist"":52.0648,""sy_gaiamag"":7.60959,""pl_rade"":14,""pl_radelim"":0,""pl_bmasse"":126,""pl_bmasselim"":0,""pl_bmassprov"":""Msini"",""pl_orbper"":3449,""pl_orbperlim"":0,""pl_orbsmax"":4.5,""pl_eqt"":151.77,""pl_eqtlim"":0,""disc_year"":2023,""discoverymethod"":""Radial Velocity"",""disc_refname"":""<a refstr=FRENSCH_ET_AL_2023 href=https://ui.adsabs.harvard.edu/abs/2023A&A...675A.173F/abstract target=ref>Frensch et al. 2023</a>"",""import_batch"":""astralys_nasa_confirmed_planets_20260918"",""discovery_status"":""confirmed"",""table"":""pscomppars"",""gaia_host_source_id"":""5220639164696365312"",""orbit_order"":2,""retrieved_at"":""2026-09-18T14:51:26.782Z"",""sky_position_kind"":""host_system_direction"",""visual_is_interpretation"":true,""best_mass_is_minimum"":true}"
planet,NASA_EXOPLANET_ARCHIVE,GJ 832 b,GJ 832 b,d2da2172-d677-452a-b738-fac1581e2795,GJ 832,323.3912616,-49.0125169,16.191525,,13.8,314.65012293,3853,58,2008,Radial Velocity, Bailey et al. 2009 ,401581215,gas,2026-09-18T14:51:26.782Z,"{""pl_name"":""GJ 832 b"",""hostname"":""GJ 832"",""gaia_dr3_id"":""Gaia DR3 6562924609150908416"",""ra"":323.3912616,""dec"":-49.0125169,""sy_dist"":4.96435,""sy_gaiamag"":7.73761,""pl_rade"":13.8,""pl_radelim"":0,""pl_bmasse"":314.65012293,""pl_bmasselim"":0,""pl_bmassprov"":""Mass"",""pl_orbper"":3853,""pl_orbperlim"":0,""pl_orbsmax"":3.7,""pl_eqt"":57.84,""pl_eqtlim"":0,""disc_year"":2008,""discoverymethod"":""Radial Velocity"",""disc_refname"":""<a refstr=BAILEY_ET_AL__2009 href=https://ui.adsabs.harvard.edu/abs/2009ApJ...690..743B/abstract target=ref> Bailey et al. 2009 </a>"",""import_batch"":""astralys_nasa_confirmed_planets_20260918"",""discovery_status"":""confirmed"",""table"":""pscomppars"",""gaia_host_source_id"":""6562924609150908416"",""orbit_order"":1,""retrieved_at"":""2026-09-18T14:51:26.782Z"",""sky_position_kind"":""host_system_direction"",""visual_is_interpretation"":true,""best_mass_is_minimum"":false}"
planet,NASA_EXOPLANET_ARCHIVE,HD 100777 b,HD 100777 b,1577d44d-e8e4-47d6-8b7c-c57c748f4a22,HD 100777,173.9646303,-4.7555425,161.556808,,13.7,390.92894061,383,264,2007,Radial Velocity, Naef et al. 2007 ,31129340,gas,2026-09-18T14:51:26.782Z,"{""pl_name"":""HD 100777 b"",""hostname"":""HD 100777"",""gaia_dr3_id"":""Gaia DR3 3786035184916139136"",""ra"":173.9646303,""dec"":-4.7555425,""sy_dist"":49.5336,""sy_gaiamag"":8.2387,""pl_rade"":13.7,""pl_radelim"":0,""pl_bmasse"":390.92894061,""pl_bmasselim"":0,""pl_bmassprov"":""Mass"",""pl_orbper"":383,""pl_orbperlim"":0,""pl_orbsmax"":1.06,""pl_eqt"":264.28,""pl_eqtlim"":0,""disc_year"":2007,""discoverymethod"":""Radial Velocity"",""disc_refname"":""<a refstr=NAEF_ET_AL__2007 href=https://ui.adsabs.harvard.edu/abs/2007A&A...470..721N/abstract target=ref> Naef et al. 2007 </a>"",""import_batch"":""astralys_nasa_confirmed_planets_20260918"",""discovery_status"":""confirmed"",""table"":""pscomppars"",""gaia_host_source_id"":""3786035184916139136"",""orbit_order"":1,""retrieved_at"":""2026-09-18T14:51:26.782Z"",""sky_position_kind"":""host_system_direction"",""visual_is_interpretation"":true,""best_mass_is_minimum"":false}"
planet,NASA_EXOPLANET_ARCHIVE,HD 165131 b,HD 165131 b,3533f0a4-c94c-4e78-9977-108f5a50c266,HD 165131,271.3444007,-21.6737039,187.299323,,12.1,5943.3912109,2342.6,155,2023,Radial Velocity,Xiao et al. 2023,462920704,gas,2026-09-18T14:51:26.782Z,"{""pl_name"":""HD 165131 b"",""hostname"":""HD 165131"",""gaia_dr3_id"":""Gaia DR3 4070009007975710464"",""ra"":271.3444007,""dec"":-21.6737039,""sy_dist"":57.4263,""sy_gaiamag"":8.26134,""pl_rade"":12.1,""pl_radelim"":0,""pl_bmasse"":5943.3912109,""pl_bmasselim"":0,""pl_bmassprov"":""Mass"",""pl_orbper"":2342.6,""pl_orbperlim"":0,""pl_orbsmax"":3.54,""pl_eqt"":155.2,""pl_eqtlim"":0,""disc_year"":2023,""discoverymethod"":""Radial Velocity"",""disc_refname"":""<a refstr=XIAO_ET_AL__2023 href=https://ui.adsabs.harvard.edu/abs/2023RAA....23e5022X/abstract target=ref>Xiao et al. 2023</a>"",""import_batch"":""astralys_nasa_confirmed_planets_20260918"",""discovery_status"":""confirmed"",""table"":""pscomppars"",""gaia_host_source_id"":""4070009007975710464"",""orbit_order"":1,""retrieved_at"":""2026-09-18T14:51:26.782Z"",""sky_position_kind"":""host_system_direction"",""visual_is_interpretation"":true,""best_mass_is_minimum"":false}"
planet,NASA_EXOPLANET_ARCHIVE,HIP 39017 b,HIP 39017 b,fe0f5e0b-fc63-4e68-85d0-b3e82ddcb404,HIP 39017,119.7665756,-4.3326006,216.312204,,12,7500.7504052,31000,91,2024,Imaging,Tobin et al. 2024,602150741,gas,2026-09-18T14:51:26.782Z,"{""pl_name"":""HIP 39017 b"",""hostname"":""HIP 39017"",""gaia_dr3_id"":""Gaia DR3 3068540350999693952"",""ra"":119.7665756,""dec"":-4.3326006,""sy_dist"":66.3217,""sy_gaiamag"":6.90458,""pl_rade"":12,""pl_radelim"":0,""pl_bmasse"":7500.7504052,""pl_bmasselim"":0,""pl_bmassprov"":""Mass"",""pl_orbper"":31000,""pl_orbperlim"":0,""pl_orbsmax"":22.1,""pl_eqt"":91.06,""pl_eqtlim"":0,""disc_year"":2024,""discoverymethod"":""Imaging"",""disc_refname"":""<a refstr=TOBIN_ET_AL__2024 href=https://ui.adsabs.harvard.edu/abs/2024AJ....167..205T/abstract target=ref>Tobin et al. 2024</a>"",""import_batch"":""astralys_nasa_confirmed_planets_20260918"",""discovery_status"":""confirmed"",""table"":""pscomppars"",""gaia_host_source_id"":""3068540350999693952"",""orbit_order"":1,""retrieved_at"":""2026-09-18T14:51:26.782Z"",""sky_position_kind"":""host_system_direction"",""visual_is_interpretation"":true,""best_mass_is_minimum"":false}"
planet,NASA_EXOPLANET_ARCHIVE,omi UMa b,omi UMa b,b1c8dbd0-c8a0-4758-ba06-b828e3a6ffd5,omi UMa,127.5649503,60.7177048,179.108241,,13,,1569.81,474,2012,Radial Velocity, Sato et al. 2012 ,1478034343,gas,2026-09-18T14:51:26.782Z,"{""pl_name"":""omi UMa b"",""hostname"":""omi UMa"",""gaia_dr3_id"":""Gaia DR3 1041808368494264576"",""ra"":127.5649503,""dec"":60.7177048,""sy_dist"":54.9149,""sy_gaiamag"":3.14432,""pl_rade"":13,""pl_radelim"":0,""pl_bmasse"":1160.39151396,""pl_bmasselim"":0,""pl_bmassprov"":""Msini"",""pl_orbper"":1569.81,""pl_orbperlim"":0,""pl_orbsmax"":3.691,""pl_eqt"":473.88,""pl_eqtlim"":0,""disc_year"":2012,""discoverymethod"":""Radial Velocity"",""disc_refname"":""<a refstr=SATO_ET_AL__2012 href=https://ui.adsabs.harvard.edu/abs/2012PASJ...64..135S/abstract target=ref> Sato et al. 2012 </a>"",""import_batch"":""astralys_nasa_confirmed_planets_20260918"",""discovery_status"":""confirmed"",""table"":""pscomppars"",""gaia_host_source_id"":""1041808368494264576"",""orbit_order"":1,""retrieved_at"":""2026-09-18T14:51:26.782Z"",""sky_position_kind"":""host_system_direction"",""visual_is_interpretation"":true,""best_mass_is_minimum"":true}"
planet,NASA_EXOPLANET_ARCHIVE,omi CrB b,omi CrB b,a6e72cdd-b435-4b33-892a-25ab51703abf,omi CrB,230.0350768,29.6160222,276.542128,,13.7,,187.01,948,2012,Radial Velocity, Sato et al. 2012 ,845591467,gas,2026-09-18T14:51:26.782Z,"{""pl_name"":""omi CrB b"",""hostname"":""omi CrB"",""gaia_dr3_id"":""Gaia DR3 1275235752223276288"",""ra"":230.0350768,""dec"":29.6160222,""sy_dist"":84.7883,""sy_gaiamag"":5.22055,""pl_rade"":13.7,""pl_radelim"":0,""pl_bmasse"":355.96781584,""pl_bmasselim"":0,""pl_bmassprov"":""Msini"",""pl_orbper"":187.01,""pl_orbperlim"":0,""pl_orbsmax"":0.699,""pl_eqt"":947.65,""pl_eqtlim"":0,""disc_year"":2012,""discoverymethod"":""Radial Velocity"",""disc_refname"":""<a refstr=SATO_ET_AL__2012 href=https://ui.adsabs.harvard.edu/abs/2012PASJ...64..135S/abstract target=ref> Sato et al. 2012 </a>"",""import_batch"":""astralys_nasa_confirmed_planets_20260918"",""discovery_status"":""confirmed"",""table"":""pscomppars"",""gaia_host_source_id"":""1275235752223276288"",""orbit_order"":1,""retrieved_at"":""2026-09-18T14:51:26.782Z"",""sky_position_kind"":""host_system_direction"",""visual_is_interpretation"":true,""best_mass_is_minimum"":true}"
planet,NASA_EXOPLANET_ARCHIVE,HD 4732 c,HD 4732 c,4d9b9e9e-3344-480c-91ff-8ca5cd09a579,HD 4732,12.3085089,-24.1369079,178.681629,,13.1,,3184.2,244,2012,Radial Velocity, Sato et al. 2013 ,1660657339,gas,2026-09-18T14:51:26.782Z,"{""pl_name"":""HD 4732 c"",""hostname"":""HD 4732"",""gaia_dr3_id"":""Gaia DR3 2345744256120965504"",""ra"":12.3085089,""dec"":-24.1369079,""sy_dist"":54.7841,""sy_gaiamag"":5.6509,""pl_rade"":13.1,""pl_radelim"":0,""pl_bmasse"":1069.49258955,""pl_bmasselim"":0,""pl_bmassprov"":""Msini"",""pl_orbper"":3184.2,""pl_orbperlim"":0,""pl_orbsmax"":4.725,""pl_eqt"":243.69,""pl_eqtlim"":0,""disc_year"":2012,""discoverymethod"":""Radial Velocity"",""disc_refname"":""<a refstr=SATO_ET_AL__2013 href=https://ui.adsabs.harvard.edu/abs/2013ApJ...762....9S/abstract target=ref> Sato et al. 2013 </a>"",""import_batch"":""astralys_nasa_confirmed_planets_20260918"",""discovery_status"":""confirmed"",""table"":""pscomppars"",""gaia_host_source_id"":""2345744256120965504"",""orbit_order"":2,""retrieved_at"":""2026-09-18T14:51:26.782Z"",""sky_position_kind"":""host_system_direction"",""visual_is_interpretation"":true,""best_mass_is_minimum"":true}"
planet,NASA_EXOPLANET_ARCHIVE,HD 4732 b,HD 4732 b,4d9b9e9e-3344-480c-91ff-8ca5cd09a579,HD 4732,12.3085089,-24.1369079,178.681629,,13.4,,371.74,499,2012,Radial Velocity, Sato et al. 2013 ,1677434958,gas,2026-09-18T14:51:26.782Z,"{""pl_name"":""HD 4732 b"",""hostname"":""HD 4732"",""gaia_dr3_id"":""Gaia DR3 2345744256120965504"",""ra"":12.3085089,""dec"":-24.1369079,""sy_dist"":54.7841,""sy_gaiamag"":5.6509,""pl_rade"":13.4,""pl_radelim"":0,""pl_bmasse"":631.2072163,""pl_bmasselim"":0,""pl_bmassprov"":""Msini"",""pl_orbper"":371.74,""pl_orbperlim"":0,""pl_orbsmax"":1.129,""pl_eqt"":498.53,""pl_eqtlim"":0,""disc_year"":2012,""discoverymethod"":""Radial Velocity"",""disc_refname"":""<a refstr=SATO_ET_AL__2013 href=https://ui.adsabs.harvard.edu/abs/2013ApJ...762....9S/abstract target=ref> Sato et al. 2013 </a>"",""import_batch"":""astralys_nasa_confirmed_planets_20260918"",""discovery_status"":""confirmed"",""table"":""pscomppars"",""gaia_host_source_id"":""2345744256120965504"",""orbit_order"":1,""retrieved_at"":""2026-09-18T14:51:26.782Z"",""sky_position_kind"":""host_system_direction"",""visual_is_interpretation"":true,""best_mass_is_minimum"":true}"
planet,NASA_EXOPLANET_ARCHIVE,ome Ser b,ome Ser b,228c1d65-5798-4188-86c4-c8b5cc73377c,ome Ser,237.5732422,2.196304,250.342995,,14,,278.59,825,2013,Radial Velocity, Sato et al. 2013 ,441162408,gas,2026-09-18T14:51:26.782Z,"{""pl_name"":""ome Ser b"",""hostname"":""ome Ser"",""gaia_dr3_id"":""Gaia DR3 4423234230853333632"",""ra"":237.5732422,""dec"":2.196304,""sy_dist"":76.7556,""sy_gaiamag"":4.92833,""pl_rade"":14,""pl_radelim"":0,""pl_bmasse"":233.92170755,""pl_bmasselim"":0,""pl_bmassprov"":""Msini"",""pl_orbper"":278.59,""pl_orbperlim"":0,""pl_orbsmax"":0.838,""pl_eqt"":824.94,""pl_eqtlim"":0,""disc_year"":2013,""discoverymethod"":""Radial Velocity"",""disc_refname"":""<a refstr=SATO_ET_AL__2013 href=https://ui.adsabs.harvard.edu/abs/2013PASJ...65...85S/abstract target=ref> Sato et al. 2013 </a>"",""import_batch"":""astralys_nasa_confirmed_planets_20260918"",""discovery_status"":""confirmed"",""table"":""pscomppars"",""gaia_host_source_id"":""4423234230853333632"",""orbit_order"":1,""retrieved_at"":""2026-09-18T14:51:26.782Z"",""sky_position_kind"":""host_system_direction"",""visual_is_interpretation"":true,""best_mass_is_minimum"":true}"
planet,NASA_EXOPLANET_ARCHIVE,gam Lib b,gam Lib b,c6d215e8-0e23-45cb-9888-5965a46100aa,gam Lib,233.8818636,-14.789502,154.603489,,13.7,,414.88,721,2018,Radial Velocity,Takarada et al. 2018,1529565893,gas,2026-09-18T14:51:26.782Z,"{""pl_name"":""gam Lib b"",""hostname"":""gam Lib"",""gaia_dr3_id"":""Gaia DR3 6265374394490973184"",""ra"":233.8818636,""dec"":-14.789502,""sy_dist"":47.4017,""sy_gaiamag"":3.64937,""pl_rade"":13.7,""pl_radelim"":0,""pl_bmasse"":357.87478628,""pl_bmasselim"":0,""pl_bmassprov"":""Msini"",""pl_orbper"":414.88,""pl_orbperlim"":0,""pl_orbsmax"":1.319,""pl_eqt"":720.78,""pl_eqtlim"":0,""disc_year"":2018,""discoverymethod"":""Radial Velocity"",""disc_refname"":""<a refstr=TAKARADA_ET_AL__2018 href=https://ui.adsabs.harvard.edu/abs/2018PASJ...70...59T/abstract target=ref>Takarada et al. 2018</a>"",""import_batch"":""astralys_nasa_confirmed_planets_20260918"",""discovery_status"":""confirmed"",""table"":""pscomppars"",""gaia_host_source_id"":""6265374394490973184"",""orbit_order"":1,""retrieved_at"":""2026-09-18T14:51:26.782Z"",""sky_position_kind"":""host_system_direction"",""visual_is_interpretation"":true,""best_mass_is_minimum"":true}"
planet,NASA_EXOPLANET_ARCHIVE,HD 47366 b,HD 47366 b,876f01bb-4bb7-4325-b2ce-a34a04f8d125,HD 47366,99.4200181,-12.9856593,275.129546,,13.4,,360.08,577,2016,Radial Velocity,Sato et al. 2016,1950300142,gas,2026-09-18T14:51:26.782Z,"{""pl_name"":""HD 47366 b"",""hostname"":""HD 47366"",""gaia_dr3_id"":""Gaia DR3 2951804033248308480"",""ra"":99.4200181,""dec"":-12.9856593,""sy_dist"":84.3552,""sy_gaiamag"":5.83869,""pl_rade"":13.4,""pl_radelim"":0,""pl_bmasse"":661.71874337,""pl_bmasselim"":0,""pl_bmassprov"":""Msini"",""pl_orbper"":360.08,""pl_orbperlim"":0,""pl_orbsmax"":1.207,""pl_eqt"":577.05,""pl_eqtlim"":0,""disc_year"":2016,""discoverymethod"":""Radial Velocity"",""disc_refname"":""<a refstr=SATO_ET_AL__2016 href=https://ui.adsabs.harvard.edu/abs/2016ApJ...819...59S/abstract target=ref>Sato et al. 2016</a>"",""import_batch"":""astralys_nasa_confirmed_planets_20260918"",""discovery_status"":""confirmed"",""table"":""pscomppars"",""gaia_host_source_id"":""2951804033248308480"",""orbit_order"":1,""retrieved_at"":""2026-09-18T14:51:26.782Z"",""sky_position_kind"":""host_system_direction"",""visual_is_interpretation"":true,""best_mass_is_minimum"":true}"
planet,NASA_EXOPLANET_ARCHIVE,HD 47366 c,HD 47366 c,876f01bb-4bb7-4325-b2ce-a34a04f8d125,HD 47366,99.4200181,-12.9856593,275.129546,,13.5,,677.53,467,2016,Radial Velocity,Sato et al. 2016,1933522523,gas,2026-09-18T14:51:26.782Z,"{""pl_name"":""HD 47366 c"",""hostname"":""HD 47366"",""gaia_dr3_id"":""Gaia DR3 2951804033248308480"",""ra"":99.4200181,""dec"":-12.9856593,""sy_dist"":84.3552,""sy_gaiamag"":5.83869,""pl_rade"":13.5,""pl_radelim"":0,""pl_bmasse"":483.73483545,""pl_bmasselim"":0,""pl_bmassprov"":""Msini"",""pl_orbper"":677.53,""pl_orbperlim"":0,""pl_orbsmax"":1.84,""pl_eqt"":467.37,""pl_eqtlim"":0,""disc_year"":2016,""discoverymethod"":""Radial Velocity"",""disc_refname"":""<a refstr=SATO_ET_AL__2016 href=https://ui.adsabs.harvard.edu/abs/2016ApJ...819...59S/abstract target=ref>Sato et al. 2016</a>"",""import_batch"":""astralys_nasa_confirmed_planets_20260918"",""discovery_status"":""confirmed"",""table"":""pscomppars"",""gaia_host_source_id"":""2951804033248308480"",""orbit_order"":2,""retrieved_at"":""2026-09-18T14:51:26.782Z"",""sky_position_kind"":""host_system_direction"",""visual_is_interpretation"":true,""best_mass_is_minimum"":true}"
planet,NASA_EXOPLANET_ARCHIVE,HD 134606 d,HD 134606 d,be75a918-cfd3-41c8-a7dc-7594102d70fa,HD 134606,228.8103897,-70.5203328,87.380128,,7.59,,966.5,208,2024,Radial Velocity,Li et al. 2024,314398792,gas,2026-09-18T14:51:26.782Z,"{""pl_name"":""HD 134606 d"",""hostname"":""HD 134606"",""gaia_dr3_id"":""Gaia DR3 5798962867668048768"",""ra"":228.8103897,""dec"":-70.5203328,""sy_dist"":26.7909,""sy_gaiamag"":6.67835,""pl_rade"":7.59,""pl_radelim"":0,""pl_bmasse"":44.8,""pl_bmasselim"":0,""pl_bmassprov"":""Msini"",""pl_orbper"":966.5,""pl_orbperlim"":0,""pl_orbsmax"":1.941,""pl_eqt"":207.68,""pl_eqtlim"":0,""disc_year"":2024,""discoverymethod"":""Radial Velocity"",""disc_refname"":""<a refstr=LI_ET_AL_2024 href=https://ui.adsabs.harvard.edu/abs/2024AJ....167..155L/abstract target=ref>Li et al. 2024</a>"",""import_batch"":""astralys_nasa_confirmed_planets_20260918"",""discovery_status"":""confirmed"",""table"":""pscomppars"",""gaia_host_source_id"":""5798962867668048768"",""orbit_order"":5,""retrieved_at"":""2026-09-18T14:51:26.782Z"",""sky_position_kind"":""host_system_direction"",""visual_is_interpretation"":true,""best_mass_is_minimum"":true}"
planet,NASA_EXOPLANET_ARCHIVE,gam Cep b,gam Cep b,33742a57-5e11-49df-80d1-578c7cd7be98,gam Cep,354.8358233,77.6331009,45.995824,,12.7,2097.6674862,913,343,2003,Radial Velocity, Hatzes et al. 2003 ,9379819,gas,2026-09-18T14:51:26.782Z,"{""pl_name"":""gam Cep b"",""hostname"":""gam Cep"",""gaia_dr3_id"":""Gaia DR3 2281778105594488192"",""ra"":354.8358233,""dec"":77.6331009,""sy_dist"":14.1024,""sy_gaiamag"":2.92627,""pl_rade"":12.7,""pl_radelim"":0,""pl_bmasse"":2097.6674862,""pl_bmasselim"":0,""pl_bmassprov"":""Mass"",""pl_orbper"":913,""pl_orbperlim"":0,""pl_orbsmax"":2.13,""pl_eqt"":343.48,""pl_eqtlim"":0,""disc_year"":2003,""discoverymethod"":""Radial Velocity"",""disc_refname"":""<a refstr=HATZES_ET_AL__2003 href=https://ui.adsabs.harvard.edu/abs/2003ApJ...599.1383H/abstract target=ref> Hatzes et al. 2003 </a>"",""import_batch"":""astralys_nasa_confirmed_planets_20260918"",""discovery_status"":""confirmed"",""table"":""pscomppars"",""gaia_host_source_id"":""2281778105594488192"",""orbit_order"":1,""retrieved_at"":""2026-09-18T14:51:26.782Z"",""sky_position_kind"":""host_system_direction"",""visual_is_interpretation"":true,""best_mass_is_minimum"":false}"
planet,NASA_EXOPLANET_ARCHIVE,HD 134606 f,HD 134606 f,be75a918-cfd3-41c8-a7dc-7594102d70fa,HD 134606,228.8103897,-70.5203328,87.380128,,2.24,,26.915,685,2024,Radial Velocity,Li et al. 2024,347954030,rocky,2026-09-18T14:51:26.782Z,"{""pl_name"":""HD 134606 f"",""hostname"":""HD 134606"",""gaia_dr3_id"":""Gaia DR3 5798962867668048768"",""ra"":228.8103897,""dec"":-70.5203328,""sy_dist"":26.7909,""sy_gaiamag"":6.67835,""pl_rade"":2.24,""pl_radelim"":0,""pl_bmasse"":5.63,""pl_bmasselim"":0,""pl_bmassprov"":""Msini"",""pl_orbper"":26.915,""pl_orbperlim"":0,""pl_orbsmax"":0.1784,""pl_eqt"":685.04,""pl_eqtlim"":0,""disc_year"":2024,""discoverymethod"":""Radial Velocity"",""disc_refname"":""<a refstr=LI_ET_AL_2024 href=https://ui.adsabs.harvard.edu/abs/2024AJ....167..155L/abstract target=ref>Li et al. 2024</a>"",""import_batch"":""astralys_nasa_confirmed_planets_20260918"",""discovery_status"":""confirmed"",""table"":""pscomppars"",""gaia_host_source_id"":""5798962867668048768"",""orbit_order"":3,""retrieved_at"":""2026-09-18T14:51:26.782Z"",""sky_position_kind"":""host_system_direction"",""visual_is_interpretation"":true,""best_mass_is_minimum"":true}"
planet,NASA_EXOPLANET_ARCHIVE,HD 134606 e,HD 134606 e,be75a918-cfd3-41c8-a7dc-7594102d70fa,HD 134606,228.8103897,-70.5203328,87.380128,,1.33,,4.3203,1260,2024,Radial Velocity,Li et al. 2024,297621173,lava,2026-09-18T14:51:26.782Z,"{""pl_name"":""HD 134606 e"",""hostname"":""HD 134606"",""gaia_dr3_id"":""Gaia DR3 5798962867668048768"",""ra"":228.8103897,""dec"":-70.5203328,""sy_dist"":26.7909,""sy_gaiamag"":6.67835,""pl_rade"":1.33,""pl_radelim"":0,""pl_bmasse"":2.34,""pl_bmasselim"":0,""pl_bmassprov"":""Msini"",""pl_orbper"":4.3203,""pl_orbperlim"":0,""pl_orbsmax"":0.0527,""pl_eqt"":1260.39,""pl_eqtlim"":0,""disc_year"":2024,""discoverymethod"":""Radial Velocity"",""disc_refname"":""<a refstr=LI_ET_AL_2024 href=https://ui.adsabs.harvard.edu/abs/2024AJ....167..155L/abstract target=ref>Li et al. 2024</a>"",""import_batch"":""astralys_nasa_confirmed_planets_20260918"",""discovery_status"":""confirmed"",""table"":""pscomppars"",""gaia_host_source_id"":""5798962867668048768"",""orbit_order"":1,""retrieved_at"":""2026-09-18T14:51:26.782Z"",""sky_position_kind"":""host_system_direction"",""visual_is_interpretation"":true,""best_mass_is_minimum"":true}"
planet,NASA_EXOPLANET_ARCHIVE,14 And b,14 And b,4938cd0b-cb4e-4643-833b-f7affbc4d76c,14 And,352.82415,39.2358367,246.049477,,13.1,,186.76,910,2008,Radial Velocity, Sato et al. 2008 ,1847239588,gas,2026-09-18T14:51:26.782Z,"{""pl_name"":""14 And b"",""hostname"":""14 And"",""gaia_dr3_id"":""Gaia DR3 1920113512486282240"",""ra"":352.82415,""dec"":39.2358367,""sy_dist"":75.4392,""sy_gaiamag"":4.91781,""pl_rade"":13.1,""pl_radelim"":0,""pl_bmasse"":1131.15130051,""pl_bmasselim"":0,""pl_bmassprov"":""Msini"",""pl_orbper"":186.76,""pl_orbperlim"":0,""pl_orbsmax"":0.775,""pl_eqt"":909.92,""pl_eqtlim"":0,""disc_year"":2008,""discoverymethod"":""Radial Velocity"",""disc_refname"":""<a refstr=SATO_ET_AL__2008 href=https://ui.adsabs.harvard.edu/abs/2008PASJ...60.1317S/abstract target=ref> Sato et al. 2008 </a>"",""import_batch"":""astralys_nasa_confirmed_planets_20260918"",""discovery_status"":""confirmed"",""table"":""pscomppars"",""gaia_host_source_id"":""1920113512486282240"",""orbit_order"":1,""retrieved_at"":""2026-09-18T14:51:26.782Z"",""sky_position_kind"":""host_system_direction"",""visual_is_interpretation"":true,""best_mass_is_minimum"":true}"
planet,NASA_EXOPLANET_ARCHIVE,6 Lyn b,6 Lyn b,c2ad91c0-0809-4066-b14a-16c0d38f3b90,6 Lyn,97.6960311,58.1611753,178.276543,,13.4,,919.86,372,2008,Radial Velocity, Sato et al. 2008 ,1987854201,gas,2026-09-18T14:51:26.782Z,"{""pl_name"":""6 Lyn b"",""hostname"":""6 Lyn"",""gaia_dr3_id"":""Gaia DR3 1004358968092652544"",""ra"":97.6960311,""dec"":58.1611753,""sy_dist"":54.6599,""sy_gaiamag"":5.60686,""pl_rade"":13.4,""pl_radelim"":0,""pl_bmasse"":597.83523357,""pl_bmasselim"":0,""pl_bmassprov"":""Msini"",""pl_orbper"":919.86,""pl_orbperlim"":0,""pl_orbsmax"":2.028,""pl_eqt"":371.86,""pl_eqtlim"":0,""disc_year"":2008,""discoverymethod"":""Radial Velocity"",""disc_refname"":""<a refstr=SATO_ET_AL__2008 href=https://ui.adsabs.harvard.edu/abs/2008PASJ...60.1317S/abstract target=ref> Sato et al. 2008 </a>"",""import_batch"":""astralys_nasa_confirmed_planets_20260918"",""discovery_status"":""confirmed"",""table"":""pscomppars"",""gaia_host_source_id"":""1004358968092652544"",""orbit_order"":1,""retrieved_at"":""2026-09-18T14:51:26.782Z"",""sky_position_kind"":""host_system_direction"",""visual_is_interpretation"":true,""best_mass_is_minimum"":true}"
planet,NASA_EXOPLANET_ARCHIVE,4 UMa b,4 UMa b,e9492f4a-a265-4158-a4e5-040225afdbc6,4 UMa,130.0528099,64.3280504,239.595176,,12.6,,270.27,967,2006,Radial Velocity, Dollinger et al. 2007 ,2067015752,gas,2026-09-18T14:51:26.782Z,"{""pl_name"":""4 UMa b"",""hostname"":""4 UMa"",""gaia_dr3_id"":""Gaia DR3 1092230803512999424"",""ra"":130.0528099,""dec"":64.3280504,""sy_dist"":73.4603,""sy_gaiamag"":4.23773,""pl_rade"":12.6,""pl_radelim"":0,""pl_bmasse"":2511.48007211,""pl_bmasselim"":0,""pl_bmassprov"":""Msini"",""pl_orbper"":270.27,""pl_orbperlim"":0,""pl_orbsmax"":0.877,""pl_eqt"":967.44,""pl_eqtlim"":0,""disc_year"":2006,""discoverymethod"":""Radial Velocity"",""disc_refname"":""<a refstr=DOLLINGER_ET_AL__2007 href=https://ui.adsabs.harvard.edu/abs/2007A&A...472..649D/abstract target=ref> Dollinger et al. 2007 </a>"",""import_batch"":""astralys_nasa_confirmed_planets_20260918"",""discovery_status"":""confirmed"",""table"":""pscomppars"",""gaia_host_source_id"":""1092230803512999424"",""orbit_order"":1,""retrieved_at"":""2026-09-18T14:51:26.782Z"",""sky_position_kind"":""host_system_direction"",""visual_is_interpretation"":true,""best_mass_is_minimum"":true}"
planet,NASA_EXOPLANET_ARCHIVE,TOI-4641 b,TOI-4641 b,7ada7b94-c6bf-4720-92bd-5727c6217480,TOI-4641,42.5582023,25.3335334,281.636032,,8.18255591,,22.09341,950,2023,Transit,Bieryla et al. 2024,956327869,gas,2026-09-18T14:51:26.782Z,"{""pl_name"":""TOI-4641 b"",""hostname"":""TOI-4641"",""gaia_dr3_id"":""Gaia DR3 114340658009875072"",""ra"":42.5582023,""dec"":25.3335334,""sy_dist"":86.3501,""sy_gaiamag"":7.40775,""pl_rade"":8.18255591,""pl_radelim"":0,""pl_bmasse"":1229.99593509,""pl_bmasselim"":1,""pl_bmassprov"":""Mass"",""pl_orbper"":22.09341,""pl_orbperlim"":0,""pl_orbsmax"":0.173,""pl_eqt"":950.11,""pl_eqtlim"":0,""disc_year"":2023,""discoverymethod"":""Transit"",""disc_refname"":""<a refstr=BIERYLA_ET_AL_2024 href=https://ui.adsabs.harvard.edu/abs/2024MNRAS.52710955B/abstract target=ref>Bieryla et al. 2024</a>"",""import_batch"":""astralys_nasa_confirmed_planets_20260918"",""discovery_status"":""confirmed"",""table"":""pscomppars"",""gaia_host_source_id"":""114340658009875072"",""orbit_order"":1,""retrieved_at"":""2026-09-18T14:51:26.782Z"",""sky_position_kind"":""host_system_direction"",""visual_is_interpretation"":true,""best_mass_is_minimum"":false}"
planet,NASA_EXOPLANET_ARCHIVE,HD 167042 b,HD 167042 b,959549a2-9749-4bfe-83f6-a71cb5ab5128,HD 167042,272.6326268,54.2876184,161.979833,,13.6,,417.67,462,2007,Radial Velocity, Johnson et al. 2008 ,469518883,gas,2026-09-18T14:51:26.782Z,"{""pl_name"":""HD 167042 b"",""hostname"":""HD 167042"",""gaia_dr3_id"":""Gaia DR3 2149564787289902848"",""ra"":272.6326268,""dec"":54.2876184,""sy_dist"":49.6633,""sy_gaiamag"":5.72384,""pl_rade"":13.6,""pl_radelim"":0,""pl_bmasse"":444.00628458,""pl_bmasselim"":0,""pl_bmassprov"":""Msini"",""pl_orbper"":417.67,""pl_orbperlim"":0,""pl_orbsmax"":1.22,""pl_eqt"":462.08,""pl_eqtlim"":0,""disc_year"":2007,""discoverymethod"":""Radial Velocity"",""disc_refname"":""<a refstr=JOHNSON_ET_AL__2008 href=https://ui.adsabs.harvard.edu/abs/2008ApJ...675..784J/abstract target=ref> Johnson et al. 2008 </a>"",""import_batch"":""astralys_nasa_confirmed_planets_20260918"",""discovery_status"":""confirmed"",""table"":""pscomppars"",""gaia_host_source_id"":""2149564787289902848"",""orbit_order"":1,""retrieved_at"":""2026-09-18T14:51:26.782Z"",""sky_position_kind"":""host_system_direction"",""visual_is_interpretation"":true,""best_mass_is_minimum"":true}"
planet,NASA_EXOPLANET_ARCHIVE,HD 81688 b,HD 81688 b,a51657df-37fc-43bd-a41e-67332fdbf238,HD 81688,142.1665753,45.6009241,279.575379,,13.5,,183.93,959,2007,Radial Velocity, Sato et al. 2008 ,1389726949,gas,2026-09-18T14:51:26.782Z,"{""pl_name"":""HD 81688 b"",""hostname"":""HD 81688"",""gaia_dr3_id"":""Gaia DR3 818464227945910016"",""ra"":142.1665753,""dec"":45.6009241,""sy_dist"":85.7183,""sy_gaiamag"":5.12598,""pl_rade"":13.5,""pl_radelim"":0,""pl_bmasse"":525.68818518,""pl_bmasselim"":0,""pl_bmassprov"":""Msini"",""pl_orbper"":183.93,""pl_orbperlim"":0,""pl_orbsmax"":0.648,""pl_eqt"":958.66,""pl_eqtlim"":0,""disc_year"":2007,""discoverymethod"":""Radial Velocity"",""disc_refname"":""<a refstr=SATO_ET_AL__2008 href=https://ui.adsabs.harvard.edu/abs/2008PASJ...60..539S/abstract target=ref> Sato et al. 2008 </a>"",""import_batch"":""astralys_nasa_confirmed_planets_20260918"",""discovery_status"":""confirmed"",""table"":""pscomppars"",""gaia_host_source_id"":""818464227945910016"",""orbit_order"":1,""retrieved_at"":""2026-09-18T14:51:26.782Z"",""sky_position_kind"":""host_system_direction"",""visual_is_interpretation"":true,""best_mass_is_minimum"":true}"
planet,NASA_EXOPLANET_ARCHIVE,kap CrB b,kap CrB b,9c8ed857-ba81-497d-8c8f-06db853b1b42,kap CrB,237.8080012,35.6558818,98.059128,,13.3,689.6911,1253.68,319,2007,Radial Velocity, Johnson et al. 2008 ,1931489948,gas,2026-09-18T14:51:26.782Z,"{""pl_name"":""kap CrB b"",""hostname"":""kap CrB"",""gaia_dr3_id"":""Gaia DR3 1372702716380418688"",""ra"":237.8080012,""dec"":35.6558818,""sy_dist"":30.0651,""sy_gaiamag"":4.52428,""pl_rade"":13.3,""pl_radelim"":0,""pl_bmasse"":689.6911,""pl_bmasselim"":0,""pl_bmassprov"":""Mass"",""pl_orbper"":1253.68,""pl_orbperlim"":0,""pl_orbsmax"":2.5,""pl_eqt"":319.32,""pl_eqtlim"":0,""disc_year"":2007,""discoverymethod"":""Radial Velocity"",""disc_refname"":""<a refstr=JOHNSON_ET_AL__2008 href=https://ui.adsabs.harvard.edu/abs/2008ApJ...675..784J/abstract target=ref> Johnson et al. 2008 </a>"",""import_batch"":""astralys_nasa_confirmed_planets_20260918"",""discovery_status"":""confirmed"",""table"":""pscomppars"",""gaia_host_source_id"":""1372702716380418688"",""orbit_order"":1,""retrieved_at"":""2026-09-18T14:51:26.782Z"",""sky_position_kind"":""host_system_direction"",""visual_is_interpretation"":true,""best_mass_is_minimum"":false}"
planet,NASA_EXOPLANET_ARCHIVE,11 Com b,11 Com b,906abd8e-5b48-4559-a749-97260288824f,11 Com,185.1787793,17.7932516,303.927164,,12.2,,323.21,803,2007,Radial Velocity, Liu et al. 2008 ,279694648,gas,2026-09-18T14:51:26.782Z,"{""pl_name"":""11 Com b"",""hostname"":""11 Com"",""gaia_dr3_id"":""Gaia DR3 3946945413106333696"",""ra"":185.1787793,""dec"":17.7932516,""sy_dist"":93.1846,""sy_gaiamag"":4.44038,""pl_rade"":12.2,""pl_radelim"":0,""pl_bmasse"":4914.89848585,""pl_bmasselim"":0,""pl_bmassprov"":""Msini"",""pl_orbper"":323.21,""pl_orbperlim"":0,""pl_orbsmax"":1.178,""pl_eqt"":803.26,""pl_eqtlim"":0,""disc_year"":2007,""discoverymethod"":""Radial Velocity"",""disc_refname"":""<a refstr=LIU_ET_AL__2008 href=https://ui.adsabs.harvard.edu/abs/2008ApJ...672..553L/abstract target=ref> Liu et al. 2008 </a>"",""import_batch"":""astralys_nasa_confirmed_planets_20260918"",""discovery_status"":""confirmed"",""table"":""pscomppars"",""gaia_host_source_id"":""3946945413106333696"",""orbit_order"":1,""retrieved_at"":""2026-09-18T14:51:26.782Z"",""sky_position_kind"":""host_system_direction"",""visual_is_interpretation"":true,""best_mass_is_minimum"":true}"
planet,NASA_EXOPLANET_ARCHIVE,nu Oph b,nu Oph b,d4b1e58a-46ff-4063-8c3e-5ee630760ab4,nu Oph,269.7566013,-9.7741342,150.718971,,12,7057.73298,529.93,621,2012,Radial Velocity, Sato et al. 2012 ,143192388,gas,2026-09-18T14:51:26.782Z,"{""pl_name"":""nu Oph b"",""hostname"":""nu Oph"",""gaia_dr3_id"":""Gaia DR3 4164319171172759040"",""ra"":269.7566013,""dec"":-9.7741342,""sy_dist"":46.2107,""sy_gaiamag"":3.09653,""pl_rade"":12,""pl_radelim"":0,""pl_bmasse"":7057.73298,""pl_bmasselim"":0,""pl_bmassprov"":""Mass"",""pl_orbper"":529.93,""pl_orbperlim"":0,""pl_orbsmax"":1.765,""pl_eqt"":620.57,""pl_eqtlim"":0,""disc_year"":2012,""discoverymethod"":""Radial Velocity"",""disc_refname"":""<a refstr=SATO_ET_AL__2012 href=https://ui.adsabs.harvard.edu/abs/2012PASJ...64..135S/abstract target=ref> Sato et al. 2012 </a>"",""import_batch"":""astralys_nasa_confirmed_planets_20260918"",""discovery_status"":""confirmed"",""table"":""pscomppars"",""gaia_host_source_id"":""4164319171172759040"",""orbit_order"":1,""retrieved_at"":""2026-09-18T14:51:26.782Z"",""sky_position_kind"":""host_system_direction"",""visual_is_interpretation"":true,""best_mass_is_minimum"":false}"
planet,NASA_EXOPLANET_ARCHIVE,75 Cet b,75 Cet b,4dfb0c3c-3190-486d-8eef-516028fece04,75 Cet,38.0391598,-1.0350269,270.583258,,13.3,,696.62,540,2012,Radial Velocity, Sato et al. 2012 ,274435420,gas,2026-09-18T14:51:26.782Z,"{""pl_name"":""75 Cet b"",""hostname"":""75 Cet"",""gaia_dr3_id"":""Gaia DR3 2500064286492779264"",""ra"":38.0391598,""dec"":-1.0350269,""sy_dist"":82.9613,""sy_gaiamag"":5.09343,""pl_rade"":13.3,""pl_radelim"":0,""pl_bmasse"":787.89662095,""pl_bmasselim"":0,""pl_bmassprov"":""Msini"",""pl_orbper"":696.62,""pl_orbperlim"":0,""pl_orbsmax"":1.912,""pl_eqt"":540.31,""pl_eqtlim"":0,""disc_year"":2012,""discoverymethod"":""Radial Velocity"",""disc_refname"":""<a refstr=SATO_ET_AL__2012 href=https://ui.adsabs.harvard.edu/abs/2012PASJ...64..135S/abstract target=ref> Sato et al. 2012 </a>"",""import_batch"":""astralys_nasa_confirmed_planets_20260918"",""discovery_status"":""confirmed"",""table"":""pscomppars"",""gaia_host_source_id"":""2500064286492779264"",""orbit_order"":1,""retrieved_at"":""2026-09-18T14:51:26.782Z"",""sky_position_kind"":""host_system_direction"",""visual_is_interpretation"":true,""best_mass_is_minimum"":true}"
planet,NASA_EXOPLANET_ARCHIVE,TOI-1776 b,TOI-1776 b,49757528-7d8d-4204-a12f-df50a98bc2e8,TOI-1776,164.7772913,40.9837182,145.618869,,1.21612741,1.4,2.799868,1269,2024,Transit,Polanski et al. 2024,1053323926,lava,2026-09-18T14:51:26.782Z,"{""pl_name"":""TOI-1776 b"",""hostname"":""TOI-1776"",""gaia_dr3_id"":""Gaia DR3 778052193462283648"",""ra"":164.7772913,""dec"":40.9837182,""sy_dist"":44.647,""sy_gaiamag"":8.09023,""pl_rade"":1.21612741,""pl_radelim"":0,""pl_bmasse"":1.4,""pl_bmasselim"":0,""pl_bmassprov"":""Mass"",""pl_orbper"":2.799868,""pl_orbperlim"":0,""pl_orbsmax"":0.0378,""pl_eqt"":1269.21,""pl_eqtlim"":0,""disc_year"":2024,""discoverymethod"":""Transit"",""disc_refname"":""<a refstr=POLANSKI_ET_AL__2024 href=https://ui.adsabs.harvard.edu/abs/2024ApJS..272...32P/abstract target=ref>Polanski et al. 2024</a>"",""import_batch"":""astralys_nasa_confirmed_planets_20260918"",""discovery_status"":""confirmed"",""table"":""pscomppars"",""gaia_host_source_id"":""778052193462283648"",""orbit_order"":1,""retrieved_at"":""2026-09-18T14:51:26.782Z"",""sky_position_kind"":""host_system_direction"",""visual_is_interpretation"":true,""best_mass_is_minimum"":false}"
planet,NASA_EXOPLANET_ARCHIVE,HD 48948 b,HD 48948 b,7b3428db-54ee-4653-9426-3fa063c7091a,HD 48948,102.489811,60.3373133,55.134389,,2.06,,7.34013,957,2024,Radial Velocity,Dalal et al. 2024,1576593177,lava,2026-09-18T14:51:26.782Z,"{""pl_name"":""HD 48948 b"",""hostname"":""HD 48948"",""gaia_dr3_id"":""Gaia DR3 1003351437484254464"",""ra"":102.489811,""dec"":60.3373133,""sy_dist"":16.9043,""sy_gaiamag"":8.11311,""pl_rade"":2.06,""pl_radelim"":0,""pl_bmasse"":4.88,""pl_bmasselim"":0,""pl_bmassprov"":""Msini"",""pl_orbper"":7.34013,""pl_orbperlim"":0,""pl_orbsmax"":0.0652,""pl_eqt"":957,""pl_eqtlim"":0,""disc_year"":2024,""discoverymethod"":""Radial Velocity"",""disc_refname"":""<a refstr=DALAL_ET_AL__2024 href=https://ui.adsabs.harvard.edu/abs/2024MNRAS.531.4464D/abstract target=ref>Dalal et al. 2024</a>"",""import_batch"":""astralys_nasa_confirmed_planets_20260918"",""discovery_status"":""confirmed"",""table"":""pscomppars"",""gaia_host_source_id"":""1003351437484254464"",""orbit_order"":1,""retrieved_at"":""2026-09-18T14:51:26.782Z"",""sky_position_kind"":""host_system_direction"",""visual_is_interpretation"":true,""best_mass_is_minimum"":true}"
planet,NASA_EXOPLANET_ARCHIVE,HD 48948 c,HD 48948 c,7b3428db-54ee-4653-9426-3fa063c7091a,HD 48948,102.489811,60.3373133,55.134389,,2.6,,38.06,553,2024,Radial Velocity,Dalal et al. 2024,1593370796,rocky,2026-09-18T14:51:26.782Z,"{""pl_name"":""HD 48948 c"",""hostname"":""HD 48948"",""gaia_dr3_id"":""Gaia DR3 1003351437484254464"",""ra"":102.489811,""dec"":60.3373133,""sy_dist"":16.9043,""sy_gaiamag"":8.11311,""pl_rade"":2.6,""pl_radelim"":0,""pl_bmasse"":7.27,""pl_bmasselim"":0,""pl_bmassprov"":""Msini"",""pl_orbper"":38.06,""pl_orbperlim"":0,""pl_orbsmax"":0.1951,""pl_eqt"":553,""pl_eqtlim"":0,""disc_year"":2024,""discoverymethod"":""Radial Velocity"",""disc_refname"":""<a refstr=DALAL_ET_AL__2024 href=https://ui.adsabs.harvard.edu/abs/2024MNRAS.531.4464D/abstract target=ref>Dalal et al. 2024</a>"",""import_batch"":""astralys_nasa_confirmed_planets_20260918"",""discovery_status"":""confirmed"",""table"":""pscomppars"",""gaia_host_source_id"":""1003351437484254464"",""orbit_order"":2,""retrieved_at"":""2026-09-18T14:51:26.782Z"",""sky_position_kind"":""host_system_direction"",""visual_is_interpretation"":true,""best_mass_is_minimum"":true}"
planet,NASA_EXOPLANET_ARCHIVE,HD 48948 d,HD 48948 d,7b3428db-54ee-4653-9426-3fa063c7091a,HD 48948,102.489811,60.3373133,55.134389,,3.24,,151.92,349,2024,Radial Velocity,Dalal et al. 2024,1677258891,rocky,2026-09-18T14:51:26.782Z,"{""pl_name"":""HD 48948 d"",""hostname"":""HD 48948"",""gaia_dr3_id"":""Gaia DR3 1003351437484254464"",""ra"":102.489811,""dec"":60.3373133,""sy_dist"":16.9043,""sy_gaiamag"":8.11311,""pl_rade"":3.24,""pl_radelim"":0,""pl_bmasse"":10.59,""pl_bmasselim"":0,""pl_bmassprov"":""Msini"",""pl_orbper"":151.92,""pl_orbperlim"":0,""pl_orbsmax"":0.4894,""pl_eqt"":349,""pl_eqtlim"":0,""disc_year"":2024,""discoverymethod"":""Radial Velocity"",""disc_refname"":""<a refstr=DALAL_ET_AL__2024 href=https://ui.adsabs.harvard.edu/abs/2024MNRAS.531.4464D/abstract target=ref>Dalal et al. 2024</a>"",""import_batch"":""astralys_nasa_confirmed_planets_20260918"",""discovery_status"":""confirmed"",""table"":""pscomppars"",""gaia_host_source_id"":""1003351437484254464"",""orbit_order"":3,""retrieved_at"":""2026-09-18T14:51:26.782Z"",""sky_position_kind"":""host_system_direction"",""visual_is_interpretation"":true,""best_mass_is_minimum"":true}"
planet,NASA_EXOPLANET_ARCHIVE,TOI-480 b,TOI-480 b,b6dc8163-2de7-4508-8b8b-a08221402a64,TOI-480,88.3784618,-16.2653974,177.854824,,2.85372018,20.8,6.866196,1199,2024,Transit,Polanski et al. 2024,205042817,lava,2026-09-18T14:51:26.782Z,"{""pl_name"":""TOI-480 b"",""hostname"":""TOI-480"",""gaia_dr3_id"":""Gaia DR3 2992025233741516928"",""ra"":88.3784618,""dec"":-16.2653974,""sy_dist"":54.5306,""sy_gaiamag"":7.1442,""pl_rade"":2.85372018,""pl_radelim"":0,""pl_bmasse"":20.8,""pl_bmasselim"":0,""pl_bmassprov"":""Mass"",""pl_orbper"":6.866196,""pl_orbperlim"":0,""pl_orbsmax"":0.077,""pl_eqt"":1198.94,""pl_eqtlim"":0,""disc_year"":2024,""discoverymethod"":""Transit"",""disc_refname"":""<a refstr=POLANSKI_ET_AL__2024 href=https://ui.adsabs.harvard.edu/abs/2024ApJS..272...32P/abstract target=ref>Polanski et al. 2024</a>"",""import_batch"":""astralys_nasa_confirmed_planets_20260918"",""discovery_status"":""confirmed"",""table"":""pscomppars"",""gaia_host_source_id"":""2992025233741516928"",""orbit_order"":1,""retrieved_at"":""2026-09-18T14:51:26.782Z"",""sky_position_kind"":""host_system_direction"",""visual_is_interpretation"":true,""best_mass_is_minimum"":false}"
planet,NASA_EXOPLANET_ARCHIVE,HD 25463 b,HD 25463 b,d6796635-c27f-47cc-b4c8-b2c774d6a868,HD 25463,60.7483361,9.2077676,148.78617,,2.54535814,8.7,7.0491423,1198,2023,Transit,Akana Murphy et al. 2023,654845432,lava,2026-09-18T14:51:26.782Z,"{""pl_name"":""HD 25463 b"",""hostname"":""HD 25463"",""gaia_dr3_id"":""Gaia DR3 3301771025223950336"",""ra"":60.7483361,""dec"":9.2077676,""sy_dist"":45.6181,""sy_gaiamag"":6.77613,""pl_rade"":2.54535814,""pl_radelim"":0,""pl_bmasse"":8.7,""pl_bmasselim"":0,""pl_bmassprov"":""Mass"",""pl_orbper"":7.0491423,""pl_orbperlim"":0,""pl_orbsmax"":0.076,""pl_eqt"":1198.46,""pl_eqtlim"":0,""disc_year"":2023,""discoverymethod"":""Transit"",""disc_refname"":""<a refstr=AKANA_MURPHY_ET_AL__2023 href=https://ui.adsabs.harvard.edu/abs/2023AJ....166..153A/abstract target=ref>Akana Murphy et al. 2023</a>"",""import_batch"":""astralys_nasa_confirmed_planets_20260918"",""discovery_status"":""confirmed"",""table"":""pscomppars"",""gaia_host_source_id"":""3301771025223950336"",""orbit_order"":2,""retrieved_at"":""2026-09-18T14:51:26.782Z"",""sky_position_kind"":""host_system_direction"",""visual_is_interpretation"":true,""best_mass_is_minimum"":false}"
planet,NASA_EXOPLANET_ARCHIVE,HD 73344 b,HD 73344 b,d9d8b7dc-4112-43c6-9981-3f549329fd0c,HD 73344,129.6894456,23.6852651,115.002606,,2.884,,15.611,911,2024,Transit,Sulis et al. 2024,349874028,lava,2026-09-18T14:51:26.782Z,"{""pl_name"":""HD 73344 b"",""hostname"":""HD 73344"",""gaia_dr3_id"":""Gaia DR3 666427539629086976"",""ra"":129.6894456,""dec"":23.6852651,""sy_dist"":35.26,""sy_gaiamag"":6.7468,""pl_rade"":2.884,""pl_radelim"":0,""pl_bmasse"":10.48,""pl_bmasselim"":1,""pl_bmassprov"":""Mass"",""pl_orbper"":15.611,""pl_orbperlim"":0,""pl_orbsmax"":0.131,""pl_eqt"":911,""pl_eqtlim"":0,""disc_year"":2024,""discoverymethod"":""Transit"",""disc_refname"":""<a refstr=SULIS_ET_AL_2024 href=https://ui.adsabs.harvard.edu/abs/2024A&A...688A..14S/abstract target=ref>Sulis et al. 2024</a>"",""import_batch"":""astralys_nasa_confirmed_planets_20260918"",""discovery_status"":""confirmed"",""table"":""pscomppars"",""gaia_host_source_id"":""666427539629086976"",""orbit_order"":1,""retrieved_at"":""2026-09-18T14:51:26.782Z"",""sky_position_kind"":""host_system_direction"",""visual_is_interpretation"":true,""best_mass_is_minimum"":false}"
planet,NASA_EXOPLANET_ARCHIVE,HD 20794 d,HD 20794 d,d5ef748c-a083-4eb7-877e-1534d5be60e0,HD 20794,49.9997666,-43.0666533,19.578427,,2.04,,89.68,388,2011,Radial Velocity, Pepe et al. 2011 ,2069791851,rocky,2026-09-18T14:51:26.782Z,"{""pl_name"":""HD 20794 d"",""hostname"":""HD 20794"",""gaia_dr3_id"":""Gaia DR3 4847957293278177024"",""ra"":49.9997666,""dec"":-43.0666533,""sy_dist"":6.00278,""sy_gaiamag"":4.06635,""pl_rade"":2.04,""pl_radelim"":0,""pl_bmasse"":4.8,""pl_bmasselim"":0,""pl_bmassprov"":""Msin(i)/sin(i)"",""pl_orbper"":89.68,""pl_orbperlim"":0,""pl_orbsmax"":0.3625,""pl_eqt"":388,""pl_eqtlim"":0,""disc_year"":2011,""discoverymethod"":""Radial Velocity"",""disc_refname"":""<a refstr=PEPE_ET_AL__2011 href=https://ui.adsabs.harvard.edu/abs/2011A%26A...534A..58P/abstract target=ref> Pepe et al. 2011 </a>"",""import_batch"":""astralys_nasa_confirmed_planets_20260918"",""discovery_status"":""confirmed"",""table"":""pscomppars"",""gaia_host_source_id"":""4847957293278177024"",""orbit_order"":2,""retrieved_at"":""2026-09-18T14:51:26.782Z"",""sky_position_kind"":""host_system_direction"",""visual_is_interpretation"":true,""best_mass_is_minimum"":false}"
planet,NASA_EXOPLANET_ARCHIVE,K2-167 b,K2-167 b,6832e4c7-6040-4570-b9bf-ea2d2535ac4f,K2-167,336.5761233,-18.011665,263.858247,,2.36509493,6.5,9.978541,1220,2018,Transit,Mayo et al. 2018,1119981212,lava,2026-09-18T14:51:26.782Z,"{""pl_name"":""K2-167 b"",""hostname"":""K2-167"",""gaia_dr3_id"":""Gaia DR3 2594479109451475456"",""ra"":336.5761233,""dec"":-18.011665,""sy_dist"":80.8994,""sy_gaiamag"":8.103581,""pl_rade"":2.36509493,""pl_radelim"":0,""pl_bmasse"":6.5,""pl_bmasselim"":0,""pl_bmassprov"":""Mass"",""pl_orbper"":9.978541,""pl_orbperlim"":0,""pl_orbsmax"":0.0932,""pl_eqt"":1220,""pl_eqtlim"":0,""disc_year"":2018,""discoverymethod"":""Transit"",""disc_refname"":""<a refstr=MAYO_ET_AL__2018 href=https://ui.adsabs.harvard.edu/abs/2018AJ....155..136M/abstract target=ref>Mayo et al. 2018</a>"",""import_batch"":""astralys_nasa_confirmed_planets_20260918"",""discovery_status"":""confirmed"",""table"":""pscomppars"",""gaia_host_source_id"":""2594479109451475456"",""orbit_order"":1,""retrieved_at"":""2026-09-18T14:51:26.782Z"",""sky_position_kind"":""host_system_direction"",""visual_is_interpretation"":true,""best_mass_is_minimum"":false}"
planet,NASA_EXOPLANET_ARCHIVE,KELT-24 b,KELT-24 b,9626a544-4a11-4114-a6d4-996765701f1f,KELT-24,161.9090273,71.655727,314.796965,,12.71098411,1458.83238813,5.55149296,1391,2019,Transit,Rodriguez et al. 2019,990639576,gas,2026-09-18T14:51:26.782Z,"{""pl_name"":""KELT-24 b"",""hostname"":""KELT-24"",""gaia_dr3_id"":""Gaia DR3 1076970406751899008"",""ra"":161.9090273,""dec"":71.655727,""sy_dist"":96.5173,""sy_gaiamag"":8.23752,""pl_rade"":12.71098411,""pl_radelim"":0,""pl_bmasse"":1458.83238813,""pl_bmasselim"":0,""pl_bmassprov"":""Mass"",""pl_orbper"":5.55149296,""pl_orbperlim"":0,""pl_orbsmax"":0.0665,""pl_eqt"":1391,""pl_eqtlim"":0,""disc_year"":2019,""discoverymethod"":""Transit"",""disc_refname"":""<a refstr=RODRIGUEZ_ET_AL__2019 href=https://ui.adsabs.harvard.edu/abs/2019AJ....158..197R/abstract target=ref>Rodriguez et al. 2019</a>"",""import_batch"":""astralys_nasa_confirmed_planets_20260918"",""discovery_status"":""confirmed"",""table"":""pscomppars"",""gaia_host_source_id"":""1076970406751899008"",""orbit_order"":1,""retrieved_at"":""2026-09-18T14:51:26.782Z"",""sky_position_kind"":""host_system_direction"",""visual_is_interpretation"":true,""best_mass_is_minimum"":false}"
planet,NASA_EXOPLANET_ARCHIVE,HD 86728 b,HD 86728 b,5866aa40-806f-4047-b7a2-31d46e17d6da,HD 86728,150.250054,31.9218216,48.663128,,3.03,,31.1515,687,2025,Radial Velocity,Gupta et al. 2025,89456330,rocky,2026-09-18T14:51:26.782Z,"{""pl_name"":""HD 86728 b"",""hostname"":""HD 86728"",""gaia_dr3_id"":""Gaia DR3 746545172372256384"",""ra"":150.250054,""dec"":31.9218216,""sy_dist"":14.9202,""sy_gaiamag"":5.2094,""pl_rade"":3.03,""pl_radelim"":0,""pl_bmasse"":9.43,""pl_bmasselim"":0,""pl_bmassprov"":""Msini"",""pl_orbper"":31.1515,""pl_orbperlim"":0,""pl_orbsmax"":0.1916,""pl_eqt"":687.36,""pl_eqtlim"":0,""disc_year"":2025,""discoverymethod"":""Radial Velocity"",""disc_refname"":""<a refstr=GUPTA_ET_AL__2025 href=https://ui.adsabs.harvard.edu/abs/2025AJ....169....1G/abstract target=ref>Gupta et al. 2025</a>"",""import_batch"":""astralys_nasa_confirmed_planets_20260918"",""discovery_status"":""confirmed"",""table"":""pscomppars"",""gaia_host_source_id"":""746545172372256384"",""orbit_order"":1,""retrieved_at"":""2026-09-18T14:51:26.782Z"",""sky_position_kind"":""host_system_direction"",""visual_is_interpretation"":true,""best_mass_is_minimum"":true}"
planet,NASA_EXOPLANET_ARCHIVE,HD 222237 b,HD 222237 b,286c290e-aee9-4dd5-a3ae-1e506bd8a0f0,HD 222237,354.9078642,-72.7253271,37.334751,,12.8,1649.52943233,14892,59,2024,Radial Velocity,Xiao et al. 2024,5280176,gas,2026-09-18T14:51:26.782Z,"{""pl_name"":""HD 222237 b"",""hostname"":""HD 222237"",""gaia_dr3_id"":""Gaia DR3 6380214844952702848"",""ra"":354.9078642,""dec"":-72.7253271,""sy_dist"":11.4469,""sy_gaiamag"":6.73988,""pl_rade"":12.8,""pl_radelim"":0,""pl_bmasse"":1649.52943233,""pl_bmasselim"":0,""pl_bmassprov"":""Mass"",""pl_orbper"":14892,""pl_orbperlim"":0,""pl_orbsmax"":10.8,""pl_eqt"":58.74,""pl_eqtlim"":0,""disc_year"":2024,""discoverymethod"":""Radial Velocity"",""disc_refname"":""<a refstr=XIAO_ET_AL_2024 href=https://ui.adsabs.harvard.edu/abs/2024MNRAS.534.2858X/abstract target=ref>Xiao et al. 2024</a>"",""import_batch"":""astralys_nasa_confirmed_planets_20260918"",""discovery_status"":""confirmed"",""table"":""pscomppars"",""gaia_host_source_id"":""6380214844952702848"",""orbit_order"":1,""retrieved_at"":""2026-09-18T14:51:26.782Z"",""sky_position_kind"":""host_system_direction"",""visual_is_interpretation"":true,""best_mass_is_minimum"":false}"
planet,NASA_EXOPLANET_ARCHIVE,HD 183579 b,HD 183579 b,2aae217e-6220-49cb-9b9e-65043e2fd7c6,HD 183579,293.2866147,-54.5327284,186.77356,,3.49,20.4,17.471291,752,2021,Transit,Palatnick et al. 2021,52386285,lava,2026-09-18T14:51:26.782Z,"{""pl_name"":""HD 183579 b"",""hostname"":""HD 183579"",""gaia_dr3_id"":""Gaia DR3 6641996571978861440"",""ra"":293.2866147,""dec"":-54.5327284,""sy_dist"":57.2651,""sy_gaiamag"":8.51549,""pl_rade"":3.49,""pl_radelim"":0,""pl_bmasse"":20.4,""pl_bmasselim"":0,""pl_bmassprov"":""Mass"",""pl_orbper"":17.471291,""pl_orbperlim"":0,""pl_orbsmax"":0.1322,""pl_eqt"":752,""pl_eqtlim"":0,""disc_year"":2021,""discoverymethod"":""Transit"",""disc_refname"":""<a refstr=PALATNICK_ET_AL__2021 href=https://ui.adsabs.harvard.edu/abs/2021ApJ...909L...6P/abstract target=ref>Palatnick et al. 2021</a>"",""import_batch"":""astralys_nasa_confirmed_planets_20260918"",""discovery_status"":""confirmed"",""table"":""pscomppars"",""gaia_host_source_id"":""6641996571978861440"",""orbit_order"":1,""retrieved_at"":""2026-09-18T14:51:26.782Z"",""sky_position_kind"":""host_system_direction"",""visual_is_interpretation"":true,""best_mass_is_minimum"":false}"
planet,NASA_EXOPLANET_ARCHIVE,HD 101581 c,HD 101581 c,2d08d84f-e565-4318-9065-74afc74b272b,HIP 56998,175.2563039,-44.4041485,41.67654,,0.99,,6.20401,747,2025,Transit,Kunimoto et al. 2025,1931680642,lava,2026-09-18T14:51:26.782Z,"{""pl_name"":""HD 101581 c"",""hostname"":""HIP 56998"",""gaia_dr3_id"":""Gaia DR3 5378886891123024512"",""ra"":175.2563039,""dec"":-44.4041485,""sy_dist"":12.7781,""sy_gaiamag"":7.38399,""pl_rade"":0.99,""pl_radelim"":0,""pl_bmasse"":0.937,""pl_bmasselim"":0,""pl_bmassprov"":""M-R relationship"",""pl_orbper"":6.20401,""pl_orbperlim"":0,""pl_orbsmax"":0.0573,""pl_eqt"":747,""pl_eqtlim"":0,""disc_year"":2025,""discoverymethod"":""Transit"",""disc_refname"":""<a refstr=KUNIMOTO_ET_AL__2025 href=https://ui.adsabs.harvard.edu/abs/2025AJ....169...47K/abstract target=ref>Kunimoto et al. 2025</a>"",""import_batch"":""astralys_nasa_confirmed_planets_20260918"",""discovery_status"":""confirmed"",""table"":""pscomppars"",""gaia_host_source_id"":""5378886891123024512"",""orbit_order"":2,""retrieved_at"":""2026-09-18T14:51:26.782Z"",""sky_position_kind"":""host_system_direction"",""visual_is_interpretation"":true,""best_mass_is_minimum"":false}"
planet,NASA_EXOPLANET_ARCHIVE,HD 73344 d,HD 73344 d,d9d8b7dc-4112-43c6-9981-3f549329fd0c,HD 73344,129.6894456,23.6852651,115.002606,,13.2,810.46243785,5823,127,2025,Radial Velocity,Zhang et al. 2025,316318790,gas,2026-09-18T14:51:26.782Z,"{""pl_name"":""HD 73344 d"",""hostname"":""HD 73344"",""gaia_dr3_id"":""Gaia DR3 666427539629086976"",""ra"":129.6894456,""dec"":23.6852651,""sy_dist"":35.26,""sy_gaiamag"":6.7468,""pl_rade"":13.2,""pl_radelim"":0,""pl_bmasse"":810.46243785,""pl_bmasselim"":0,""pl_bmassprov"":""Mass"",""pl_orbper"":5823,""pl_orbperlim"":0,""pl_orbsmax"":6.7,""pl_eqt"":126.51,""pl_eqtlim"":0,""disc_year"":2025,""discoverymethod"":""Radial Velocity"",""disc_refname"":""<a refstr=ZHANG_ET_AL_2025 href=https://ui.adsabs.harvard.edu/abs/2025AJ....169..200Z/abstract target=ref>Zhang et al. 2025</a>"",""import_batch"":""astralys_nasa_confirmed_planets_20260918"",""discovery_status"":""confirmed"",""table"":""pscomppars"",""gaia_host_source_id"":""666427539629086976"",""orbit_order"":3,""retrieved_at"":""2026-09-18T14:51:26.782Z"",""sky_position_kind"":""host_system_direction"",""visual_is_interpretation"":true,""best_mass_is_minimum"":false}"
planet,NASA_EXOPLANET_ARCHIVE,HD 118203 c,HD 118203 c,1ce9ebff-3719-4c13-8b31-48bb359d052d,HD 118203,203.509956,53.7281876,300.907938,,12.4,3747.19691853,5103,146,2024,Radial Velocity,Maciejewski et al. 2024,445371536,gas,2026-09-18T14:51:26.782Z,"{""pl_name"":""HD 118203 c"",""hostname"":""HD 118203"",""gaia_dr3_id"":""Gaia DR3 1560420854826284928"",""ra"":203.509956,""dec"":53.7281876,""sy_dist"":92.2589,""sy_gaiamag"":7.89255,""pl_rade"":12.4,""pl_radelim"":0,""pl_bmasse"":3747.19691853,""pl_bmasselim"":0,""pl_bmassprov"":""Mass"",""pl_orbper"":5103,""pl_orbperlim"":0,""pl_orbsmax"":6.28,""pl_eqt"":146,""pl_eqtlim"":0,""disc_year"":2024,""discoverymethod"":""Radial Velocity"",""disc_refname"":""<a refstr=MACIEJEWSKI_ET_AL_2024 href=https://ui.adsabs.harvard.edu/abs/2024A&A...688A.172M/abstract target=ref>Maciejewski et al. 2024</a>"",""import_batch"":""astralys_nasa_confirmed_planets_20260918"",""discovery_status"":""confirmed"",""table"":""pscomppars"",""gaia_host_source_id"":""1560420854826284928"",""orbit_order"":2,""retrieved_at"":""2026-09-18T14:51:26.782Z"",""sky_position_kind"":""host_system_direction"",""visual_is_interpretation"":true,""best_mass_is_minimum"":false}"
planet,NASA_EXOPLANET_ARCHIVE,HIP 67851 b,HIP 67851 b,f5035ce4-ee92-4128-8d07-95a102907929,HIP 67851,208.465364,-35.3146536,209.12503,,13.7,,89.23,841,2015,Radial Velocity,Jones et al. 2015,1630202252,gas,2026-09-18T14:51:26.782Z,"{""pl_name"":""HIP 67851 b"",""hostname"":""HIP 67851"",""gaia_dr3_id"":""Gaia DR3 6169943210465504384"",""ra"":208.465364,""dec"":-35.3146536,""sy_dist"":64.1181,""sy_gaiamag"":5.89329,""pl_rade"":13.7,""pl_radelim"":0,""pl_bmasse"":365.50266805,""pl_bmasselim"":0,""pl_bmassprov"":""Msini"",""pl_orbper"":89.23,""pl_orbperlim"":0,""pl_orbsmax"":0.42,""pl_eqt"":840.72,""pl_eqtlim"":0,""disc_year"":2015,""discoverymethod"":""Radial Velocity"",""disc_refname"":""<a refstr=JONES_ET_AL__2015 href=https://ui.adsabs.harvard.edu/abs/2015A&A...573A...3J/abstract target=ref>Jones et al. 2015</a>"",""import_batch"":""astralys_nasa_confirmed_planets_20260918"",""discovery_status"":""confirmed"",""table"":""pscomppars"",""gaia_host_source_id"":""6169943210465504384"",""orbit_order"":1,""retrieved_at"":""2026-09-18T14:51:26.782Z"",""sky_position_kind"":""host_system_direction"",""visual_is_interpretation"":true,""best_mass_is_minimum"":true}"
planet,NASA_EXOPLANET_ARCHIVE,HIP 67851 c,HIP 67851 c,f5035ce4-ee92-4128-8d07-95a102907929,HIP 67851,208.465364,-35.3146536,209.12503,,12.7,2204.77565936,3128.41,255,2015,Radial Velocity,Jones et al. 2015,1613424633,gas,2026-09-18T14:51:26.782Z,"{""pl_name"":""HIP 67851 c"",""hostname"":""HIP 67851"",""gaia_dr3_id"":""Gaia DR3 6169943210465504384"",""ra"":208.465364,""dec"":-35.3146536,""sy_dist"":64.1181,""sy_gaiamag"":5.89329,""pl_rade"":12.7,""pl_radelim"":0,""pl_bmasse"":2204.77565936,""pl_bmasselim"":0,""pl_bmassprov"":""Mass"",""pl_orbper"":3128.41,""pl_orbperlim"":0,""pl_orbsmax"":4.55,""pl_eqt"":255.43,""pl_eqtlim"":0,""disc_year"":2015,""discoverymethod"":""Radial Velocity"",""disc_refname"":""<a refstr=JONES_ET_AL__2015 href=https://ui.adsabs.harvard.edu/abs/2015A&A...573A...3J/abstract target=ref>Jones et al. 2015</a>"",""import_batch"":""astralys_nasa_confirmed_planets_20260918"",""discovery_status"":""confirmed"",""table"":""pscomppars"",""gaia_host_source_id"":""6169943210465504384"",""orbit_order"":2,""retrieved_at"":""2026-09-18T14:51:26.782Z"",""sky_position_kind"":""host_system_direction"",""visual_is_interpretation"":true,""best_mass_is_minimum"":false}"
planet,NASA_EXOPLANET_ARCHIVE,HD 94890 b,HD 94890 b,5de12349-09e3-45d7-acae-c0211948716c,HD 94890,164.1797804,-37.1383035,201.242166,,13.3,,824.61,534,2025,Radial Velocity,Fontanet et al. 2025,1454459402,gas,2026-09-18T14:51:26.782Z,"{""pl_name"":""HD 94890 b"",""hostname"":""HD 94890"",""gaia_dr3_id"":""Gaia DR3 5394951821153092864"",""ra"":164.1797804,""dec"":-37.1383035,""sy_dist"":61.7012,""sy_gaiamag"":4.32647,""pl_rade"":13.3,""pl_radelim"":0,""pl_bmasse"":676.97450691,""pl_bmasselim"":0,""pl_bmassprov"":""Msini"",""pl_orbper"":824.61,""pl_orbperlim"":0,""pl_orbsmax"":2.07,""pl_eqt"":533.83,""pl_eqtlim"":0,""disc_year"":2025,""discoverymethod"":""Radial Velocity"",""disc_refname"":""<a refstr=FONTANET_ET_AL_2025 href=https://ui.adsabs.harvard.edu/abs/2025A&A...699A..38F/abstract target=ref>Fontanet et al. 2025</a>"",""import_batch"":""astralys_nasa_confirmed_planets_20260918"",""discovery_status"":""confirmed"",""table"":""pscomppars"",""gaia_host_source_id"":""5394951821153092864"",""orbit_order"":1,""retrieved_at"":""2026-09-18T14:51:26.782Z"",""sky_position_kind"":""host_system_direction"",""visual_is_interpretation"":true,""best_mass_is_minimum"":true}"
planet,NASA_EXOPLANET_ARCHIVE,HD 94890 c,HD 94890 c,5de12349-09e3-45d7-acae-c0211948716c,HD 94890,164.1797804,-37.1383035,201.242166,,12.5,,2492.19,369,2025,Radial Velocity,Fontanet et al. 2025,1437681783,gas,2026-09-18T14:51:26.782Z,"{""pl_name"":""HD 94890 c"",""hostname"":""HD 94890"",""gaia_dr3_id"":""Gaia DR3 5394951821153092864"",""ra"":164.1797804,""dec"":-37.1383035,""sy_dist"":61.7012,""sy_gaiamag"":4.32647,""pl_rade"":12.5,""pl_radelim"":0,""pl_bmasse"":2831.85110637,""pl_bmasselim"":0,""pl_bmassprov"":""Msini"",""pl_orbper"":2492.19,""pl_orbperlim"":0,""pl_orbsmax"":4.33,""pl_eqt"":369.1,""pl_eqtlim"":0,""disc_year"":2025,""discoverymethod"":""Radial Velocity"",""disc_refname"":""<a refstr=FONTANET_ET_AL_2025 href=https://ui.adsabs.harvard.edu/abs/2025A&A...699A..38F/abstract target=ref>Fontanet et al. 2025</a>"",""import_batch"":""astralys_nasa_confirmed_planets_20260918"",""discovery_status"":""confirmed"",""table"":""pscomppars"",""gaia_host_source_id"":""5394951821153092864"",""orbit_order"":2,""retrieved_at"":""2026-09-18T14:51:26.782Z"",""sky_position_kind"":""host_system_direction"",""visual_is_interpretation"":true,""best_mass_is_minimum"":true}"
planet,NASA_EXOPLANET_ARCHIVE,HR 858 c,HR 858 c,7b2b0a89-9e22-42cc-b513-5f469df902d4,HR 858,42.9849779,-30.8140609,104.252504,,1.979,,5.973865,1309,2019,Transit,Vanderburg et al. 2019,1343172575,lava,2026-09-18T14:51:26.782Z,"{""pl_name"":""HR 858 c"",""hostname"":""HR 858"",""gaia_dr3_id"":""Gaia DR3 5064574724769475968"",""ra"":42.9849779,""dec"":-30.8140609,""sy_dist"":31.964,""sy_gaiamag"":6.25276,""pl_rade"":1.979,""pl_radelim"":0,""pl_bmasse"":3.8,""pl_bmasselim"":1,""pl_bmassprov"":""Mass"",""pl_orbper"":5.973865,""pl_orbperlim"":0,""pl_orbsmax"":0.0687,""pl_eqt"":1309,""pl_eqtlim"":0,""disc_year"":2019,""discoverymethod"":""Transit"",""disc_refname"":""<a refstr=VANDERBURG_ET_AL__2019 href=https://ui.adsabs.harvard.edu/abs/2019ApJ...881L..19V/abstract target=ref>Vanderburg et al. 2019</a>"",""import_batch"":""astralys_nasa_confirmed_planets_20260918"",""discovery_status"":""confirmed"",""table"":""pscomppars"",""gaia_host_source_id"":""5064574724769475968"",""orbit_order"":2,""retrieved_at"":""2026-09-18T14:51:26.782Z"",""sky_position_kind"":""host_system_direction"",""visual_is_interpretation"":true,""best_mass_is_minimum"":false}"
planet,NASA_EXOPLANET_ARCHIVE,HD 28471 b,HD 28471 b,03dd09e0-0aa8-498d-9973-f0b2a082fd4b,HD 28471,66.2875166,-64.0786861,142.352417,,1.75,,3.1649,1377,2025,Radial Velocity,Stevenson et al. 2025,2039638082,lava,2026-09-18T14:51:26.782Z,"{""pl_name"":""HD 28471 b"",""hostname"":""HD 28471"",""gaia_dr3_id"":""Gaia DR3 4675222436007028608"",""ra"":66.2875166,""dec"":-64.0786861,""sy_dist"":43.6455,""sy_gaiamag"":7.72751,""pl_rade"":1.75,""pl_radelim"":0,""pl_bmasse"":3.72,""pl_bmasselim"":0,""pl_bmassprov"":""Msini"",""pl_orbper"":3.1649,""pl_orbperlim"":0,""pl_orbsmax"":0.042,""pl_eqt"":1377,""pl_eqtlim"":0,""disc_year"":2025,""discoverymethod"":""Radial Velocity"",""disc_refname"":""<a refstr=STEVENSON_ET_AL_2025 href=https://ui.adsabs.harvard.edu/abs/2025MNRAS.543...28S/abstract target=ref>Stevenson et al. 2025</a>"",""import_batch"":""astralys_nasa_confirmed_planets_20260918"",""discovery_status"":""confirmed"",""table"":""pscomppars"",""gaia_host_source_id"":""4675222436007028608"",""orbit_order"":1,""retrieved_at"":""2026-09-18T14:51:26.782Z"",""sky_position_kind"":""host_system_direction"",""visual_is_interpretation"":true,""best_mass_is_minimum"":true}"
planet,NASA_EXOPLANET_ARCHIVE,HD 28471 c,HD 28471 c,03dd09e0-0aa8-498d-9973-f0b2a082fd4b,HD 28471,66.2875166,-64.0786861,142.352417,,2.26,,6.1245,1066,2025,Radial Velocity,Stevenson et al. 2025,2022860463,lava,2026-09-18T14:51:26.782Z,"{""pl_name"":""HD 28471 c"",""hostname"":""HD 28471"",""gaia_dr3_id"":""Gaia DR3 4675222436007028608"",""ra"":66.2875166,""dec"":-64.0786861,""sy_dist"":43.6455,""sy_gaiamag"":7.72751,""pl_rade"":2.26,""pl_radelim"":0,""pl_bmasse"":5.72,""pl_bmasselim"":0,""pl_bmassprov"":""Msini"",""pl_orbper"":6.1245,""pl_orbperlim"":0,""pl_orbsmax"":0.065,""pl_eqt"":1066,""pl_eqtlim"":0,""disc_year"":2025,""discoverymethod"":""Radial Velocity"",""disc_refname"":""<a refstr=STEVENSON_ET_AL_2025 href=https://ui.adsabs.harvard.edu/abs/2025MNRAS.543...28S/abstract target=ref>Stevenson et al. 2025</a>"",""import_batch"":""astralys_nasa_confirmed_planets_20260918"",""discovery_status"":""confirmed"",""table"":""pscomppars"",""gaia_host_source_id"":""4675222436007028608"",""orbit_order"":2,""retrieved_at"":""2026-09-18T14:51:26.782Z"",""sky_position_kind"":""host_system_direction"",""visual_is_interpretation"":true,""best_mass_is_minimum"":true}"
planet,NASA_EXOPLANET_ARCHIVE,HD 28471 d,HD 28471 d,03dd09e0-0aa8-498d-9973-f0b2a082fd4b,HD 28471,66.2875166,-64.0786861,142.352417,,2.06,,11.681,945,2025,Radial Velocity,Stevenson et al. 2025,2073193320,lava,2026-09-18T14:51:26.782Z,"{""pl_name"":""HD 28471 d"",""hostname"":""HD 28471"",""gaia_dr3_id"":""Gaia DR3 4675222436007028608"",""ra"":66.2875166,""dec"":-64.0786861,""sy_dist"":43.6455,""sy_gaiamag"":7.72751,""pl_rade"":2.06,""pl_radelim"":0,""pl_bmasse"":4.91,""pl_bmasselim"":0,""pl_bmassprov"":""Msini"",""pl_orbper"":11.681,""pl_orbperlim"":0,""pl_orbsmax"":0.1,""pl_eqt"":945,""pl_eqtlim"":0,""disc_year"":2025,""discoverymethod"":""Radial Velocity"",""disc_refname"":""<a refstr=STEVENSON_ET_AL_2025 href=https://ui.adsabs.harvard.edu/abs/2025MNRAS.543...28S/abstract target=ref>Stevenson et al. 2025</a>"",""import_batch"":""astralys_nasa_confirmed_planets_20260918"",""discovery_status"":""confirmed"",""table"":""pscomppars"",""gaia_host_source_id"":""4675222436007028608"",""orbit_order"":3,""retrieved_at"":""2026-09-18T14:51:26.782Z"",""sky_position_kind"":""host_system_direction"",""visual_is_interpretation"":true,""best_mass_is_minimum"":true}"
planet,NASA_EXOPLANET_ARCHIVE,51 Eri b,51 Eri b,5cfe7455-d746-47d7-9734-f06cd55193eb,51 Eri,69.4007424,-2.4738245,97.055872,,,,9100,807,2015,Imaging,Macintosh et al. 2015,1815207347,lava,2026-09-18T14:51:26.782Z,"{""pl_name"":""51 Eri b"",""hostname"":""51 Eri"",""gaia_dr3_id"":""Gaia DR3 3205095125321700480"",""ra"":69.4007424,""dec"":-2.4738245,""sy_dist"":29.7575,""sy_gaiamag"":5.15806,""pl_rade"":null,""pl_radelim"":null,""pl_bmasse"":3464.3296363,""pl_bmasselim"":1,""pl_bmassprov"":""Mass"",""pl_orbper"":9100,""pl_orbperlim"":0,""pl_orbsmax"":10.4,""pl_eqt"":807,""pl_eqtlim"":0,""disc_year"":2015,""discoverymethod"":""Imaging"",""disc_refname"":""<a refstr=MACINTOSH_ET_AL__2015 href=https://ui.adsabs.harvard.edu/abs/2015Sci...350...64M/abstract target=ref>Macintosh et al. 2015</a>"",""import_batch"":""astralys_nasa_confirmed_planets_20260918"",""discovery_status"":""confirmed"",""table"":""pscomppars"",""gaia_host_source_id"":""3205095125321700480"",""orbit_order"":1,""retrieved_at"":""2026-09-18T14:51:26.782Z"",""sky_position_kind"":""host_system_direction"",""visual_is_interpretation"":true,""best_mass_is_minimum"":false}"
planet,NASA_EXOPLANET_ARCHIVE,HIP 18606 b,HIP 18606 b,227394e9-01a8-4d7b-865a-53f7de8e7b93,HIP 18606,59.7181058,-5.4706979,153.387253,,14,,674.94,406,2025,Radial Velocity,Jenkins et al. 2025,954607131,gas,2026-09-18T14:51:26.782Z,"{""pl_name"":""HIP 18606 b"",""hostname"":""HIP 18606"",""gaia_dr3_id"":""Gaia DR3 3245123980001812864"",""ra"":59.7181058,""dec"":-5.4706979,""sy_dist"":47.0288,""sy_gaiamag"":5.56374,""pl_rade"":14,""pl_radelim"":0,""pl_bmasse"":244.72787339,""pl_bmasselim"":0,""pl_bmassprov"":""Msini"",""pl_orbper"":674.94,""pl_orbperlim"":0,""pl_orbsmax"":1.61,""pl_eqt"":405.91,""pl_eqtlim"":0,""disc_year"":2025,""discoverymethod"":""Radial Velocity"",""disc_refname"":""<a refstr=JENKINS_ET_AL_2025 href=https://ui.adsabs.harvard.edu/abs/2025A&A...704A.283J/abstract target=ref>Jenkins et al. 2025</a>"",""import_batch"":""astralys_nasa_confirmed_planets_20260918"",""discovery_status"":""confirmed"",""table"":""pscomppars"",""gaia_host_source_id"":""3245123980001812864"",""orbit_order"":1,""retrieved_at"":""2026-09-18T14:51:26.782Z"",""sky_position_kind"":""host_system_direction"",""visual_is_interpretation"":true,""best_mass_is_minimum"":true}"
planet,NASA_EXOPLANET_ARCHIVE,HIP 111909 c,HIP 111909 c,58340aae-5e1a-4271-ae6a-9970b86339eb,HIP 111909,340.0304354,-49.5985391,287.26842,,13.9,,893.63,358,2025,Radial Velocity,Jenkins et al. 2025,456611145,gas,2026-09-18T14:51:26.782Z,"{""pl_name"":""HIP 111909 c"",""hostname"":""HIP 111909"",""gaia_dr3_id"":""Gaia DR3 6517272336609082880"",""ra"":340.0304354,""dec"":-49.5985391,""sy_dist"":88.077,""sy_gaiamag"":7.09697,""pl_rade"":13.9,""pl_radelim"":0,""pl_bmasse"":257.44100967,""pl_bmasselim"":0,""pl_bmassprov"":""Msini"",""pl_orbper"":893.63,""pl_orbperlim"":0,""pl_orbsmax"":1.97,""pl_eqt"":357.64,""pl_eqtlim"":0,""disc_year"":2025,""discoverymethod"":""Radial Velocity"",""disc_refname"":""<a refstr=JENKINS_ET_AL_2025 href=https://ui.adsabs.harvard.edu/abs/2025A&A...704A.283J/abstract target=ref>Jenkins et al. 2025</a>"",""import_batch"":""astralys_nasa_confirmed_planets_20260918"",""discovery_status"":""confirmed"",""table"":""pscomppars"",""gaia_host_source_id"":""6517272336609082880"",""orbit_order"":2,""retrieved_at"":""2026-09-18T14:51:26.782Z"",""sky_position_kind"":""host_system_direction"",""visual_is_interpretation"":true,""best_mass_is_minimum"":true}"
planet,NASA_EXOPLANET_ARCHIVE,TOI-5817 b,TOI-5817 b,3efa651e-ac00-443f-872e-34e97ec4aaa0,TOI-5817,322.3777987,21.474527,263.384669,,3.08,10.3,15.61031,950,2025,Transit,Naponiello et al. 2025,613090346,lava,2026-09-18T14:51:26.782Z,"{""pl_name"":""TOI-5817 b"",""hostname"":""TOI-5817"",""gaia_dr3_id"":""Gaia DR3 1790807028049001600"",""ra"":322.3777987,""dec"":21.474527,""sy_dist"":80.7542,""sy_gaiamag"":8.48343,""pl_rade"":3.08,""pl_radelim"":0,""pl_bmasse"":10.3,""pl_bmasselim"":0,""pl_bmassprov"":""Mass"",""pl_orbper"":15.61031,""pl_orbperlim"":0,""pl_orbsmax"":0.1223,""pl_eqt"":950,""pl_eqtlim"":0,""disc_year"":2025,""discoverymethod"":""Transit"",""disc_refname"":""<a refstr=NAPONIELLO_ET_AL_2025 href=https://ui.adsabs.harvard.edu/abs/2025A&A...701A..79N/abstract target=ref>Naponiello et al. 2025</a>"",""import_batch"":""astralys_nasa_confirmed_planets_20260918"",""discovery_status"":""confirmed"",""table"":""pscomppars"",""gaia_host_source_id"":""1790807028049001600"",""orbit_order"":1,""retrieved_at"":""2026-09-18T14:51:26.782Z"",""sky_position_kind"":""host_system_direction"",""visual_is_interpretation"":true,""best_mass_is_minimum"":false}"
planet,NASA_EXOPLANET_ARCHIVE,HD 17156 b,HD 17156 b,2c8bbf1e-a27f-40ba-a498-13c07b30e205,HD 17156,42.4366123,71.7530882,254.683153,,12.26262489,1036.12060682,21.2164294,888,2007,Radial Velocity, Fischer et al. 2007 ,1010691080,gas,2026-09-18T14:51:26.782Z,"{""pl_name"":""HD 17156 b"",""hostname"":""HD 17156"",""gaia_dr3_id"":""Gaia DR3 545560867790611072"",""ra"":42.4366123,""dec"":71.7530882,""sy_dist"":78.0863,""sy_gaiamag"":8.03298,""pl_rade"":12.26262489,""pl_radelim"":0,""pl_bmasse"":1036.12060682,""pl_bmasselim"":0,""pl_bmassprov"":""Mass"",""pl_orbper"":21.2164294,""pl_orbperlim"":0,""pl_orbsmax"":0.1632,""pl_eqt"":888,""pl_eqtlim"":0,""disc_year"":2007,""discoverymethod"":""Radial Velocity"",""disc_refname"":""<a refstr=FISCHER_ET_AL__2007 href=https://ui.adsabs.harvard.edu/abs/2007ApJ...669.1336F/abstract target=ref> Fischer et al. 2007 </a>"",""import_batch"":""astralys_nasa_confirmed_planets_20260918"",""discovery_status"":""confirmed"",""table"":""pscomppars"",""gaia_host_source_id"":""545560867790611072"",""orbit_order"":1,""retrieved_at"":""2026-09-18T14:51:26.782Z"",""sky_position_kind"":""host_system_direction"",""visual_is_interpretation"":true,""best_mass_is_minimum"":false}"
planet,NASA_EXOPLANET_ARCHIVE,HD 85426 c,HD 85426 c,deedf5d9-18e1-482f-9b38-463726f154f9,TOI-1774,148.1619305,35.111008,176.039439,,3.19,,35.73,640,2026,Radial Velocity,Lienhard et al. 2026,389609465,rocky,2026-09-18T14:51:26.782Z,"{""pl_name"":""HD 85426 c"",""hostname"":""TOI-1774"",""gaia_dr3_id"":""Gaia DR3 796063843195758208"",""ra"":148.1619305,""dec"":35.111008,""sy_dist"":53.974,""sy_gaiamag"":8.08235,""pl_rade"":3.19,""pl_radelim"":0,""pl_bmasse"":10.3,""pl_bmasselim"":0,""pl_bmassprov"":""Msini"",""pl_orbper"":35.73,""pl_orbperlim"":0,""pl_orbsmax"":null,""pl_eqt"":640,""pl_eqtlim"":0,""disc_year"":2026,""discoverymethod"":""Radial Velocity"",""disc_refname"":""<a refstr=LIENHARD_ET_AL_2026 href=https://ui.adsabs.harvard.edu/abs/2026MNRAS.545f1934L/abstract target=ref>Lienhard et al. 2026</a>"",""import_batch"":""astralys_nasa_confirmed_planets_20260918"",""discovery_status"":""confirmed"",""table"":""pscomppars"",""gaia_host_source_id"":""796063843195758208"",""orbit_order"":2,""retrieved_at"":""2026-09-18T14:51:26.782Z"",""sky_position_kind"":""host_system_direction"",""visual_is_interpretation"":true,""best_mass_is_minimum"":true}"
planet,NASA_EXOPLANET_ARCHIVE,TOI-1774.01,TOI-1774.01,deedf5d9-18e1-482f-9b38-463726f154f9,TOI-1774,148.1619305,35.111008,176.039439,,2.78,,16.70988,824,2021,Transit,Giacalone et al. 2021,2136462430,lava,2026-09-18T14:51:26.782Z,"{""pl_name"":""TOI-1774.01"",""hostname"":""TOI-1774"",""gaia_dr3_id"":""Gaia DR3 796063843195758208"",""ra"":148.1619305,""dec"":35.111008,""sy_dist"":53.974,""sy_gaiamag"":8.08235,""pl_rade"":2.78,""pl_radelim"":0,""pl_bmasse"":8.5,""pl_bmasselim"":0,""pl_bmassprov"":""Msini"",""pl_orbper"":16.70988,""pl_orbperlim"":0,""pl_orbsmax"":null,""pl_eqt"":824,""pl_eqtlim"":0,""disc_year"":2021,""discoverymethod"":""Transit"",""disc_refname"":""<a refstr=GIACALONE_ET_AL_2021 href=https://ui.adsabs.harvard.edu/abs/2021AJ....161...24G/abstract target=ref>Giacalone et al. 2021</a>"",""import_batch"":""astralys_nasa_confirmed_planets_20260918"",""discovery_status"":""confirmed"",""table"":""pscomppars"",""gaia_host_source_id"":""796063843195758208"",""orbit_order"":1,""retrieved_at"":""2026-09-18T14:51:26.782Z"",""sky_position_kind"":""host_system_direction"",""visual_is_interpretation"":true,""best_mass_is_minimum"":true}"
planet,NASA_EXOPLANET_ARCHIVE,HD 176986 b,HD 176986 b,4dfa00d5-ad4f-4692-a0ce-19393aa0c67d,HD 176986,285.7739138,-11.044941,90.620162,,,,6.49164,767,2017,Radial Velocity,Su&aacute;rez Mascare&ntilde;o et al. 2018,1039273958,lava,2026-09-18T14:51:26.782Z,"{""pl_name"":""HD 176986 b"",""hostname"":""HD 176986"",""gaia_dr3_id"":""Gaia DR3 4199396753205879040"",""ra"":285.7739138,""dec"":-11.044941,""sy_dist"":27.7843,""sy_gaiamag"":8.14249,""pl_rade"":null,""pl_radelim"":null,""pl_bmasse"":1487.75477317,""pl_bmasselim"":1,""pl_bmassprov"":""Mass"",""pl_orbper"":6.49164,""pl_orbperlim"":0,""pl_orbsmax"":0.062956,""pl_eqt"":767,""pl_eqtlim"":0,""disc_year"":2017,""discoverymethod"":""Radial Velocity"",""disc_refname"":""<a refstr=SU_AACUTE_REZ_MASCARE_NTILDE_O_ET_AL__2018 href=https://ui.adsabs.harvard.edu/abs/2018A&A...612A..41S/abstract target=ref>Su&aacute;rez Mascare&ntilde;o et al. 2018</a>"",""import_batch"":""astralys_nasa_confirmed_planets_20260918"",""discovery_status"":""confirmed"",""table"":""pscomppars"",""gaia_host_source_id"":""4199396753205879040"",""orbit_order"":1,""retrieved_at"":""2026-09-18T14:51:26.782Z"",""sky_position_kind"":""host_system_direction"",""visual_is_interpretation"":true,""best_mass_is_minimum"":false}"
planet,NASA_EXOPLANET_ARCHIVE,HD 176986 d,HD 176986 d,4dfa00d5-ad4f-4692-a0ce-19393aa0c67d,HD 176986,285.7739138,-11.044941,90.620162,,2.49,,61.376,363,2026,Radial Velocity,Nari et al. 2026,1072829196,rocky,2026-09-18T14:51:26.782Z,"{""pl_name"":""HD 176986 d"",""hostname"":""HD 176986"",""gaia_dr3_id"":""Gaia DR3 4199396753205879040"",""ra"":285.7739138,""dec"":-11.044941,""sy_dist"":27.7843,""sy_gaiamag"":8.14249,""pl_rade"":2.49,""pl_radelim"":0,""pl_bmasse"":6.76,""pl_bmasselim"":0,""pl_bmassprov"":""Msini"",""pl_orbper"":61.376,""pl_orbperlim"":0,""pl_orbsmax"":0.28149,""pl_eqt"":363,""pl_eqtlim"":0,""disc_year"":2026,""discoverymethod"":""Radial Velocity"",""disc_refname"":""<a refstr=NARI_ET_AL_2026 href=https://ui.adsabs.harvard.edu/abs/2026A&A...705A.252N/abstract target=ref>Nari et al. 2026</a>"",""import_batch"":""astralys_nasa_confirmed_planets_20260918"",""discovery_status"":""confirmed"",""table"":""pscomppars"",""gaia_host_source_id"":""4199396753205879040"",""orbit_order"":3,""retrieved_at"":""2026-09-18T14:51:26.782Z"",""sky_position_kind"":""host_system_direction"",""visual_is_interpretation"":true,""best_mass_is_minimum"":true}"
planet,NASA_EXOPLANET_ARCHIVE,HD 181433 b,HD 181433 b,d0130602-802f-4187-9f53-24b228120028,HD 181433,291.2873731,-66.4677838,87.658339,,,,9.3745,733,2008,Radial Velocity, Bouchy et al. 2009 ,1805976031,lava,2026-09-18T14:51:26.782Z,"{""pl_name"":""HD 181433 b"",""hostname"":""HD 181433"",""gaia_dr3_id"":""Gaia DR3 6434153380720177664"",""ra"":291.2873731,""dec"":-66.4677838,""sy_dist"":26.8762,""sy_gaiamag"":8.09228,""pl_rade"":null,""pl_radelim"":null,""pl_bmasse"":1708.64551603,""pl_bmasselim"":1,""pl_bmassprov"":""Mass"",""pl_orbper"":9.3745,""pl_orbperlim"":0,""pl_orbsmax"":0.0828,""pl_eqt"":732.52,""pl_eqtlim"":0,""disc_year"":2008,""discoverymethod"":""Radial Velocity"",""disc_refname"":""<a refstr=BOUCHY_ET_AL__2009 href=https://ui.adsabs.harvard.edu/abs/2009A&A...496..527B/abstract target=ref> Bouchy et al. 2009 </a>"",""import_batch"":""astralys_nasa_confirmed_planets_20260918"",""discovery_status"":""confirmed"",""table"":""pscomppars"",""gaia_host_source_id"":""6434153380720177664"",""orbit_order"":1,""retrieved_at"":""2026-09-18T14:51:26.782Z"",""sky_position_kind"":""host_system_direction"",""visual_is_interpretation"":true,""best_mass_is_minimum"":false}"
planet,NASA_EXOPLANET_ARCHIVE,HD 181433 d,HD 181433 d,d0130602-802f-4187-9f53-24b228120028,HD 181433,291.2873731,-66.4677838,87.658339,,13.2,858.1366989,6896.1,81,2008,Radial Velocity, Bouchy et al. 2009 ,1772420793,gas,2026-09-18T14:51:26.782Z,"{""pl_name"":""HD 181433 d"",""hostname"":""HD 181433"",""gaia_dr3_id"":""Gaia DR3 6434153380720177664"",""ra"":291.2873731,""dec"":-66.4677838,""sy_dist"":26.8762,""sy_gaiamag"":8.09228,""pl_rade"":13.2,""pl_radelim"":0,""pl_bmasse"":858.1366989,""pl_bmasselim"":0,""pl_bmassprov"":""Mass"",""pl_orbper"":6896.1,""pl_orbperlim"":0,""pl_orbsmax"":6.74,""pl_eqt"":81.19,""pl_eqtlim"":0,""disc_year"":2008,""discoverymethod"":""Radial Velocity"",""disc_refname"":""<a refstr=BOUCHY_ET_AL__2009 href=https://ui.adsabs.harvard.edu/abs/2009A&A...496..527B/abstract target=ref> Bouchy et al. 2009 </a>"",""import_batch"":""astralys_nasa_confirmed_planets_20260918"",""discovery_status"":""confirmed"",""table"":""pscomppars"",""gaia_host_source_id"":""6434153380720177664"",""orbit_order"":3,""retrieved_at"":""2026-09-18T14:51:26.782Z"",""sky_position_kind"":""host_system_direction"",""visual_is_interpretation"":true,""best_mass_is_minimum"":false}"
planet,NASA_EXOPLANET_ARCHIVE,HD 181433 c,HD 181433 c,d0130602-802f-4187-9f53-24b228120028,HD 181433,291.2873731,-66.4677838,87.658339,,,,1018.5,154,2008,Radial Velocity, Bouchy et al. 2009 ,1789198412,ice,2026-09-18T14:51:26.782Z,"{""pl_name"":""HD 181433 c"",""hostname"":""HD 181433"",""gaia_dr3_id"":""Gaia DR3 6434153380720177664"",""ra"":291.2873731,""dec"":-66.4677838,""sy_dist"":26.8762,""sy_gaiamag"":8.09228,""pl_rade"":null,""pl_radelim"":null,""pl_bmasse"":2207.00045821,""pl_bmasselim"":1,""pl_bmassprov"":""Mass"",""pl_orbper"":1018.5,""pl_orbperlim"":0,""pl_orbsmax"":1.885,""pl_eqt"":153.53,""pl_eqtlim"":0,""disc_year"":2008,""discoverymethod"":""Radial Velocity"",""disc_refname"":""<a refstr=BOUCHY_ET_AL__2009 href=https://ui.adsabs.harvard.edu/abs/2009A&A...496..527B/abstract target=ref> Bouchy et al. 2009 </a>"",""import_batch"":""astralys_nasa_confirmed_planets_20260918"",""discovery_status"":""confirmed"",""table"":""pscomppars"",""gaia_host_source_id"":""6434153380720177664"",""orbit_order"":2,""retrieved_at"":""2026-09-18T14:51:26.782Z"",""sky_position_kind"":""host_system_direction"",""visual_is_interpretation"":true,""best_mass_is_minimum"":false}"
planet,NASA_EXOPLANET_ARCHIVE,HD 202206 b,HD 202206 b,a7a53a51-5130-4fe8-a976-89d561ecd4de,HD 202206,318.7405221,-20.7897284,149.922498,,12.1,6849.20217085,256.26,315,2026,Radial Velocity,Cao et al. 2026,89254909,gas,2026-09-18T14:51:26.782Z,"{""pl_name"":""HD 202206 b"",""hostname"":""HD 202206"",""gaia_dr3_id"":""Gaia DR3 6832155218215202944"",""ra"":318.7405221,""dec"":-20.7897284,""sy_dist"":45.9665,""sy_gaiamag"":7.91051,""pl_rade"":12.1,""pl_radelim"":0,""pl_bmasse"":6849.20217085,""pl_bmasselim"":0,""pl_bmassprov"":""Mass"",""pl_orbper"":256.26,""pl_orbperlim"":0,""pl_orbsmax"":0.81,""pl_eqt"":314.96,""pl_eqtlim"":0,""disc_year"":2026,""discoverymethod"":""Radial Velocity"",""disc_refname"":""<a refstr=CAO_ET_AL_2026 href=https://ui.adsabs.harvard.edu/abs/2026A&A...711A.229C/abstract target=ref>Cao et al. 2026</a>"",""import_batch"":""astralys_nasa_confirmed_planets_20260918"",""discovery_status"":""confirmed"",""table"":""pscomppars"",""gaia_host_source_id"":""6832155218215202944"",""orbit_order"":1,""retrieved_at"":""2026-09-18T14:51:26.782Z"",""sky_position_kind"":""host_system_direction"",""visual_is_interpretation"":true,""best_mass_is_minimum"":false}"
planet,NASA_EXOPLANET_ARCHIVE,HD 39194 c,HD 39194 c,de9ada87-f664-4eaa-ad7a-24cab36dfd2d,HD 39194,86.129071,-70.1382377,86.14791,,2.65,,14.0309,675,2021,Radial Velocity,Unger et al. 2021,1423123607,rocky,2026-09-18T14:51:26.782Z,"{""pl_name"":""HD 39194 c"",""hostname"":""HD 39194"",""gaia_dr3_id"":""Gaia DR3 4657193606465368704"",""ra"":86.129071,""dec"":-70.1382377,""sy_dist"":26.4131,""sy_gaiamag"":7.85201,""pl_rade"":2.65,""pl_radelim"":0,""pl_bmasse"":7.49,""pl_bmasselim"":0,""pl_bmassprov"":""Msini"",""pl_orbper"":14.0309,""pl_orbperlim"":0,""pl_orbsmax"":0.1083,""pl_eqt"":675.19,""pl_eqtlim"":0,""disc_year"":2021,""discoverymethod"":""Radial Velocity"",""disc_refname"":""<a refstr=UNGER_ET_AL__2021 href=https://ui.adsabs.harvard.edu/abs/2021A&A...654A.104U/abstract target=ref>Unger et al. 2021</a>"",""import_batch"":""astralys_nasa_confirmed_planets_20260918"",""discovery_status"":""confirmed"",""table"":""pscomppars"",""gaia_host_source_id"":""4657193606465368704"",""orbit_order"":2,""retrieved_at"":""2026-09-18T14:51:26.782Z"",""sky_position_kind"":""host_system_direction"",""visual_is_interpretation"":true,""best_mass_is_minimum"":true}"
planet,NASA_EXOPLANET_ARCHIVE,HD 28185 b,HD 28185 b,29da368d-b2c2-4f68-8dda-07f9b66a5419,HD 28185,66.6100461,-10.5510754,128.443168,,12.8,,385.92,272,2001,Radial Velocity, Santos et al. 2001 ,364728782,gas,2026-09-18T14:51:26.782Z,"{""pl_name"":""HD 28185 b"",""hostname"":""HD 28185"",""gaia_dr3_id"":""Gaia DR3 3179384931394690304"",""ra"":66.6100461,""dec"":-10.5510754,""sy_dist"":39.3809,""sy_gaiamag"":7.62682,""pl_rade"":12.8,""pl_radelim"":0,""pl_bmasse"":1859.29618095,""pl_bmasselim"":0,""pl_bmassprov"":""Msini"",""pl_orbper"":385.92,""pl_orbperlim"":0,""pl_orbsmax"":1.034,""pl_eqt"":271.95,""pl_eqtlim"":0,""disc_year"":2001,""discoverymethod"":""Radial Velocity"",""disc_refname"":""<a refstr=SANTOS_ET_AL__2001 href=https://ui.adsabs.harvard.edu/abs/2001A&A...379..999S/abstract target=ref> Santos et al. 2001 </a>"",""import_batch"":""astralys_nasa_confirmed_planets_20260918"",""discovery_status"":""confirmed"",""table"":""pscomppars"",""gaia_host_source_id"":""3179384931394690304"",""orbit_order"":1,""retrieved_at"":""2026-09-18T14:51:26.782Z"",""sky_position_kind"":""host_system_direction"",""visual_is_interpretation"":true,""best_mass_is_minimum"":true}"
planet,NASA_EXOPLANET_ARCHIVE,DMPP-6 c,DMPP-6 c,3da367f5-f0e7-4a5b-beb3-078c0f124fce,DMPP-6,120.3857827,-70.0234291,178.180001,,3.74,,36.441,715,2026,Radial Velocity,Standing et al. 2026,218169752,lava,2026-09-18T14:51:26.782Z,"{""pl_name"":""DMPP-6 c"",""hostname"":""DMPP-6"",""gaia_dr3_id"":""Gaia DR3 5270480576538756352"",""ra"":120.3857827,""dec"":-70.0234291,""sy_dist"":54.6303,""sy_gaiamag"":7.56056,""pl_rade"":3.74,""pl_radelim"":0,""pl_bmasse"":13.47,""pl_bmasselim"":0,""pl_bmassprov"":""Msini"",""pl_orbper"":36.441,""pl_orbperlim"":0,""pl_orbsmax"":0.2206,""pl_eqt"":715.27,""pl_eqtlim"":0,""disc_year"":2026,""discoverymethod"":""Radial Velocity"",""disc_refname"":""<a refstr=STANDING_ET_AL_2026 href=https://ui.adsabs.harvard.edu/abs/2026MNRAS.547ag370S/abstract target=ref>Standing et al. 2026</a>"",""import_batch"":""astralys_nasa_confirmed_planets_20260918"",""discovery_status"":""confirmed"",""table"":""pscomppars"",""gaia_host_source_id"":""5270480576538756352"",""orbit_order"":2,""retrieved_at"":""2026-09-18T14:51:26.782Z"",""sky_position_kind"":""host_system_direction"",""visual_is_interpretation"":true,""best_mass_is_minimum"":true}"
planet,NASA_EXOPLANET_ARCHIVE,HD 72659 c,HD 72659 c,72c4bbbe-9c2e-4c25-af9b-3ab7c79177fb,HD 72659,128.5128072,-1.5686323,169.25833,,12.1,6165.8710958,35500,72,2022,Radial Velocity,Feng et al. 2022,660682436,gas,2026-09-18T14:51:26.782Z,"{""pl_name"":""HD 72659 c"",""hostname"":""HD 72659"",""gaia_dr3_id"":""Gaia DR3 3073443760538892032"",""ra"":128.5128072,""dec"":-1.5686323,""sy_dist"":51.8949,""sy_gaiamag"":7.3107,""pl_rade"":12.1,""pl_radelim"":0,""pl_bmasse"":6165.8710958,""pl_bmasselim"":0,""pl_bmassprov"":""Mass"",""pl_orbper"":35500,""pl_orbperlim"":0,""pl_orbsmax"":21.5,""pl_eqt"":71.91,""pl_eqtlim"":0,""disc_year"":2022,""discoverymethod"":""Radial Velocity"",""disc_refname"":""<a refstr=FENG_ET_AL__2022 href=https://ui.adsabs.harvard.edu/abs/2022ApJS..262...21F/abstract target=ref>Feng et al. 2022</a>"",""import_batch"":""astralys_nasa_confirmed_planets_20260918"",""discovery_status"":""confirmed"",""table"":""pscomppars"",""gaia_host_source_id"":""3073443760538892032"",""orbit_order"":2,""retrieved_at"":""2026-09-18T14:51:26.782Z"",""sky_position_kind"":""host_system_direction"",""visual_is_interpretation"":true,""best_mass_is_minimum"":false}"
planet,NASA_EXOPLANET_ARCHIVE,HD 95338 b,HD 95338 b,f4ee8f5d-0efd-4ea3-b0c5-aa537d7f1fb0,HD 95338,164.8563364,-56.6235564,120.658477,,4.27174254,42.9,55.082694,443,2020,Radial Velocity,D&iacute;az et al. 2020,1684601855,gas,2026-09-18T14:51:26.782Z,"{""pl_name"":""HD 95338 b"",""hostname"":""HD 95338"",""gaia_dr3_id"":""Gaia DR3 5340648488081462528"",""ra"":164.8563364,""dec"":-56.6235564,""sy_dist"":36.9941,""sy_gaiamag"":8.38213,""pl_rade"":4.27174254,""pl_radelim"":0,""pl_bmasse"":42.9,""pl_bmasselim"":0,""pl_bmassprov"":""Mass"",""pl_orbper"":55.082694,""pl_orbperlim"":0,""pl_orbsmax"":0.262,""pl_eqt"":443,""pl_eqtlim"":0,""disc_year"":2020,""discoverymethod"":""Radial Velocity"",""disc_refname"":""<a refstr=DIAZ_ET_AL_2020 href=https://ui.adsabs.harvard.edu/abs/2020MNRAS.496.4330D/abstract target=ref>D&iacute;az et al. 2020</a>"",""import_batch"":""astralys_nasa_confirmed_planets_20260918"",""discovery_status"":""confirmed"",""table"":""pscomppars"",""gaia_host_source_id"":""5340648488081462528"",""orbit_order"":1,""retrieved_at"":""2026-09-18T14:51:26.782Z"",""sky_position_kind"":""host_system_direction"",""visual_is_interpretation"":true,""best_mass_is_minimum"":false}"
planet,NASA_EXOPLANET_ARCHIVE,HD 100508 b,HD 100508 b,dd94a9e1-f1d7-47ba-bf4e-a79d9296918f,HD 100508,173.3014057,-67.0546386,106.831745,,13.7,381.3940884,5681,107,2026,Radial Velocity,Wu et al. 2026,506331123,gas,2026-09-18T14:51:26.782Z,"{""pl_name"":""HD 100508 b"",""hostname"":""HD 100508"",""gaia_dr3_id"":""Gaia DR3 5236623864770649600"",""ra"":173.3014057,""dec"":-67.0546386,""sy_dist"":32.7548,""sy_gaiamag"":7.52487,""pl_rade"":13.7,""pl_radelim"":0,""pl_bmasse"":381.3940884,""pl_bmasselim"":0,""pl_bmassprov"":""Mass"",""pl_orbper"":5681,""pl_orbperlim"":0,""pl_orbsmax"":6.11,""pl_eqt"":106.66,""pl_eqtlim"":0,""disc_year"":2026,""discoverymethod"":""Radial Velocity"",""disc_refname"":""<a refstr=WU_ET_AL_2026 href=https://ui.adsabs.harvard.edu/abs/2026AJ....171..189W/abstract target=ref>Wu et al. 2026</a>"",""import_batch"":""astralys_nasa_confirmed_planets_20260918"",""discovery_status"":""confirmed"",""table"":""pscomppars"",""gaia_host_source_id"":""5236623864770649600"",""orbit_order"":1,""retrieved_at"":""2026-09-18T14:51:26.782Z"",""sky_position_kind"":""host_system_direction"",""visual_is_interpretation"":true,""best_mass_is_minimum"":false}"
planet,NASA_EXOPLANET_ARCHIVE,HD 114386 c,HD 114386 c,92354896-2955-4255-8398-0a1d2108e54f,HD 114386,197.6652124,-35.0561807,91.07678,,13.4,,444,201,2026,Radial Velocity,Wu et al. 2026,900918656,gas,2026-09-18T14:51:26.782Z,"{""pl_name"":""HD 114386 c"",""hostname"":""HD 114386"",""gaia_dr3_id"":""Gaia DR3 6166971574132849792"",""ra"":197.6652124,""dec"":-35.0561807,""sy_dist"":27.9243,""sy_gaiamag"":8.41823,""pl_rade"":13.4,""pl_radelim"":0,""pl_bmasse"":117.59651059,""pl_bmasselim"":0,""pl_bmassprov"":""Msini"",""pl_orbper"":444,""pl_orbperlim"":0,""pl_orbsmax"":1.05,""pl_eqt"":200.82,""pl_eqtlim"":0,""disc_year"":2026,""discoverymethod"":""Radial Velocity"",""disc_refname"":""<a refstr=WU_ET_AL_2026 href=https://ui.adsabs.harvard.edu/abs/2026AJ....171..189W/abstract target=ref>Wu et al. 2026</a>"",""import_batch"":""astralys_nasa_confirmed_planets_20260918"",""discovery_status"":""confirmed"",""table"":""pscomppars"",""gaia_host_source_id"":""6166971574132849792"",""orbit_order"":1,""retrieved_at"":""2026-09-18T14:51:26.782Z"",""sky_position_kind"":""host_system_direction"",""visual_is_interpretation"":true,""best_mass_is_minimum"":true}"
planet,NASA_EXOPLANET_ARCHIVE,HD 154345 b,HD 154345 b,d7dce605-634e-48ad-b26c-5b7e0a400dbb,HD 154345,255.6524619,47.0855544,59.634363,,13.7,376.9444907,3280,119,2006,Radial Velocity, Wright et al. 2007 ,539040686,gas,2026-09-18T14:51:26.782Z,"{""pl_name"":""HD 154345 b"",""hostname"":""HD 154345"",""gaia_dr3_id"":""Gaia DR3 1359938520253565952"",""ra"":255.6524619,""dec"":47.0855544,""sy_dist"":18.284,""sy_gaiamag"":6.56771,""pl_rade"":13.7,""pl_radelim"":0,""pl_bmasse"":376.9444907,""pl_bmasselim"":0,""pl_bmassprov"":""Mass"",""pl_orbper"":3280,""pl_orbperlim"":0,""pl_orbsmax"":4.158,""pl_eqt"":119.21,""pl_eqtlim"":0,""disc_year"":2006,""discoverymethod"":""Radial Velocity"",""disc_refname"":""<a refstr=WRIGHT_ET_AL__2007 href=https://ui.adsabs.harvard.edu/abs/2007ApJ...657..533W/abstract target=ref> Wright et al. 2007 </a>"",""import_batch"":""astralys_nasa_confirmed_planets_20260918"",""discovery_status"":""confirmed"",""table"":""pscomppars"",""gaia_host_source_id"":""1359938520253565952"",""orbit_order"":1,""retrieved_at"":""2026-09-18T14:51:26.782Z"",""sky_position_kind"":""host_system_direction"",""visual_is_interpretation"":true,""best_mass_is_minimum"":false}"
planet,NASA_EXOPLANET_ARCHIVE,HD 217107 b,HD 217107 b,1bcaf8cf-cead-4766-b9cb-5b887e831095,HD 217107,344.5647243,-2.3954489,65.433091,,13.6,459.57987652,7.1270166,1106,1998,Radial Velocity, Fischer et al. 1999 ,1996969781,gas,2026-09-18T14:51:26.782Z,"{""pl_name"":""HD 217107 b"",""hostname"":""HD 217107"",""gaia_dr3_id"":""Gaia DR3 2648914040357320576"",""ra"":344.5647243,""dec"":-2.3954489,""sy_dist"":20.0619,""sy_gaiamag"":5.96401,""pl_rade"":13.6,""pl_radelim"":0,""pl_bmasse"":459.57987652,""pl_bmasselim"":0,""pl_bmassprov"":""Mass"",""pl_orbper"":7.1270166,""pl_orbperlim"":0,""pl_orbsmax"":0.07359,""pl_eqt"":1105.84,""pl_eqtlim"":0,""disc_year"":1998,""discoverymethod"":""Radial Velocity"",""disc_refname"":""<a refstr=FISCHER_ET_AL__1999 href=https://ui.adsabs.harvard.edu/abs/1999PASP..111...50F/abstract target=ref> Fischer et al. 1999 </a>"",""import_batch"":""astralys_nasa_confirmed_planets_20260918"",""discovery_status"":""confirmed"",""table"":""pscomppars"",""gaia_host_source_id"":""2648914040357320576"",""orbit_order"":1,""retrieved_at"":""2026-09-18T14:51:26.782Z"",""sky_position_kind"":""host_system_direction"",""visual_is_interpretation"":true,""best_mass_is_minimum"":false}"
planet,NASA_EXOPLANET_ARCHIVE,HIP 54515 b,HIP 54515 b,8d7a45da-1ce0-400f-ba0a-0d1ed9d6871f,HIP 54515,167.3066308,-1.3332838,270.09011,,12.2,5625.5628039,33000,101,2026,Imaging,Currie et al. 2026,206827090,gas,2026-09-18T14:51:26.782Z,"{""pl_name"":""HIP 54515 b"",""hostname"":""HIP 54515"",""gaia_dr3_id"":""Gaia DR3 3791464504614567040"",""ra"":167.3066308,""dec"":-1.3332838,""sy_dist"":82.8101,""sy_gaiamag"":6.76889,""pl_rade"":12.2,""pl_radelim"":0,""pl_bmasse"":5625.5628039,""pl_bmasselim"":0,""pl_bmassprov"":""Mass"",""pl_orbper"":33000,""pl_orbperlim"":0,""pl_orbsmax"":24.8,""pl_eqt"":100.72,""pl_eqtlim"":0,""disc_year"":2026,""discoverymethod"":""Imaging"",""disc_refname"":""<a refstr=CURRIE_ET_AL__2026 href=https://ui.adsabs.harvard.edu/abs/2026AJ....171....5C/abstract target=ref>Currie et al. 2026</a>"",""import_batch"":""astralys_nasa_confirmed_planets_20260918"",""discovery_status"":""confirmed"",""table"":""pscomppars"",""gaia_host_source_id"":""3791464504614567040"",""orbit_order"":1,""retrieved_at"":""2026-09-18T14:51:26.782Z"",""sky_position_kind"":""host_system_direction"",""visual_is_interpretation"":true,""best_mass_is_minimum"":false}"
planet,NASA_EXOPLANET_ARCHIVE,GJ 1137 c,GJ 1137 c,2ca63cf3-caf5-4462-82c3-e85bf1220496,HD 93083,161.0866672,-33.5776794,93.006319,,2.11,,9.6412,769,2026,Radial Velocity,Stoeva et al. 2026,1183331638,lava,2026-09-18T14:51:26.782Z,"{""pl_name"":""GJ 1137 c"",""hostname"":""HD 93083"",""gaia_dr3_id"":""Gaia DR3 5450573881018549760"",""ra"":161.0866672,""dec"":-33.5776794,""sy_dist"":28.5159,""sy_gaiamag"":8.04206,""pl_rade"":2.11,""pl_radelim"":0,""pl_bmasse"":5.12,""pl_bmasselim"":0,""pl_bmassprov"":""Msini"",""pl_orbper"":9.6412,""pl_orbperlim"":0,""pl_orbsmax"":0.0835,""pl_eqt"":768.51,""pl_eqtlim"":0,""disc_year"":2026,""discoverymethod"":""Radial Velocity"",""disc_refname"":""<a refstr=STOEVA_ET_AL_2026 href=https://ui.adsabs.harvard.edu/abs/2026A&A...708A.232S/abstract target=ref>Stoeva et al. 2026</a>"",""import_batch"":""astralys_nasa_confirmed_planets_20260918"",""discovery_status"":""confirmed"",""table"":""pscomppars"",""gaia_host_source_id"":""5450573881018549760"",""orbit_order"":1,""retrieved_at"":""2026-09-18T14:51:26.782Z"",""sky_position_kind"":""host_system_direction"",""visual_is_interpretation"":true,""best_mass_is_minimum"":true}"
planet,NASA_EXOPLANET_ARCHIVE,rho CrB e,rho CrB e,86e12d29-0558-4d91-ac83-06d663ff65ff,rho CrB,240.2600639,33.3001861,56.969995,,1.75,,12.904,1005,2023,Radial Velocity,Brewer et al. 2023,1489478306,lava,2026-09-18T14:51:26.782Z,"{""pl_name"":""rho CrB e"",""hostname"":""rho CrB"",""gaia_dr3_id"":""Gaia DR3 1323427759184545536"",""ra"":240.2600639,""dec"":33.3001861,""sy_dist"":17.4671,""sy_gaiamag"":5.24167,""pl_rade"":1.75,""pl_radelim"":0,""pl_bmasse"":3.71,""pl_bmasselim"":0,""pl_bmassprov"":""Msini"",""pl_orbper"":12.904,""pl_orbperlim"":0,""pl_orbsmax"":0.1061,""pl_eqt"":1004.88,""pl_eqtlim"":0,""disc_year"":2023,""discoverymethod"":""Radial Velocity"",""disc_refname"":""<a refstr=BREWER_ET_AL_2023 href=https://ui.adsabs.harvard.edu/abs/2023AJ....166...46B/abstract target=ref>Brewer et al. 2023</a>"",""import_batch"":""astralys_nasa_confirmed_planets_20260918"",""discovery_status"":""confirmed"",""table"":""pscomppars"",""gaia_host_source_id"":""1323427759184545536"",""orbit_order"":1,""retrieved_at"":""2026-09-18T14:51:26.782Z"",""sky_position_kind"":""host_system_direction"",""visual_is_interpretation"":true,""best_mass_is_minimum"":true}"
planet,NASA_EXOPLANET_ARCHIVE,HD 5388 b,HD 5388 b,8a909d37-83a1-4513-9bb5-539ccd098bbc,HD 5388,13.79903,-47.4067326,173.078269,,13.1,1017.0509024,772.5,317,2010,Radial Velocity, Santos et al. 2010 ,1667107137,gas,2026-09-18T14:51:26.782Z,"{""pl_name"":""HD 5388 b"",""hostname"":""HD 5388"",""gaia_dr3_id"":""Gaia DR3 4981024829037160320"",""ra"":13.79903,""dec"":-47.4067326,""sy_dist"":53.0661,""sy_gaiamag"":6.59149,""pl_rade"":13.1,""pl_radelim"":0,""pl_bmasse"":1017.0509024,""pl_bmasselim"":0,""pl_bmassprov"":""Mass"",""pl_orbper"":772.5,""pl_orbperlim"":0,""pl_orbsmax"":1.757,""pl_eqt"":316.59,""pl_eqtlim"":0,""disc_year"":2010,""discoverymethod"":""Radial Velocity"",""disc_refname"":""<a refstr=SANTOS_ET_AL__2010 href=https://ui.adsabs.harvard.edu/abs/2010A%26A...512A..47S/abstract target=ref> Santos et al. 2010 </a>"",""import_batch"":""astralys_nasa_confirmed_planets_20260918"",""discovery_status"":""confirmed"",""table"":""pscomppars"",""gaia_host_source_id"":""4981024829037160320"",""orbit_order"":1,""retrieved_at"":""2026-09-18T14:51:26.782Z"",""sky_position_kind"":""host_system_direction"",""visual_is_interpretation"":true,""best_mass_is_minimum"":false}"
planet,NASA_EXOPLANET_ARCHIVE,TOI-4602.01,TOI-4602.01,e7e70b05-0fdc-4992-b1b1-da57a758ac57,TOI-4602,60.6003316,31.3298354,205.686041,,2.45,5.53,3.9812999,1344,2024,Transit,Hord et al. 2024,1622050964,lava,2026-09-18T14:51:26.782Z,"{""pl_name"":""TOI-4602.01"",""hostname"":""TOI-4602"",""gaia_dr3_id"":""Gaia DR3 169256041140206848"",""ra"":60.6003316,""dec"":31.3298354,""sy_dist"":63.0637,""sy_gaiamag"":8.17303,""pl_rade"":2.45,""pl_radelim"":0,""pl_bmasse"":5.53,""pl_bmasselim"":0,""pl_bmassprov"":""Mass"",""pl_orbper"":3.9812999,""pl_orbperlim"":0,""pl_orbsmax"":0.04747,""pl_eqt"":1344,""pl_eqtlim"":0,""disc_year"":2024,""discoverymethod"":""Transit"",""disc_refname"":""<a refstr=HORD_ET_AL__2024 href=https://ui.adsabs.harvard.edu/abs/2024AJ....167..233H/abstract target=ref>Hord et al. 2024</a>"",""import_batch"":""astralys_nasa_confirmed_planets_20260918"",""discovery_status"":""confirmed"",""table"":""pscomppars"",""gaia_host_source_id"":""169256041140206848"",""orbit_order"":1,""retrieved_at"":""2026-09-18T14:51:26.782Z"",""sky_position_kind"":""host_system_direction"",""visual_is_interpretation"":true,""best_mass_is_minimum"":false}"
planet,NASA_EXOPLANET_ARCHIVE,eps Eri b,eps Eri b,8bed5a19-2b4b-4bc6-8de7-d06f680ad93c,eps Eri,53.2284306,-9.4581715,10.445472,,13.8,317.828407,2680,112,2000,Radial Velocity, Hatzes et al. 2000 ,746779266,gas,2026-09-18T14:51:26.782Z,"{""pl_name"":""eps Eri b"",""hostname"":""eps Eri"",""gaia_dr3_id"":""Gaia DR3 5164707970261890560"",""ra"":53.2284306,""dec"":-9.4581715,""sy_dist"":3.2026,""sy_gaiamag"":3.47719,""pl_rade"":13.8,""pl_radelim"":0,""pl_bmasse"":317.828407,""pl_bmasselim"":0,""pl_bmassprov"":""Mass"",""pl_orbper"":2680,""pl_orbperlim"":0,""pl_orbsmax"":3.53,""pl_eqt"":112.26,""pl_eqtlim"":0,""disc_year"":2000,""discoverymethod"":""Radial Velocity"",""disc_refname"":""<a refstr=HATZES_ET_AL__2000 href=https://ui.adsabs.harvard.edu/abs/2000ApJ...544L.145H/abstract target=ref> Hatzes et al. 2000 </a>"",""import_batch"":""astralys_nasa_confirmed_planets_20260918"",""discovery_status"":""confirmed"",""table"":""pscomppars"",""gaia_host_source_id"":""5164707970261890560"",""orbit_order"":1,""retrieved_at"":""2026-09-18T14:51:26.782Z"",""sky_position_kind"":""host_system_direction"",""visual_is_interpretation"":true,""best_mass_is_minimum"":false}"
planet,NASA_EXOPLANET_ARCHIVE,HD 190360 b,HD 190360 b,1db35cd6-da47-4974-9f6e-57180d831e47,HD 190360,300.9092476,29.894541,52.207465,,13.5,537,2887.5,150,2003,Radial Velocity, Naef et al. 2003 ,882803581,gas,2026-09-18T14:51:26.782Z,"{""pl_name"":""HD 190360 b"",""hostname"":""HD 190360"",""gaia_dr3_id"":""Gaia DR3 2029433521248546304"",""ra"":300.9092476,""dec"":29.894541,""sy_dist"":16.0069,""sy_gaiamag"":5.55436,""pl_rade"":13.5,""pl_radelim"":0,""pl_bmasse"":537,""pl_bmasselim"":0,""pl_bmassprov"":""Mass"",""pl_orbper"":2887.5,""pl_orbperlim"":0,""pl_orbsmax"":3.965,""pl_eqt"":150,""pl_eqtlim"":0,""disc_year"":2003,""discoverymethod"":""Radial Velocity"",""disc_refname"":""<a refstr=NAEF_ET_AL__2003 href=https://ui.adsabs.harvard.edu/abs/2003A&A...410.1051N/abstract target=ref> Naef et al. 2003 </a>"",""import_batch"":""astralys_nasa_confirmed_planets_20260918"",""discovery_status"":""confirmed"",""table"":""pscomppars"",""gaia_host_source_id"":""2029433521248546304"",""orbit_order"":3,""retrieved_at"":""2026-09-18T14:51:26.782Z"",""sky_position_kind"":""host_system_direction"",""visual_is_interpretation"":true,""best_mass_is_minimum"":false}"
planet,NASA_EXOPLANET_ARCHIVE,HD 190360 c,HD 190360 c,1db35cd6-da47-4974-9f6e-57180d831e47,HD 190360,300.9092476,29.894541,52.207465,,5.53,26.2,17.11625,795,2005,Radial Velocity, Vogt et al. 2005 ,899581200,gas,2026-09-18T14:51:26.782Z,"{""pl_name"":""HD 190360 c"",""hostname"":""HD 190360"",""gaia_dr3_id"":""Gaia DR3 2029433521248546304"",""ra"":300.9092476,""dec"":29.894541,""sy_dist"":16.0069,""sy_gaiamag"":5.55436,""pl_rade"":5.53,""pl_radelim"":0,""pl_bmasse"":26.2,""pl_bmasselim"":0,""pl_bmassprov"":""Mass"",""pl_orbper"":17.11625,""pl_orbperlim"":0,""pl_orbsmax"":0.1298,""pl_eqt"":794.55,""pl_eqtlim"":0,""disc_year"":2005,""discoverymethod"":""Radial Velocity"",""disc_refname"":""<a refstr=VOGT_ET_AL__2005 href=https://ui.adsabs.harvard.edu/abs/2005ApJ...632..638V/abstract target=ref> Vogt et al. 2005 </a>"",""import_batch"":""astralys_nasa_confirmed_planets_20260918"",""discovery_status"":""confirmed"",""table"":""pscomppars"",""gaia_host_source_id"":""2029433521248546304"",""orbit_order"":1,""retrieved_at"":""2026-09-18T14:51:26.782Z"",""sky_position_kind"":""host_system_direction"",""visual_is_interpretation"":true,""best_mass_is_minimum"":false}"
planet,NASA_EXOPLANET_ARCHIVE,HD 190360 d,HD 190360 d,1db35cd6-da47-4974-9f6e-57180d831e47,HD 190360,300.9092476,29.894541,52.207465,,3.48,11.9,88.69,459,2026,Radial Velocity,Giovinazzi et al. 2026,849248343,rocky,2026-09-18T14:51:26.782Z,"{""pl_name"":""HD 190360 d"",""hostname"":""HD 190360"",""gaia_dr3_id"":""Gaia DR3 2029433521248546304"",""ra"":300.9092476,""dec"":29.894541,""sy_dist"":16.0069,""sy_gaiamag"":5.55436,""pl_rade"":3.48,""pl_radelim"":0,""pl_bmasse"":11.9,""pl_bmasselim"":0,""pl_bmassprov"":""Mass"",""pl_orbper"":88.69,""pl_orbperlim"":0,""pl_orbsmax"":0.3886,""pl_eqt"":459.21,""pl_eqtlim"":0,""disc_year"":2026,""discoverymethod"":""Radial Velocity"",""disc_refname"":""<a refstr=GIOVINAZZI_ET_AL_2026 href=https://ui.adsabs.harvard.edu/abs/2026AJ....171..286G/abstract target=ref>Giovinazzi et al. 2026</a>"",""import_batch"":""astralys_nasa_confirmed_planets_20260918"",""discovery_status"":""confirmed"",""table"":""pscomppars"",""gaia_host_source_id"":""2029433521248546304"",""orbit_order"":2,""retrieved_at"":""2026-09-18T14:51:26.782Z"",""sky_position_kind"":""host_system_direction"",""visual_is_interpretation"":true,""best_mass_is_minimum"":false}"
planet,NASA_EXOPLANET_ARCHIVE,HD 126105 b,HD 126105 b,b3206f9c-63ba-4094-a1af-2b4b629a3242,HD 126105,216.0016789,-19.801096,270.321681,,13.5,,524,414,2026,Radial Velocity,Wittenmyer et al. 2026,1005963113,gas,2026-09-18T14:51:26.782Z,"{""pl_name"":""HD 126105 b"",""hostname"":""HD 126105"",""gaia_dr3_id"":""Gaia DR3 6283801900128050560"",""ra"":216.0016789,""dec"":-19.801096,""sy_dist"":82.8811,""sy_gaiamag"":7.05099,""pl_rade"":13.5,""pl_radelim"":0,""pl_bmasse"":530.77343969,""pl_bmasselim"":0,""pl_bmassprov"":""Msini"",""pl_orbper"":524,""pl_orbperlim"":0,""pl_orbsmax"":1.36,""pl_eqt"":413.6,""pl_eqtlim"":0,""disc_year"":2026,""discoverymethod"":""Radial Velocity"",""disc_refname"":""<a refstr=WITTENMYER_ET_AL_2026 href=https://ui.adsabs.harvard.edu/abs/2026MNRAS.550g1038W/abstract target=ref>Wittenmyer et al. 2026</a>"",""import_batch"":""astralys_nasa_confirmed_planets_20260918"",""discovery_status"":""confirmed"",""table"":""pscomppars"",""gaia_host_source_id"":""6283801900128050560"",""orbit_order"":1,""retrieved_at"":""2026-09-18T14:51:26.782Z"",""sky_position_kind"":""host_system_direction"",""visual_is_interpretation"":true,""best_mass_is_minimum"":true}"
planet,NASA_EXOPLANET_ARCHIVE,HD 30177 c,HD 30177 c,a44cd334-16c0-487d-89be-aa198684c2a9,HD 30177,70.4770964,-58.0208085,181.299357,,12.9,1484.25866069,11320,88,2016,Radial Velocity,Wittenmyer et al. 2017,576230232,gas,2026-09-18T14:51:26.782Z,"{""pl_name"":""HD 30177 c"",""hostname"":""HD 30177"",""gaia_dr3_id"":""Gaia DR3 4774301387290235136"",""ra"":70.4770964,""dec"":-58.0208085,""sy_dist"":55.5867,""sy_gaiamag"":8.21511,""pl_rade"":12.9,""pl_radelim"":0,""pl_bmasse"":1484.25866069,""pl_bmasselim"":0,""pl_bmassprov"":""Mass"",""pl_orbper"":11320,""pl_orbperlim"":0,""pl_orbsmax"":9.9,""pl_eqt"":87.87,""pl_eqtlim"":0,""disc_year"":2016,""discoverymethod"":""Radial Velocity"",""disc_refname"":""<a refstr=WITTENMYER_ET_AL__2017 href=https://ui.adsabs.harvard.edu/abs/2017AJ....153..167W/abstract target=ref>Wittenmyer et al. 2017</a>"",""import_batch"":""astralys_nasa_confirmed_planets_20260918"",""discovery_status"":""confirmed"",""table"":""pscomppars"",""gaia_host_source_id"":""4774301387290235136"",""orbit_order"":2,""retrieved_at"":""2026-09-18T14:51:26.782Z"",""sky_position_kind"":""host_system_direction"",""visual_is_interpretation"":true,""best_mass_is_minimum"":false}"
planet,NASA_EXOPLANET_ARCHIVE,HIP 8923 b,HIP 8923 b,1b773203-3078-4e64-98c3-e8c14d2e7cc7,HIP 8923,28.7250931,-11.5113361,215.248935,,12.5,3171.92750186,5160,136,2026,Radial Velocity,Pe&ntilde;a et al. 2026,644606692,gas,2026-09-18T14:51:26.782Z,"{""pl_name"":""HIP 8923 b"",""hostname"":""HIP 8923"",""gaia_dr3_id"":""Gaia DR3 2459948295515648768"",""ra"":28.7250931,""dec"":-11.5113361,""sy_dist"":65.9957,""sy_gaiamag"":8.08772,""pl_rade"":12.5,""pl_radelim"":0,""pl_bmasse"":3171.92750186,""pl_bmasselim"":0,""pl_bmassprov"":""Mass"",""pl_orbper"":5160,""pl_orbperlim"":0,""pl_orbsmax"":5.9,""pl_eqt"":136.48,""pl_eqtlim"":0,""disc_year"":2026,""discoverymethod"":""Radial Velocity"",""disc_refname"":""<a refstr=PENA_ET_AL_2026 href=https://ui.adsabs.harvard.edu/abs/2026A&A...709A.213P/abstract target=ref>Pe&ntilde;a et al. 2026</a>"",""import_batch"":""astralys_nasa_confirmed_planets_20260918"",""discovery_status"":""confirmed"",""table"":""pscomppars"",""gaia_host_source_id"":""2459948295515648768"",""orbit_order"":1,""retrieved_at"":""2026-09-18T14:51:26.782Z"",""sky_position_kind"":""host_system_direction"",""visual_is_interpretation"":true,""best_mass_is_minimum"":false}"
planet,NASA_EXOPLANET_ARCHIVE,bet Pic b,bet Pic b,b7ac89c1-1e5d-407c-869b-155508d3ee64,bet Pic,86.8212337,-51.066148,64.396893,,18.49485,2765.1071409,8682,1612,2008,Imaging, Lagrange et al. 2009 ,1206680379,gas,2026-09-18T14:51:26.782Z,"{""pl_name"":""bet Pic b"",""hostname"":""bet Pic"",""gaia_dr3_id"":""Gaia DR3 4792774797545800832"",""ra"":86.8212337,""dec"":-51.066148,""sy_dist"":19.7442,""sy_gaiamag"":3.82015,""pl_rade"":18.49485,""pl_radelim"":0,""pl_bmasse"":2765.1071409,""pl_bmasselim"":0,""pl_bmassprov"":""Mass"",""pl_orbper"":8682,""pl_orbperlim"":0,""pl_orbsmax"":10.07,""pl_eqt"":1612,""pl_eqtlim"":0,""disc_year"":2008,""discoverymethod"":""Imaging"",""disc_refname"":""<a refstr=LAGRANGE_ET_AL__2009 href=https://ui.adsabs.harvard.edu/abs/2009A&A...493L..21L/abstract target=ref> Lagrange et al. 2009 </a>"",""import_batch"":""astralys_nasa_confirmed_planets_20260918"",""discovery_status"":""confirmed"",""table"":""pscomppars"",""gaia_host_source_id"":""4792774797545800832"",""orbit_order"":2,""retrieved_at"":""2026-09-18T14:51:26.782Z"",""sky_position_kind"":""host_system_direction"",""visual_is_interpretation"":true,""best_mass_is_minimum"":false}"
planet,NASA_EXOPLANET_ARCHIVE,bet Pic c,bet Pic c,b7ac89c1-1e5d-407c-869b-155508d3ee64,bet Pic,86.8212337,-51.066148,64.396893,,12.5,2765.1071409,1202,1250,2019,Radial Velocity,Lagrange et al. 2019,1223457998,gas,2026-09-18T14:51:26.782Z,"{""pl_name"":""bet Pic c"",""hostname"":""bet Pic"",""gaia_dr3_id"":""Gaia DR3 4792774797545800832"",""ra"":86.8212337,""dec"":-51.066148,""sy_dist"":19.7442,""sy_gaiamag"":3.82015,""pl_rade"":12.5,""pl_radelim"":0,""pl_bmasse"":2765.1071409,""pl_bmasselim"":0,""pl_bmassprov"":""Mass"",""pl_orbper"":1202,""pl_orbperlim"":0,""pl_orbsmax"":2.7,""pl_eqt"":1250,""pl_eqtlim"":0,""disc_year"":2019,""discoverymethod"":""Radial Velocity"",""disc_refname"":""<a refstr=LAGRANGE_ET_AL__2019 href=https://ui.adsabs.harvard.edu/abs/2019NatAs...3.1135L/abstract target=ref>Lagrange et al. 2019</a>"",""import_batch"":""astralys_nasa_confirmed_planets_20260918"",""discovery_status"":""confirmed"",""table"":""pscomppars"",""gaia_host_source_id"":""4792774797545800832"",""orbit_order"":1,""retrieved_at"":""2026-09-18T14:51:26.782Z"",""sky_position_kind"":""host_system_direction"",""visual_is_interpretation"":true,""best_mass_is_minimum"":false}"
planet,NASA_EXOPLANET_ARCHIVE,bet Pic d,bet Pic d,b7ac89c1-1e5d-407c-869b-155508d3ee64,bet Pic,86.8212337,-51.066148,64.396893,,14.12331568,762.7881768,33200,600,2026,Imaging,Sutlieff et al. 2026,1106014665,gas,2026-09-18T14:51:26.782Z,"{""pl_name"":""bet Pic d"",""hostname"":""bet Pic"",""gaia_dr3_id"":""Gaia DR3 4792774797545800832"",""ra"":86.8212337,""dec"":-51.066148,""sy_dist"":19.7442,""sy_gaiamag"":3.82015,""pl_rade"":14.12331568,""pl_radelim"":0,""pl_bmasse"":762.7881768,""pl_bmasselim"":0,""pl_bmassprov"":""Mass"",""pl_orbper"":33200,""pl_orbperlim"":0,""pl_orbsmax"":26,""pl_eqt"":600,""pl_eqtlim"":0,""disc_year"":2026,""discoverymethod"":""Imaging"",""disc_refname"":""<a refstr=SUTLIEFF_ET_AL_2026 href=https://ui.adsabs.harvard.edu/abs/2026ApJ..1006L..10S/abstract target=ref>Sutlieff et al. 2026</a>"",""import_batch"":""astralys_nasa_confirmed_planets_20260918"",""discovery_status"":""confirmed"",""table"":""pscomppars"",""gaia_host_source_id"":""4792774797545800832"",""orbit_order"":3,""retrieved_at"":""2026-09-18T14:51:26.782Z"",""sky_position_kind"":""host_system_direction"",""visual_is_interpretation"":true,""best_mass_is_minimum"":false}"
planet,NASA_EXOPLANET_ARCHIVE,HD 6718 b,HD 6718 b,9d13f4a1-6e97-48f9-9c3e-a0f5de0393d4,HD 6718,16.9536005,-8.2336165,167.462841,,13.3,762.7881768,2476,149,2009,Radial Velocity, Naef et al. 2010 ,881947540,gas,2026-09-18T14:51:26.782Z,"{""pl_name"":""HD 6718 b"",""hostname"":""HD 6718"",""gaia_dr3_id"":""Gaia DR3 2475153682334693120"",""ra"":16.9536005,""dec"":-8.2336165,""sy_dist"":51.3444,""sy_gaiamag"":8.28147,""pl_rade"":13.3,""pl_radelim"":0,""pl_bmasse"":762.7881768,""pl_bmasselim"":0,""pl_bmassprov"":""Mass"",""pl_orbper"":2476,""pl_orbperlim"":0,""pl_orbsmax"":3.53,""pl_eqt"":148.94,""pl_eqtlim"":0,""disc_year"":2009,""discoverymethod"":""Radial Velocity"",""disc_refname"":""<a refstr=NAEF_ET_AL__2010 href=https://ui.adsabs.harvard.edu/abs/2010A%26A...523A..15N/abstract target=ref> Naef et al. 2010 </a>"",""import_batch"":""astralys_nasa_confirmed_planets_20260918"",""discovery_status"":""confirmed"",""table"":""pscomppars"",""gaia_host_source_id"":""2475153682334693120"",""orbit_order"":1,""retrieved_at"":""2026-09-18T14:51:26.782Z"",""sky_position_kind"":""host_system_direction"",""visual_is_interpretation"":true,""best_mass_is_minimum"":false}"
planet,NASA_EXOPLANET_ARCHIVE,16 Cyg B b,16 Cyg B b,4475f9de-7787-4b8b-ab7f-223006e541ea,16 Cyg B,295.4656422,50.5168243,68.9484,,13.5,,798.5,229,1996,Radial Velocity, Cochran et al. 1997 ,1974335411,gas,2026-09-18T14:51:26.782Z,"{""pl_name"":""16 Cyg B b"",""hostname"":""16 Cyg B"",""gaia_dr3_id"":""Gaia DR3 2135550755683407232"",""ra"":295.4656422,""dec"":50.5168243,""sy_dist"":21.1397,""sy_gaiamag"":6.06428,""pl_rade"":13.5,""pl_radelim"":0,""pl_bmasse"":565.7374,""pl_bmasselim"":0,""pl_bmassprov"":""Msini"",""pl_orbper"":798.5,""pl_orbperlim"":0,""pl_orbsmax"":1.66,""pl_eqt"":228.76,""pl_eqtlim"":0,""disc_year"":1996,""discoverymethod"":""Radial Velocity"",""disc_refname"":""<a refstr=COCHRAN_ET_AL__1997 href=https://ui.adsabs.harvard.edu/abs/1997ApJ...483..457C/abstract target=ref> Cochran et al. 1997 </a>"",""import_batch"":""astralys_nasa_confirmed_planets_20260918"",""discovery_status"":""confirmed"",""table"":""pscomppars"",""gaia_host_source_id"":""2135550755683407232"",""orbit_order"":1,""retrieved_at"":""2026-09-18T14:51:26.782Z"",""sky_position_kind"":""host_system_direction"",""visual_is_interpretation"":true,""best_mass_is_minimum"":true}"
planet,NASA_EXOPLANET_ARCHIVE,24 Sex c,24 Sex c,2ae2e0fd-ae9c-4041-80f3-3bf0f13bd12d,24 Sex,155.8684866,-0.9023998,235.057694,,13.9,,883,377,2010,Radial Velocity, Johnson et al. 2010 ,1505145078,gas,2026-09-18T14:51:26.782Z,"{""pl_name"":""24 Sex c"",""hostname"":""24 Sex"",""gaia_dr3_id"":""Gaia DR3 3830897080395058048"",""ra"":155.8684866,""dec"":-0.9023998,""sy_dist"":72.0691,""sy_gaiamag"":6.20374,""pl_rade"":13.9,""pl_radelim"":0,""pl_bmasse"":273.32,""pl_bmasselim"":0,""pl_bmassprov"":""Msini"",""pl_orbper"":883,""pl_orbperlim"":0,""pl_orbsmax"":2.08,""pl_eqt"":377.31,""pl_eqtlim"":0,""disc_year"":2010,""discoverymethod"":""Radial Velocity"",""disc_refname"":""<a refstr=JOHNSON_ET_AL__2010 href=https://ui.adsabs.harvard.edu/abs/2010arXiv1007.4552J/abstract target=ref> Johnson et al. 2010 </a>"",""import_batch"":""astralys_nasa_confirmed_planets_20260918"",""discovery_status"":""confirmed"",""table"":""pscomppars"",""gaia_host_source_id"":""3830897080395058048"",""orbit_order"":2,""retrieved_at"":""2026-09-18T14:51:26.782Z"",""sky_position_kind"":""host_system_direction"",""visual_is_interpretation"":true,""best_mass_is_minimum"":true}"
planet,NASA_EXOPLANET_ARCHIVE,eps Tau b,eps Tau b,4c13edee-48f1-4d0a-8f83-853efc03ab53,eps Tau,67.1546573,19.1802782,155.01712,,12.7,,585.82,603,2006,Radial Velocity, Sato et al. 2007 ,125686194,gas,2026-09-18T14:51:26.782Z,"{""pl_name"":""eps Tau b"",""hostname"":""eps Tau"",""gaia_dr3_id"":""Gaia DR3 48026706558487040"",""ra"":67.1546573,""dec"":19.1802782,""sy_dist"":47.52852,""sy_gaiamag"":3.27298,""pl_rade"":12.7,""pl_radelim"":0,""pl_bmasse"":2285.18624633,""pl_bmasselim"":0,""pl_bmassprov"":""Msini"",""pl_orbper"":585.82,""pl_orbperlim"":0,""pl_orbsmax"":1.878,""pl_eqt"":603.08,""pl_eqtlim"":0,""disc_year"":2006,""discoverymethod"":""Radial Velocity"",""disc_refname"":""<a refstr=SATO_ET_AL__2007 href=https://ui.adsabs.harvard.edu/abs/2007ApJ...661..527S/abstract target=ref> Sato et al. 2007 </a>"",""import_batch"":""astralys_nasa_confirmed_planets_20260918"",""discovery_status"":""confirmed"",""table"":""pscomppars"",""gaia_host_source_id"":""48026706558487040"",""orbit_order"":1,""retrieved_at"":""2026-09-18T14:51:26.782Z"",""sky_position_kind"":""host_system_direction"",""visual_is_interpretation"":true,""best_mass_is_minimum"":true}"
planet,NASA_EXOPLANET_ARCHIVE,51 Peg b,51 Peg b,4ddb90dc-5cbe-40fa-a598-3269e36e355a,51 Peg,344.3675399,20.7690958,50.428284,,14.1,193.87532827,4.2307966,1329,1995,Radial Velocity, Mayor & Queloz 1995 ,951709478,gas,2026-09-18T14:51:26.782Z,"{""pl_name"":""51 Peg b"",""hostname"":""51 Peg"",""gaia_dr3_id"":""Gaia DR3 2835207319109249920"",""ra"":344.3675399,""dec"":20.7690958,""sy_dist"":15.4614,""sy_gaiamag"":5.28647,""pl_rade"":14.1,""pl_radelim"":0,""pl_bmasse"":193.87532827,""pl_bmasselim"":0,""pl_bmassprov"":""Mass"",""pl_orbper"":4.2307966,""pl_orbperlim"":0,""pl_orbsmax"":0.052,""pl_eqt"":1328.93,""pl_eqtlim"":0,""disc_year"":1995,""discoverymethod"":""Radial Velocity"",""disc_refname"":""<a refstr=MAYOR___QUELOZ_1995 href=https://ui.adsabs.harvard.edu/abs/1995Natur.378..355M/abstract target=ref> Mayor & Queloz 1995 </a>"",""import_batch"":""astralys_nasa_confirmed_planets_20260918"",""discovery_status"":""confirmed"",""table"":""pscomppars"",""gaia_host_source_id"":""2835207319109249920"",""orbit_order"":1,""retrieved_at"":""2026-09-18T14:51:26.782Z"",""sky_position_kind"":""host_system_direction"",""visual_is_interpretation"":true,""best_mass_is_minimum"":false}"
planet,NASA_EXOPLANET_ARCHIVE,61 Vir d,61 Vir d,6fceafb0-9112-4248-b315-a422a26f4aad,61 Vir,199.596455,-18.3157745,27.734088,,5.11,,123.01,383,2009,Radial Velocity, Vogt et al. 2010 ,1852826150,gas,2026-09-18T14:51:26.782Z,"{""pl_name"":""61 Vir d"",""hostname"":""61 Vir"",""gaia_dr3_id"":""Gaia DR3 3507879565090229888"",""ra"":199.596455,""dec"":-18.3157745,""sy_dist"":8.50332,""sy_gaiamag"":4.54052,""pl_rade"":5.11,""pl_radelim"":0,""pl_bmasse"":22.9,""pl_bmasselim"":0,""pl_bmassprov"":""Msini"",""pl_orbper"":123.01,""pl_orbperlim"":0,""pl_orbsmax"":0.476,""pl_eqt"":382.51,""pl_eqtlim"":0,""disc_year"":2009,""discoverymethod"":""Radial Velocity"",""disc_refname"":""<a refstr=VOGT_ET_AL__2010 href=https://ui.adsabs.harvard.edu/abs/2010ApJ...708.1366V/abstract target=ref> Vogt et al. 2010 </a>"",""import_batch"":""astralys_nasa_confirmed_planets_20260918"",""discovery_status"":""confirmed"",""table"":""pscomppars"",""gaia_host_source_id"":""3507879565090229888"",""orbit_order"":3,""retrieved_at"":""2026-09-18T14:51:26.782Z"",""sky_position_kind"":""host_system_direction"",""visual_is_interpretation"":true,""best_mass_is_minimum"":true}"
planet,NASA_EXOPLANET_ARCHIVE,HD 113538 b,HD 113538 b,2e160e1e-0f77-4de9-ac58-be463894c20e,HD 113538,196.233933,-52.4463502,53.103741,,13.2,,663.2,141,2010,Radial Velocity, Moutou et al. 2011 ,1612475425,gas,2026-09-18T14:51:26.782Z,"{""pl_name"":""HD 113538 b"",""hostname"":""HD 113538"",""gaia_dr3_id"":""Gaia DR3 6080301367488384896"",""ra"":196.233933,""dec"":-52.4463502,""sy_dist"":16.2817,""sy_gaiamag"":8.4428,""pl_rade"":13.2,""pl_radelim"":0,""pl_bmasse"":114.41,""pl_bmasselim"":0,""pl_bmassprov"":""Msini"",""pl_orbper"":663.2,""pl_orbperlim"":0,""pl_orbsmax"":1.24,""pl_eqt"":140.67,""pl_eqtlim"":0,""disc_year"":2010,""discoverymethod"":""Radial Velocity"",""disc_refname"":""<a refstr=MOUTOU_ET_AL__2011 href=https://ui.adsabs.harvard.edu/abs/2011A%26A...527A..63M/abstract target=ref> Moutou et al. 2011 </a>"",""import_batch"":""astralys_nasa_confirmed_planets_20260918"",""discovery_status"":""confirmed"",""table"":""pscomppars"",""gaia_host_source_id"":""6080301367488384896"",""orbit_order"":1,""retrieved_at"":""2026-09-18T14:51:26.782Z"",""sky_position_kind"":""host_system_direction"",""visual_is_interpretation"":true,""best_mass_is_minimum"":true}"
planet,NASA_EXOPLANET_ARCHIVE,HD 114386 b,HD 114386 b,92354896-2955-4255-8398-0a1d2108e54f,HD 114386,197.6652124,-35.0561807,91.07678,,13.6,464.02947422,937.70001,155,2003,Radial Velocity, Mayor et al. 2004 ,884141037,gas,2026-09-18T14:51:26.782Z,"{""pl_name"":""HD 114386 b"",""hostname"":""HD 114386"",""gaia_dr3_id"":""Gaia DR3 6166971574132849792"",""ra"":197.6652124,""dec"":-35.0561807,""sy_dist"":27.9243,""sy_gaiamag"":8.41823,""pl_rade"":13.6,""pl_radelim"":0,""pl_bmasse"":464.02947422,""pl_bmasselim"":0,""pl_bmassprov"":""Mass"",""pl_orbper"":937.70001,""pl_orbperlim"":0,""pl_orbsmax"":1.73,""pl_eqt"":154.56,""pl_eqtlim"":0,""disc_year"":2003,""discoverymethod"":""Radial Velocity"",""disc_refname"":""<a refstr=MAYOR_ET_AL__2004 href=https://ui.adsabs.harvard.edu/abs/2004A&A...415..391M/abstract target=ref> Mayor et al. 2004 </a>"",""import_batch"":""astralys_nasa_confirmed_planets_20260918"",""discovery_status"":""confirmed"",""table"":""pscomppars"",""gaia_host_source_id"":""6166971574132849792"",""orbit_order"":2,""retrieved_at"":""2026-09-18T14:51:26.782Z"",""sky_position_kind"":""host_system_direction"",""visual_is_interpretation"":true,""best_mass_is_minimum"":false}"
planet,NASA_EXOPLANET_ARCHIVE,HD 11506 b,HD 11506 b,dd15befc-6171-48b9-bd3d-708157a49976,HD 11506,28.2106607,-19.507396,167.190827,,12.9,1551.00262616,1617.7,194,2007,Radial Velocity, Fischer et al. 2007 ,1154741285,gas,2026-09-18T14:51:26.782Z,"{""pl_name"":""HD 11506 b"",""hostname"":""HD 11506"",""gaia_dr3_id"":""Gaia DR3 5137855525488932864"",""ra"":28.2106607,""dec"":-19.507396,""sy_dist"":51.261,""sy_gaiamag"":7.37382,""pl_rade"":12.9,""pl_radelim"":0,""pl_bmasse"":1551.00262616,""pl_bmasselim"":0,""pl_bmassprov"":""Mass"",""pl_orbper"":1617.7,""pl_orbperlim"":0,""pl_orbsmax"":2.885,""pl_eqt"":193.57,""pl_eqtlim"":0,""disc_year"":2007,""discoverymethod"":""Radial Velocity"",""disc_refname"":""<a refstr=FISCHER_ET_AL__2007 href=https://ui.adsabs.harvard.edu/abs/2007ApJ...669.1336F/abstract target=ref> Fischer et al. 2007 </a>"",""import_batch"":""astralys_nasa_confirmed_planets_20260918"",""discovery_status"":""confirmed"",""table"":""pscomppars"",""gaia_host_source_id"":""5137855525488932864"",""orbit_order"":2,""retrieved_at"":""2026-09-18T14:51:26.782Z"",""sky_position_kind"":""host_system_direction"",""visual_is_interpretation"":true,""best_mass_is_minimum"":false}"
planet,NASA_EXOPLANET_ARCHIVE,HD 11506 c,HD 11506 c,dd15befc-6171-48b9-bd3d-708157a49976,HD 11506,28.2106607,-19.507396,167.190827,,14,,223.92,374,2008,Radial Velocity, Tuomi & Kotiranta 2009 ,1171518904,gas,2026-09-18T14:51:26.782Z,"{""pl_name"":""HD 11506 c"",""hostname"":""HD 11506"",""gaia_dr3_id"":""Gaia DR3 5137855525488932864"",""ra"":28.2106607,""dec"":-19.507396,""sy_dist"":51.261,""sy_gaiamag"":7.37382,""pl_rade"":14,""pl_radelim"":0,""pl_bmasse"":127.1313628,""pl_bmasselim"":0,""pl_bmassprov"":""Msini"",""pl_orbper"":223.92,""pl_orbperlim"":0,""pl_orbsmax"":0.771,""pl_eqt"":374.44,""pl_eqtlim"":0,""disc_year"":2008,""discoverymethod"":""Radial Velocity"",""disc_refname"":""<a refstr=TUOMI___KOTIRANTA_2009 href=https://ui.adsabs.harvard.edu/abs/2009A&A...496L..13T/abstract target=ref> Tuomi & Kotiranta 2009 </a>"",""import_batch"":""astralys_nasa_confirmed_planets_20260918"",""discovery_status"":""confirmed"",""table"":""pscomppars"",""gaia_host_source_id"":""5137855525488932864"",""orbit_order"":1,""retrieved_at"":""2026-09-18T14:51:26.782Z"",""sky_position_kind"":""host_system_direction"",""visual_is_interpretation"":true,""best_mass_is_minimum"":true}"
planet,NASA_EXOPLANET_ARCHIVE,HD 142245 b,HD 142245 b,6b96ad7c-a061-40d3-a7da-17cb66b7a34d,HD 142245,238.2342443,15.4306118,317.12311,,13.1,,1299,306,2011,Radial Velocity, Johnson et al. 2011 ,558702567,gas,2026-09-18T14:51:26.782Z,"{""pl_name"":""HD 142245 b"",""hostname"":""HD 142245"",""gaia_dr3_id"":""Gaia DR3 1193193836691820032"",""ra"":238.2342443,""dec"":15.4306118,""sy_dist"":97.2305,""sy_gaiamag"":7.18949,""pl_rade"":13.1,""pl_radelim"":0,""pl_bmasse"":975.7381,""pl_bmasselim"":0,""pl_bmassprov"":""Msini"",""pl_orbper"":1299,""pl_orbperlim"":0,""pl_orbsmax"":2.78,""pl_eqt"":306.3,""pl_eqtlim"":0,""disc_year"":2011,""discoverymethod"":""Radial Velocity"",""disc_refname"":""<a refstr=JOHNSON_ET_AL__2011 href=https://ui.adsabs.harvard.edu/abs/2011ApJS..197...26J/abstract target=ref> Johnson et al. 2011 </a>"",""import_batch"":""astralys_nasa_confirmed_planets_20260918"",""discovery_status"":""confirmed"",""table"":""pscomppars"",""gaia_host_source_id"":""1193193836691820032"",""orbit_order"":1,""retrieved_at"":""2026-09-18T14:51:26.782Z"",""sky_position_kind"":""host_system_direction"",""visual_is_interpretation"":true,""best_mass_is_minimum"":true}"
planet,NASA_EXOPLANET_ARCHIVE,HD 118203 b,HD 118203 b,1ce9ebff-3719-4c13-8b31-48bb359d052d,HD 118203,203.509956,53.7281876,300.907938,,12.778238,680.15279098,6.1349779,1361,2005,Radial Velocity, da Silva et al. 2006 ,428593917,gas,2026-09-18T14:51:26.782Z,"{""pl_name"":""HD 118203 b"",""hostname"":""HD 118203"",""gaia_dr3_id"":""Gaia DR3 1560420854826284928"",""ra"":203.509956,""dec"":53.7281876,""sy_dist"":92.2589,""sy_gaiamag"":7.89255,""pl_rade"":12.778238,""pl_radelim"":0,""pl_bmasse"":680.15279098,""pl_bmasselim"":0,""pl_bmassprov"":""Mass"",""pl_orbper"":6.1349779,""pl_orbperlim"":0,""pl_orbsmax"":0.0713,""pl_eqt"":1361,""pl_eqtlim"":0,""disc_year"":2005,""discoverymethod"":""Radial Velocity"",""disc_refname"":""<a refstr=DA_SILVA_ET_AL__2006 href=https://ui.adsabs.harvard.edu/abs/2006A&A...446..717D/abstract target=ref> da Silva et al. 2006 </a>"",""import_batch"":""astralys_nasa_confirmed_planets_20260918"",""discovery_status"":""confirmed"",""table"":""pscomppars"",""gaia_host_source_id"":""1560420854826284928"",""orbit_order"":1,""retrieved_at"":""2026-09-18T14:51:26.782Z"",""sky_position_kind"":""host_system_direction"",""visual_is_interpretation"":true,""best_mass_is_minimum"":false}"
planet,NASA_EXOPLANET_ARCHIVE,HD 142 b,HD 142 b,18d97134-2baa-4bee-a4f4-3091b3277117,HD 142,1.5836771,-49.0753625,85.404927,,12.7,2256.5816897,351.43394,358,2001,Radial Velocity, Tinney et al. 2002 ,1109149883,gas,2026-09-18T14:51:26.782Z,"{""pl_name"":""HD 142 b"",""hostname"":""HD 142"",""gaia_dr3_id"":""Gaia DR3 4976894960284258048"",""ra"":1.5836771,""dec"":-49.0753625,""sy_dist"":26.1853,""sy_gaiamag"":5.58442,""pl_rade"":12.7,""pl_radelim"":0,""pl_bmasse"":2256.5816897,""pl_bmasselim"":0,""pl_bmassprov"":""Mass"",""pl_orbper"":351.43394,""pl_orbperlim"":0,""pl_orbsmax"":1.039,""pl_eqt"":358.19,""pl_eqtlim"":0,""disc_year"":2001,""discoverymethod"":""Radial Velocity"",""disc_refname"":""<a refstr=TINNEY_ET_AL__2002 href=https://ui.adsabs.harvard.edu/abs/2002ApJ...571..528T/abstract target=ref> Tinney et al. 2002 </a>"",""import_batch"":""astralys_nasa_confirmed_planets_20260918"",""discovery_status"":""confirmed"",""table"":""pscomppars"",""gaia_host_source_id"":""4976894960284258048"",""orbit_order"":2,""retrieved_at"":""2026-09-18T14:51:26.782Z"",""sky_position_kind"":""host_system_direction"",""visual_is_interpretation"":true,""best_mass_is_minimum"":false}"
planet,NASA_EXOPLANET_ARCHIVE,HD 125595 b,HD 125595 b,5acf465f-9204-4f91-ac13-d854ae8faead,HD 125595,215.3434326,-40.3942443,91.972404,,,,9.6737,688,2011,Radial Velocity, S&eacute;gransan et al. 2011 ,1073619218,rocky,2026-09-18T14:51:26.782Z,"{""pl_name"":""HD 125595 b"",""hostname"":""HD 125595"",""gaia_dr3_id"":""Gaia DR3 6104435819513399168"",""ra"":215.3434326,""dec"":-40.3942443,""sy_dist"":28.1989,""sy_gaiamag"":8.6555,""pl_rade"":null,""pl_radelim"":null,""pl_bmasse"":3531.07360177,""pl_bmasselim"":1,""pl_bmassprov"":""Mass"",""pl_orbper"":9.6737,""pl_orbperlim"":0,""pl_orbsmax"":0.08,""pl_eqt"":687.97,""pl_eqtlim"":0,""disc_year"":2011,""discoverymethod"":""Radial Velocity"",""disc_refname"":""<a refstr=SEGRANSAN_ET_AL__2011 href=https://ui.adsabs.harvard.edu/abs/2011A%26A...535A..54S/abstract target=ref> S&eacute;gransan et al. 2011 </a>"",""import_batch"":""astralys_nasa_confirmed_planets_20260918"",""discovery_status"":""confirmed"",""table"":""pscomppars"",""gaia_host_source_id"":""6104435819513399168"",""orbit_order"":1,""retrieved_at"":""2026-09-18T14:51:26.782Z"",""sky_position_kind"":""host_system_direction"",""visual_is_interpretation"":true,""best_mass_is_minimum"":false}"
planet,NASA_EXOPLANET_ARCHIVE,HD 10180 f,HD 10180 f,0cedc483-309b-4f8c-bf4e-54d46b7f2d12,HD 10180,24.4731133,-60.5114881,127.072661,,5.24,,122.744,428,2010,Radial Velocity, Lovis et al. 2011 ,1095932047,gas,2026-09-18T14:51:26.782Z,"{""pl_name"":""HD 10180 f"",""hostname"":""HD 10180"",""gaia_dr3_id"":""Gaia DR3 4716158250340258944"",""ra"":24.4731133,""dec"":-60.5114881,""sy_dist"":38.9607,""sy_gaiamag"":7.17261,""pl_rade"":5.24,""pl_radelim"":0,""pl_bmasse"":23.9,""pl_bmasselim"":0,""pl_bmassprov"":""Msin(i)/sin(i)"",""pl_orbper"":122.744,""pl_orbperlim"":0,""pl_orbsmax"":0.4929,""pl_eqt"":427.54,""pl_eqtlim"":0,""disc_year"":2010,""discoverymethod"":""Radial Velocity"",""disc_refname"":""<a refstr=LOVIS_ET_AL__2011 href=https://ui.adsabs.harvard.edu/abs/2011A%26A...528A.112L/abstract target=ref> Lovis et al. 2011 </a>"",""import_batch"":""astralys_nasa_confirmed_planets_20260918"",""discovery_status"":""confirmed"",""table"":""pscomppars"",""gaia_host_source_id"":""4716158250340258944"",""orbit_order"":4,""retrieved_at"":""2026-09-18T14:51:26.782Z"",""sky_position_kind"":""host_system_direction"",""visual_is_interpretation"":true,""best_mass_is_minimum"":false}"
planet,NASA_EXOPLANET_ARCHIVE,HD 126614 b,HD 126614 b,16aa65b0-c1e5-4cd0-85e6-55b282682942,HD 126614,216.7005171,-5.1784093,238.407316,,12.7,107.74382997,1257.25303,210,2009,Radial Velocity, Howard et al. 2010 ,1393293831,gas,2026-09-18T14:51:26.782Z,"{""pl_name"":""HD 126614 b"",""hostname"":""HD 126614"",""gaia_dr3_id"":""Gaia DR3 3641697998570813952"",""ra"":216.7005171,""dec"":-5.1784093,""sy_dist"":73.0961,""sy_gaiamag"":8.61907,""pl_rade"":12.7,""pl_radelim"":0,""pl_bmasse"":107.74382997,""pl_bmasselim"":0,""pl_bmassprov"":""Mass"",""pl_orbper"":1257.25303,""pl_orbperlim"":0,""pl_orbsmax"":2.249,""pl_eqt"":209.54,""pl_eqtlim"":0,""disc_year"":2009,""discoverymethod"":""Radial Velocity"",""disc_refname"":""<a refstr=HOWARD_ET_AL__2010 href=https://ui.adsabs.harvard.edu/abs/2010ApJ...721.1467H/abstract target=ref> Howard et al. 2010 </a>"",""import_batch"":""astralys_nasa_confirmed_planets_20260918"",""discovery_status"":""confirmed"",""table"":""pscomppars"",""gaia_host_source_id"":""3641697998570813952"",""orbit_order"":1,""retrieved_at"":""2026-09-18T14:51:26.782Z"",""sky_position_kind"":""host_system_direction"",""visual_is_interpretation"":true,""best_mass_is_minimum"":false}"
planet,NASA_EXOPLANET_ARCHIVE,HD 10180 g,HD 10180 g,0cedc483-309b-4f8c-bf4e-54d46b7f2d12,HD 10180,24.4731133,-60.5114881,127.072661,,,,604.67,251,2010,Radial Velocity, Lovis et al. 2011 ,1079154428,rocky,2026-09-18T14:51:26.782Z,"{""pl_name"":""HD 10180 g"",""hostname"":""HD 10180"",""gaia_dr3_id"":""Gaia DR3 4716158250340258944"",""ra"":24.4731133,""dec"":-60.5114881,""sy_dist"":38.9607,""sy_gaiamag"":7.17261,""pl_rade"":null,""pl_radelim"":null,""pl_bmasse"":3375.33768234,""pl_bmasselim"":1,""pl_bmassprov"":""Mass"",""pl_orbper"":604.67,""pl_orbperlim"":0,""pl_orbsmax"":1.427,""pl_eqt"":251.27,""pl_eqtlim"":0,""disc_year"":2010,""discoverymethod"":""Radial Velocity"",""disc_refname"":""<a refstr=LOVIS_ET_AL__2011 href=https://ui.adsabs.harvard.edu/abs/2011A%26A...528A.112L/abstract target=ref> Lovis et al. 2011 </a>"",""import_batch"":""astralys_nasa_confirmed_planets_20260918"",""discovery_status"":""confirmed"",""table"":""pscomppars"",""gaia_host_source_id"":""4716158250340258944"",""orbit_order"":5,""retrieved_at"":""2026-09-18T14:51:26.782Z"",""sky_position_kind"":""host_system_direction"",""visual_is_interpretation"":true,""best_mass_is_minimum"":false}"
planet,NASA_EXOPLANET_ARCHIVE,HD 12661 b,HD 12661 b,ef8700c1-fbb4-4c33-8128-8a0545f8b8f7,HD 12661,31.1423525,25.4135632,123.442871,,13.3,,262.70862,325,2000,Radial Velocity, Fischer et al. 2001 ,269273074,gas,2026-09-18T14:51:26.782Z,"{""pl_name"":""HD 12661 b"",""hostname"":""HD 12661"",""gaia_dr3_id"":""Gaia DR3 105332908999068032"",""ra"":31.1423525,""dec"":25.4135632,""sy_dist"":37.8478,""sy_gaiamag"":7.24746,""pl_rade"":13.3,""pl_radelim"":0,""pl_bmasse"":772.3269,""pl_bmasselim"":0,""pl_bmassprov"":""Msini"",""pl_orbper"":262.70862,""pl_orbperlim"":0,""pl_orbsmax"":0.84,""pl_eqt"":325.35,""pl_eqtlim"":0,""disc_year"":2000,""discoverymethod"":""Radial Velocity"",""disc_refname"":""<a refstr=FISCHER_ET_AL__2001 href=https://ui.adsabs.harvard.edu/abs/2001ApJ...551.1107F/abstract target=ref> Fischer et al. 2001 </a>"",""import_batch"":""astralys_nasa_confirmed_planets_20260918"",""discovery_status"":""confirmed"",""table"":""pscomppars"",""gaia_host_source_id"":""105332908999068032"",""orbit_order"":1,""retrieved_at"":""2026-09-18T14:51:26.782Z"",""sky_position_kind"":""host_system_direction"",""visual_is_interpretation"":true,""best_mass_is_minimum"":true}"
planet,NASA_EXOPLANET_ARCHIVE,HD 104067 b,HD 104067 b,67b2ef20-5a7a-40c2-aa10-4fd9a8c16ce9,HD 104067,179.7923543,-20.3556058,66.415799,,9.2,,55.851,408,2011,Radial Velocity, S&eacute;gransan et al. 2011 ,285294927,gas,2026-09-18T14:51:26.782Z,"{""pl_name"":""HD 104067 b"",""hostname"":""HD 104067"",""gaia_dr3_id"":""Gaia DR3 3494677900774838144"",""ra"":179.7923543,""dec"":-20.3556058,""sy_dist"":20.3632,""sy_gaiamag"":7.62029,""pl_rade"":9.2,""pl_radelim"":0,""pl_bmasse"":62.1,""pl_bmasselim"":0,""pl_bmassprov"":""Msini"",""pl_orbper"":55.851,""pl_orbperlim"":0,""pl_orbsmax"":0.2674,""pl_eqt"":407.83,""pl_eqtlim"":0,""disc_year"":2011,""discoverymethod"":""Radial Velocity"",""disc_refname"":""<a refstr=SEGRANSAN_ET_AL__2011 href=https://ui.adsabs.harvard.edu/abs/2011A%26A...535A..54S/abstract target=ref> S&eacute;gransan et al. 2011 </a>"",""import_batch"":""astralys_nasa_confirmed_planets_20260918"",""discovery_status"":""confirmed"",""table"":""pscomppars"",""gaia_host_source_id"":""3494677900774838144"",""orbit_order"":2,""retrieved_at"":""2026-09-18T14:51:26.782Z"",""sky_position_kind"":""host_system_direction"",""visual_is_interpretation"":true,""best_mass_is_minimum"":true}"
planet,NASA_EXOPLANET_ARCHIVE,HD 106252 b,HD 106252 b,e6c1daf0-1a0d-40b3-824d-ba3e8e5940e6,HD 106252,183.3730583,10.0404302,124.542669,,12.5,3178.28407,1535,178,2002,Radial Velocity, Fischer et al. 2002 ,1964244231,gas,2026-09-18T14:51:26.782Z,"{""pl_name"":""HD 106252 b"",""hostname"":""HD 106252"",""gaia_dr3_id"":""Gaia DR3 3905603054348141440"",""ra"":183.3730583,""dec"":10.0404302,""sy_dist"":38.185,""sy_gaiamag"":7.26281,""pl_rade"":12.5,""pl_radelim"":0,""pl_bmasse"":3178.28407,""pl_bmasselim"":0,""pl_bmassprov"":""Mass"",""pl_orbper"":1535,""pl_orbperlim"":0,""pl_orbsmax"":2.655,""pl_eqt"":178.13,""pl_eqtlim"":0,""disc_year"":2002,""discoverymethod"":""Radial Velocity"",""disc_refname"":""<a refstr=FISCHER_ET_AL__2002 href=https://ui.adsabs.harvard.edu/abs/2002PASP..114..529F/abstract target=ref> Fischer et al. 2002 </a>"",""import_batch"":""astralys_nasa_confirmed_planets_20260918"",""discovery_status"":""confirmed"",""table"":""pscomppars"",""gaia_host_source_id"":""3905603054348141440"",""orbit_order"":1,""retrieved_at"":""2026-09-18T14:51:26.782Z"",""sky_position_kind"":""host_system_direction"",""visual_is_interpretation"":true,""best_mass_is_minimum"":false}"
planet,NASA_EXOPLANET_ARCHIVE,HD 132406 b,HD 132406 b,4a4688b6-4c3f-4fc0-b623-51992f53428b,HD 132406,224.2276121,53.3809615,230.863654,,12.8,1887.90073758,908,229,2007,Radial Velocity, da Silva et al. 2007 ,1599307918,gas,2026-09-18T14:51:26.782Z,"{""pl_name"":""HD 132406 b"",""hostname"":""HD 132406"",""gaia_dr3_id"":""Gaia DR3 1594127865540229888"",""ra"":224.2276121,""dec"":53.3809615,""sy_dist"":70.7832,""sy_gaiamag"":8.28075,""pl_rade"":12.8,""pl_radelim"":0,""pl_bmasse"":1887.90073758,""pl_bmasselim"":0,""pl_bmassprov"":""Mass"",""pl_orbper"":908,""pl_orbperlim"":0,""pl_orbsmax"":1.98,""pl_eqt"":228.73,""pl_eqtlim"":0,""disc_year"":2007,""discoverymethod"":""Radial Velocity"",""disc_refname"":""<a refstr=DA_SILVA_ET_AL__2007 href=https://ui.adsabs.harvard.edu/abs/2007A&A...473..323D/abstract target=ref> da Silva et al. 2007 </a>"",""import_batch"":""astralys_nasa_confirmed_planets_20260918"",""discovery_status"":""confirmed"",""table"":""pscomppars"",""gaia_host_source_id"":""1594127865540229888"",""orbit_order"":1,""retrieved_at"":""2026-09-18T14:51:26.782Z"",""sky_position_kind"":""host_system_direction"",""visual_is_interpretation"":true,""best_mass_is_minimum"":false}"
planet,NASA_EXOPLANET_ARCHIVE,HD 108874 c,HD 108874 c,e1ba1655-76d2-4d7a-8c03-0080fd080235,HD 108874,187.6126029,22.8794399,194.119897,,13.8,,1624,168,2005,Radial Velocity, Vogt et al. 2005 ,1643748296,gas,2026-09-18T14:51:26.782Z,"{""pl_name"":""HD 108874 c"",""hostname"":""HD 108874"",""gaia_dr3_id"":""Gaia DR3 3958951942642583936"",""ra"":187.6126029,""dec"":22.8794399,""sy_dist"":59.5175,""sy_gaiamag"":8.57502,""pl_rade"":13.8,""pl_radelim"":0,""pl_bmasse"":314.64,""pl_bmasselim"":0,""pl_bmassprov"":""Msini"",""pl_orbper"":1624,""pl_orbperlim"":0,""pl_orbsmax"":2.659,""pl_eqt"":168.21,""pl_eqtlim"":0,""disc_year"":2005,""discoverymethod"":""Radial Velocity"",""disc_refname"":""<a refstr=VOGT_ET_AL__2005 href=https://ui.adsabs.harvard.edu/abs/2005ApJ...632..638V/abstract target=ref> Vogt et al. 2005 </a>"",""import_batch"":""astralys_nasa_confirmed_planets_20260918"",""discovery_status"":""confirmed"",""table"":""pscomppars"",""gaia_host_source_id"":""3958951942642583936"",""orbit_order"":2,""retrieved_at"":""2026-09-18T14:51:26.782Z"",""sky_position_kind"":""host_system_direction"",""visual_is_interpretation"":true,""best_mass_is_minimum"":true}"
planet,NASA_EXOPLANET_ARCHIVE,HD 10647 b,HD 10647 b,7faa4c1d-9fbe-4987-830d-7616af80f199,HD 10647,25.6233526,-53.7412852,56.541426,,13.8,,989.2,222,2006,Radial Velocity, Butler et al. 2006 ,654681735,gas,2026-09-18T14:51:26.782Z,"{""pl_name"":""HD 10647 b"",""hostname"":""HD 10647"",""gaia_dr3_id"":""Gaia DR3 4912580642524184960"",""ra"":25.6233526,""dec"":-53.7412852,""sy_dist"":17.3357,""sy_gaiamag"":5.38178,""pl_rade"":13.8,""pl_radelim"":0,""pl_bmasse"":298.75,""pl_bmasselim"":0,""pl_bmassprov"":""Msini"",""pl_orbper"":989.2,""pl_orbperlim"":0,""pl_orbsmax"":2.015,""pl_eqt"":221.54,""pl_eqtlim"":0,""disc_year"":2006,""discoverymethod"":""Radial Velocity"",""disc_refname"":""<a refstr=BUTLER_ET_AL__2006 href=https://ui.adsabs.harvard.edu/abs/2006ApJ...646..505B/abstract target=ref> Butler et al. 2006 </a>"",""import_batch"":""astralys_nasa_confirmed_planets_20260918"",""discovery_status"":""confirmed"",""table"":""pscomppars"",""gaia_host_source_id"":""4912580642524184960"",""orbit_order"":1,""retrieved_at"":""2026-09-18T14:51:26.782Z"",""sky_position_kind"":""host_system_direction"",""visual_is_interpretation"":true,""best_mass_is_minimum"":true}"
planet,NASA_EXOPLANET_ARCHIVE,HD 134060 b,HD 134060 b,48d122e4-1614-488f-8f0f-4221762698a8,HD 134060,227.6847587,-61.4223747,78.318209,,3.16,,3.2696,1473,2019,Radial Velocity,Udry et al. 2019,1546887656,lava,2026-09-18T14:51:26.782Z,"{""pl_name"":""HD 134060 b"",""hostname"":""HD 134060"",""gaia_dr3_id"":""Gaia DR3 5876112300125320448"",""ra"":227.6847587,""dec"":-61.4223747,""sy_dist"":24.0125,""sy_gaiamag"":6.13951,""pl_rade"":3.16,""pl_radelim"":0,""pl_bmasse"":10.1,""pl_bmasselim"":0,""pl_bmassprov"":""Msini"",""pl_orbper"":3.2696,""pl_orbperlim"":0,""pl_orbsmax"":0.0444,""pl_eqt"":1473.18,""pl_eqtlim"":0,""disc_year"":2019,""discoverymethod"":""Radial Velocity"",""disc_refname"":""<a refstr=UDRY_ET_AL__2019 href=https://ui.adsabs.harvard.edu/abs/2019A&A...622A..37U/abstract target=ref>Udry et al. 2019</a>"",""import_batch"":""astralys_nasa_confirmed_planets_20260918"",""discovery_status"":""confirmed"",""table"":""pscomppars"",""gaia_host_source_id"":""5876112300125320448"",""orbit_order"":1,""retrieved_at"":""2026-09-18T14:51:26.782Z"",""sky_position_kind"":""host_system_direction"",""visual_is_interpretation"":true,""best_mass_is_minimum"":true}"
planet,NASA_EXOPLANET_ARCHIVE,HD 215152 b,HD 215152 b,e4f78e92-0b5c-44dd-9e69-34f448baceb3,HD 215152,340.8380941,-6.4020685,70.441216,,,,5.75999,847,2018,Radial Velocity,Delisle et al. 2018,840604229,lava,2026-09-18T14:51:26.782Z,"{""pl_name"":""HD 215152 b"",""hostname"":""HD 215152"",""gaia_dr3_id"":""Gaia DR3 2623505219992303104"",""ra"":340.8380941,""dec"":-6.4020685,""sy_dist"":21.5974,""sy_gaiamag"":7.80163,""pl_rade"":null,""pl_radelim"":null,""pl_bmasse"":565.41673605,""pl_bmasselim"":1,""pl_bmassprov"":""Mass"",""pl_orbper"":5.75999,""pl_orbperlim"":0,""pl_orbsmax"":0.057638,""pl_eqt"":846.89,""pl_eqtlim"":0,""disc_year"":2018,""discoverymethod"":""Radial Velocity"",""disc_refname"":""<a refstr=DELISLE_ET_AL__2018 href=https://ui.adsabs.harvard.edu/abs/2018A&A...614A.133D/abstract target=ref>Delisle et al. 2018</a>"",""import_batch"":""astralys_nasa_confirmed_planets_20260918"",""discovery_status"":""confirmed"",""table"":""pscomppars"",""gaia_host_source_id"":""2623505219992303104"",""orbit_order"":1,""retrieved_at"":""2026-09-18T14:51:26.782Z"",""sky_position_kind"":""host_system_direction"",""visual_is_interpretation"":true,""best_mass_is_minimum"":false}"
planet,NASA_EXOPLANET_ARCHIVE,HD 37124 c,HD 37124 c,d5b7dd06-d7dd-4281-ab53-1cb8de8c661b,HD 37124,84.2599947,20.7289784,103.272079,,14.1,,885.5,205,2002,Radial Velocity, Butler et al. 2003 ,1799063983,gas,2026-09-18T14:51:26.782Z,"{""pl_name"":""HD 37124 c"",""hostname"":""HD 37124"",""gaia_dr3_id"":""Gaia DR3 3402798414192387328"",""ra"":84.2599947,""dec"":20.7289784,""sy_dist"":31.6634,""sy_gaiamag"":7.47238,""pl_rade"":14.1,""pl_radelim"":0,""pl_bmasse"":207.22516,""pl_bmasselim"":0,""pl_bmassprov"":""Msini"",""pl_orbper"":885.5,""pl_orbperlim"":0,""pl_orbsmax"":1.71,""pl_eqt"":204.73,""pl_eqtlim"":0,""disc_year"":2002,""discoverymethod"":""Radial Velocity"",""disc_refname"":""<a refstr=BUTLER_ET_AL__2003 href=https://ui.adsabs.harvard.edu/abs/2003ApJ...582..455B/abstract target=ref> Butler et al. 2003 </a>"",""import_batch"":""astralys_nasa_confirmed_planets_20260918"",""discovery_status"":""confirmed"",""table"":""pscomppars"",""gaia_host_source_id"":""3402798414192387328"",""orbit_order"":2,""retrieved_at"":""2026-09-18T14:51:26.782Z"",""sky_position_kind"":""host_system_direction"",""visual_is_interpretation"":true,""best_mass_is_minimum"":true}"
planet,NASA_EXOPLANET_ARCHIVE,HD 159868 b,HD 159868 b,1ec41864-8ff3-4e22-a8be-2572232f4adf,HD 159868,264.7466665,-43.1462347,182.159104,,13.3,,1184.1,256,2006,Radial Velocity, O'Toole et al. 2007 ,1025842217,gas,2026-09-18T14:51:26.782Z,"{""pl_name"":""HD 159868 b"",""hostname"":""HD 159868"",""gaia_dr3_id"":""Gaia DR3 5955841736510622208"",""ra"":264.7466665,""dec"":-43.1462347,""sy_dist"":55.8503,""sy_gaiamag"":7.04579,""pl_rade"":13.3,""pl_radelim"":0,""pl_bmasse"":704.94694,""pl_bmasselim"":0,""pl_bmassprov"":""Msini"",""pl_orbper"":1184.1,""pl_orbperlim"":0,""pl_orbsmax"":2.32,""pl_eqt"":255.69,""pl_eqtlim"":0,""disc_year"":2006,""discoverymethod"":""Radial Velocity"",""disc_refname"":""<a refstr=O_TOOLE_ET_AL__2007 href=https://ui.adsabs.harvard.edu/abs/2007ApJ...660.1636O/abstract target=ref> O'Toole et al. 2007 </a>"",""import_batch"":""astralys_nasa_confirmed_planets_20260918"",""discovery_status"":""confirmed"",""table"":""pscomppars"",""gaia_host_source_id"":""5955841736510622208"",""orbit_order"":2,""retrieved_at"":""2026-09-18T14:51:26.782Z"",""sky_position_kind"":""host_system_direction"",""visual_is_interpretation"":true,""best_mass_is_minimum"":true}"
planet,NASA_EXOPLANET_ARCHIVE,HD 187085 b,HD 187085 b,3c0154f6-8462-4885-93b3-666251c5d31a,HD 187085,297.3915731,-37.7809929,149.703321,,13.9,,1019.74,229,2006,Radial Velocity, Jones et al. 2006 ,2063192377,gas,2026-09-18T14:51:26.782Z,"{""pl_name"":""HD 187085 b"",""hostname"":""HD 187085"",""gaia_dr3_id"":""Gaia DR3 6692069568458919040"",""ra"":297.3915731,""dec"":-37.7809929,""sy_dist"":45.8993,""sy_gaiamag"":7.07508,""pl_rade"":13.9,""pl_radelim"":0,""pl_bmasse"":265.70588,""pl_bmasselim"":0,""pl_bmassprov"":""Msini"",""pl_orbper"":1019.74,""pl_orbperlim"":0,""pl_orbsmax"":2.1,""pl_eqt"":229.38,""pl_eqtlim"":0,""disc_year"":2006,""discoverymethod"":""Radial Velocity"",""disc_refname"":""<a refstr=JONES_ET_AL__2006 href=https://ui.adsabs.harvard.edu/abs/2006MNRAS.369..249J/abstract target=ref> Jones et al. 2006 </a>"",""import_batch"":""astralys_nasa_confirmed_planets_20260918"",""discovery_status"":""confirmed"",""table"":""pscomppars"",""gaia_host_source_id"":""6692069568458919040"",""orbit_order"":1,""retrieved_at"":""2026-09-18T14:51:26.782Z"",""sky_position_kind"":""host_system_direction"",""visual_is_interpretation"":true,""best_mass_is_minimum"":true}"
planet,NASA_EXOPLANET_ARCHIVE,HD 216437 b,HD 216437 b,780e8fe1-8225-487a-9707-740736d92fb2,HD 216437,343.6639631,-70.0733957,87.051689,,13,1334.8793094,1359,210,2002,Radial Velocity, Jones et al. 2002 ,693557137,gas,2026-09-18T14:51:26.782Z,"{""pl_name"":""HD 216437 b"",""hostname"":""HD 216437"",""gaia_dr3_id"":""Gaia DR3 6384510877400590336"",""ra"":343.6639631,""dec"":-70.0733957,""sy_dist"":26.6902,""sy_gaiamag"":5.89397,""pl_rade"":13,""pl_radelim"":0,""pl_bmasse"":1334.8793094,""pl_bmasselim"":0,""pl_bmassprov"":""Mass"",""pl_orbper"":1359,""pl_orbperlim"":0,""pl_orbsmax"":2.57,""pl_eqt"":209.85,""pl_eqtlim"":0,""disc_year"":2002,""discoverymethod"":""Radial Velocity"",""disc_refname"":""<a refstr=JONES_ET_AL__2002 href=https://ui.adsabs.harvard.edu/abs/2002MNRAS.337.1170J/abstract target=ref> Jones et al. 2002 </a>"",""import_batch"":""astralys_nasa_confirmed_planets_20260918"",""discovery_status"":""confirmed"",""table"":""pscomppars"",""gaia_host_source_id"":""6384510877400590336"",""orbit_order"":1,""retrieved_at"":""2026-09-18T14:51:26.782Z"",""sky_position_kind"":""host_system_direction"",""visual_is_interpretation"":true,""best_mass_is_minimum"":false}"
planet,NASA_EXOPLANET_ARCHIVE,HD 216770 b,HD 216770 b,ec7b3883-d3b9-441f-b538-92dc1ca3a5db,HD 216770,343.9748751,-26.6595286,119.576943,,14.1,,118.45,370,2003,Radial Velocity, Mayor et al. 2004 ,246652596,gas,2026-09-18T14:51:26.782Z,"{""pl_name"":""HD 216770 b"",""hostname"":""HD 216770"",""gaia_dr3_id"":""Gaia DR3 6610107504955838336"",""ra"":343.9748751,""dec"":-26.6595286,""sy_dist"":36.6625,""sy_gaiamag"":7.91638,""pl_rade"":14.1,""pl_radelim"":0,""pl_bmasse"":181.1631,""pl_bmasselim"":0,""pl_bmassprov"":""Msini"",""pl_orbper"":118.45,""pl_orbperlim"":0,""pl_orbsmax"":0.46,""pl_eqt"":370.18,""pl_eqtlim"":0,""disc_year"":2003,""discoverymethod"":""Radial Velocity"",""disc_refname"":""<a refstr=MAYOR_ET_AL__2004 href=https://ui.adsabs.harvard.edu/abs/2004A&A...415..391M/abstract target=ref> Mayor et al. 2004 </a>"",""import_batch"":""astralys_nasa_confirmed_planets_20260918"",""discovery_status"":""confirmed"",""table"":""pscomppars"",""gaia_host_source_id"":""6610107504955838336"",""orbit_order"":1,""retrieved_at"":""2026-09-18T14:51:26.782Z"",""sky_position_kind"":""host_system_direction"",""visual_is_interpretation"":true,""best_mass_is_minimum"":true}"
planet,NASA_EXOPLANET_ARCHIVE,HD 21693 c,HD 21693 c,34c63c10-5ae4-43eb-a77d-338a16708b9b,HD 21693,51.8040469,-58.3232726,108.463178,,4.34,,53.7357,492,2019,Radial Velocity,Udry et al. 2019,401797050,gas,2026-09-18T14:51:26.782Z,"{""pl_name"":""HD 21693 c"",""hostname"":""HD 21693"",""gaia_dr3_id"":""Gaia DR3 4729947569262040960"",""ra"":51.8040469,""dec"":-58.3232726,""sy_dist"":33.255,""sy_gaiamag"":7.75701,""pl_rade"":4.34,""pl_radelim"":0,""pl_bmasse"":17.37,""pl_bmasselim"":0,""pl_bmassprov"":""Msini"",""pl_orbper"":53.7357,""pl_orbperlim"":0,""pl_orbsmax"":0.2586,""pl_eqt"":492.36,""pl_eqtlim"":0,""disc_year"":2019,""discoverymethod"":""Radial Velocity"",""disc_refname"":""<a refstr=UDRY_ET_AL__2019 href=https://ui.adsabs.harvard.edu/abs/2019A&A...622A..37U/abstract target=ref>Udry et al. 2019</a>"",""import_batch"":""astralys_nasa_confirmed_planets_20260918"",""discovery_status"":""confirmed"",""table"":""pscomppars"",""gaia_host_source_id"":""4729947569262040960"",""orbit_order"":2,""retrieved_at"":""2026-09-18T14:51:26.782Z"",""sky_position_kind"":""host_system_direction"",""visual_is_interpretation"":true,""best_mass_is_minimum"":true}"
planet,NASA_EXOPLANET_ARCHIVE,HD 190647 b,HD 190647 b,b99f667d-d3a2-488e-8c39-56e96d5bcb7f,HD 190647,301.8318167,-35.5395236,177.669567,,13.4,,1176.45,214,2007,Radial Velocity, Naef et al. 2007 ,1641313817,gas,2026-09-18T14:51:26.782Z,"{""pl_name"":""HD 190647 b"",""hostname"":""HD 190647"",""gaia_dr3_id"":""Gaia DR3 6697758334244808192"",""ra"":301.8318167,""dec"":-35.5395236,""sy_dist"":54.4738,""sy_gaiamag"":7.5942,""pl_rade"":13.4,""pl_radelim"":0,""pl_bmasse"":630.89255,""pl_bmasselim"":0,""pl_bmassprov"":""Msini"",""pl_orbper"":1176.45,""pl_orbperlim"":0,""pl_orbsmax"":2.231,""pl_eqt"":214.19,""pl_eqtlim"":0,""disc_year"":2007,""discoverymethod"":""Radial Velocity"",""disc_refname"":""<a refstr=NAEF_ET_AL__2007 href=https://ui.adsabs.harvard.edu/abs/2007A&A...470..721N/abstract target=ref> Naef et al. 2007 </a>"",""import_batch"":""astralys_nasa_confirmed_planets_20260918"",""discovery_status"":""confirmed"",""table"":""pscomppars"",""gaia_host_source_id"":""6697758334244808192"",""orbit_order"":1,""retrieved_at"":""2026-09-18T14:51:26.782Z"",""sky_position_kind"":""host_system_direction"",""visual_is_interpretation"":true,""best_mass_is_minimum"":true}"
planet,NASA_EXOPLANET_ARCHIVE,HD 192263 b,HD 192263 b,e0568777-9692-4a9c-bc69-d1bbb81b9561,HD 192263,303.4990864,-0.8657574,64.043666,,14.2,,24.3556,486,1999,Radial Velocity, Santos et al. 2000 ,1653290697,gas,2026-09-18T14:51:26.782Z,"{""pl_name"":""HD 192263 b"",""hostname"":""HD 192263"",""gaia_dr3_id"":""Gaia DR3 4224259562941398400"",""ra"":303.4990864,""dec"":-0.8657574,""sy_dist"":19.6359,""sy_gaiamag"":7.49558,""pl_rade"":14.2,""pl_radelim"":0,""pl_bmasse"":177.9848,""pl_bmasselim"":0,""pl_bmassprov"":""Msini"",""pl_orbper"":24.3556,""pl_orbperlim"":0,""pl_orbsmax"":0.15,""pl_eqt"":486,""pl_eqtlim"":0,""disc_year"":1999,""discoverymethod"":""Radial Velocity"",""disc_refname"":""<a refstr=SANTOS_ET_AL__2000 href=https://ui.adsabs.harvard.edu/abs/2000A&A...356..599S/abstract target=ref> Santos et al. 2000 </a>"",""import_batch"":""astralys_nasa_confirmed_planets_20260918"",""discovery_status"":""confirmed"",""table"":""pscomppars"",""gaia_host_source_id"":""4224259562941398400"",""orbit_order"":1,""retrieved_at"":""2026-09-18T14:51:26.782Z"",""sky_position_kind"":""host_system_direction"",""visual_is_interpretation"":true,""best_mass_is_minimum"":true}"
planet,NASA_EXOPLANET_ARCHIVE,HD 217107 c,HD 217107 c,1bcaf8cf-cead-4766-b9cb-5b887e831095,HD 217107,344.5647243,-2.3954489,65.433091,,12.9,1388.91013859,5138.7,123,2005,Radial Velocity, Vogt et al. 2005 ,1980192162,gas,2026-09-18T14:51:26.782Z,"{""pl_name"":""HD 217107 c"",""hostname"":""HD 217107"",""gaia_dr3_id"":""Gaia DR3 2648914040357320576"",""ra"":344.5647243,""dec"":-2.3954489,""sy_dist"":20.0619,""sy_gaiamag"":5.96401,""pl_rade"":12.9,""pl_radelim"":0,""pl_bmasse"":1388.91013859,""pl_bmasselim"":0,""pl_bmassprov"":""Mass"",""pl_orbper"":5138.7,""pl_orbperlim"":0,""pl_orbsmax"":5.922,""pl_eqt"":123.27,""pl_eqtlim"":0,""disc_year"":2005,""discoverymethod"":""Radial Velocity"",""disc_refname"":""<a refstr=VOGT_ET_AL__2005 href=https://ui.adsabs.harvard.edu/abs/2005ApJ...632..638V/abstract target=ref> Vogt et al. 2005 </a>"",""import_batch"":""astralys_nasa_confirmed_planets_20260918"",""discovery_status"":""confirmed"",""table"":""pscomppars"",""gaia_host_source_id"":""2648914040357320576"",""orbit_order"":2,""retrieved_at"":""2026-09-18T14:51:26.782Z"",""sky_position_kind"":""host_system_direction"",""visual_is_interpretation"":true,""best_mass_is_minimum"":false}"
planet,NASA_EXOPLANET_ARCHIVE,HD 163607 c,HD 163607 c,6eb241d4-964a-4f42-bf80-138f074d299f,HD 163607,268.4181383,56.3924701,221.086475,,13.3,,1272,229,2012,Radial Velocity, Giguere et al. 2012 ,112766993,gas,2026-09-18T14:51:26.782Z,"{""pl_name"":""HD 163607 c"",""hostname"":""HD 163607"",""gaia_dr3_id"":""Gaia DR3 1418519292895059840"",""ra"":268.4181383,""dec"":56.3924701,""sy_dist"":67.7855,""sy_gaiamag"":7.81298,""pl_rade"":13.3,""pl_radelim"":0,""pl_bmasse"":699.54383,""pl_bmasselim"":0,""pl_bmassprov"":""Msini"",""pl_orbper"":1272,""pl_orbperlim"":0,""pl_orbsmax"":2.39,""pl_eqt"":228.5,""pl_eqtlim"":0,""disc_year"":2012,""discoverymethod"":""Radial Velocity"",""disc_refname"":""<a refstr=GIGUERE_ET_AL__2012 href=https://ui.adsabs.harvard.edu/abs/2012ApJ...744....4G/abstract target=ref> Giguere et al. 2012 </a>"",""import_batch"":""astralys_nasa_confirmed_planets_20260918"",""discovery_status"":""confirmed"",""table"":""pscomppars"",""gaia_host_source_id"":""1418519292895059840"",""orbit_order"":2,""retrieved_at"":""2026-09-18T14:51:26.782Z"",""sky_position_kind"":""host_system_direction"",""visual_is_interpretation"":true,""best_mass_is_minimum"":true}"
planet,NASA_EXOPLANET_ARCHIVE,HD 192310 c,HD 192310 c,6cb5d0d2-1453-4bf1-97af-4977fb14dee7,HD 192310,303.8284712,-27.0337556,28.691519,,5.25,,525.8,185,2011,Radial Velocity, Pepe et al. 2011 ,864005350,gas,2026-09-18T14:51:26.782Z,"{""pl_name"":""HD 192310 c"",""hostname"":""HD 192310"",""gaia_dr3_id"":""Gaia DR3 6847167606385195648"",""ra"":303.8284712,""dec"":-27.0337556,""sy_dist"":8.79687,""sy_gaiamag"":5.47661,""pl_rade"":5.25,""pl_radelim"":0,""pl_bmasse"":24,""pl_bmasselim"":0,""pl_bmassprov"":""Msin(i)/sin(i)"",""pl_orbper"":525.8,""pl_orbperlim"":0,""pl_orbsmax"":1.18,""pl_eqt"":185,""pl_eqtlim"":0,""disc_year"":2011,""discoverymethod"":""Radial Velocity"",""disc_refname"":""<a refstr=PEPE_ET_AL__2011 href=https://ui.adsabs.harvard.edu/abs/2011A%26A...534A..58P/abstract target=ref> Pepe et al. 2011 </a>"",""import_batch"":""astralys_nasa_confirmed_planets_20260918"",""discovery_status"":""confirmed"",""table"":""pscomppars"",""gaia_host_source_id"":""6847167606385195648"",""orbit_order"":2,""retrieved_at"":""2026-09-18T14:51:26.782Z"",""sky_position_kind"":""host_system_direction"",""visual_is_interpretation"":true,""best_mass_is_minimum"":false}"
planet,NASA_EXOPLANET_ARCHIVE,HD 4208 b,HD 4208 b,38f5da09-0501-4400-85f3-1257ce3c26df,HD 4208,11.1125532,-26.5150392,111.524804,,13.9,,832.97,197,2001,Radial Velocity, Vogt et al. 2002 ,1250770319,gas,2026-09-18T14:51:26.782Z,"{""pl_name"":""HD 4208 b"",""hostname"":""HD 4208"",""gaia_dr3_id"":""Gaia DR3 2343647384368388608"",""ra"":11.1125532,""dec"":-26.5150392,""sy_dist"":34.1937,""sy_gaiamag"":7.61066,""pl_rade"":13.9,""pl_radelim"":0,""pl_bmasse"":257.4423,""pl_bmasselim"":0,""pl_bmassprov"":""Msini"",""pl_orbper"":832.97,""pl_orbperlim"":0,""pl_orbsmax"":1.662,""pl_eqt"":196.68,""pl_eqtlim"":0,""disc_year"":2001,""discoverymethod"":""Radial Velocity"",""disc_refname"":""<a refstr=VOGT_ET_AL__2002 href=https://ui.adsabs.harvard.edu/abs/2002ApJ...568..352V/abstract target=ref> Vogt et al. 2002 </a>"",""import_batch"":""astralys_nasa_confirmed_planets_20260918"",""discovery_status"":""confirmed"",""table"":""pscomppars"",""gaia_host_source_id"":""2343647384368388608"",""orbit_order"":1,""retrieved_at"":""2026-09-18T14:51:26.782Z"",""sky_position_kind"":""host_system_direction"",""visual_is_interpretation"":true,""best_mass_is_minimum"":true}"
planet,NASA_EXOPLANET_ARCHIVE,HD 164922 b,HD 164922 b,716c6a9d-686e-4853-a855-7ccd009ad194,HD 164922,270.6304652,26.3104077,71.759538,,13.3,,1207,159,2005,Radial Velocity, Butler et al. 2006 ,447081845,gas,2026-09-18T14:51:26.782Z,"{""pl_name"":""HD 164922 b"",""hostname"":""HD 164922"",""gaia_dr3_id"":""Gaia DR3 4582680493669880704"",""ra"":270.6304652,""dec"":26.3104077,""sy_dist"":22.0016,""sy_gaiamag"":6.78614,""pl_rade"":13.3,""pl_radelim"":0,""pl_bmasse"":116,""pl_bmasselim"":0,""pl_bmassprov"":""Msini"",""pl_orbper"":1207,""pl_orbperlim"":0,""pl_orbsmax"":2.16,""pl_eqt"":159.4,""pl_eqtlim"":0,""disc_year"":2005,""discoverymethod"":""Radial Velocity"",""disc_refname"":""<a refstr=BUTLER_ET_AL__2006 href=https://ui.adsabs.harvard.edu/abs/2006ApJ...646..505B/abstract target=ref> Butler et al. 2006 </a>"",""import_batch"":""astralys_nasa_confirmed_planets_20260918"",""discovery_status"":""confirmed"",""table"":""pscomppars"",""gaia_host_source_id"":""4582680493669880704"",""orbit_order"":4,""retrieved_at"":""2026-09-18T14:51:26.782Z"",""sky_position_kind"":""host_system_direction"",""visual_is_interpretation"":true,""best_mass_is_minimum"":true}"
planet,NASA_EXOPLANET_ARCHIVE,HD 197037 b,HD 197037 b,eecec059-49f9-4664-b993-f2daaed673c6,HD 197037,309.8869681,42.247593,108.265527,,13.9,,1035.7,217,2012,Radial Velocity, Robertson et al. 2012 ,318470659,gas,2026-09-18T14:51:26.782Z,"{""pl_name"":""HD 197037 b"",""hostname"":""HD 197037"",""gaia_dr3_id"":""Gaia DR3 2066437688140905600"",""ra"":309.8869681,""dec"":42.247593,""sy_dist"":33.1944,""sy_gaiamag"":6.67106,""pl_rade"":13.9,""pl_radelim"":0,""pl_bmasse"":251,""pl_bmasselim"":0,""pl_bmassprov"":""Msini"",""pl_orbper"":1035.7,""pl_orbperlim"":0,""pl_orbsmax"":2.07,""pl_eqt"":216.67,""pl_eqtlim"":0,""disc_year"":2012,""discoverymethod"":""Radial Velocity"",""disc_refname"":""<a refstr=ROBERTSON_ET_AL__2012 href=https://ui.adsabs.harvard.edu/abs/2012ApJ...749...39R/abstract target=ref> Robertson et al. 2012 </a>"",""import_batch"":""astralys_nasa_confirmed_planets_20260918"",""discovery_status"":""confirmed"",""table"":""pscomppars"",""gaia_host_source_id"":""2066437688140905600"",""orbit_order"":1,""retrieved_at"":""2026-09-18T14:51:26.782Z"",""sky_position_kind"":""host_system_direction"",""visual_is_interpretation"":true,""best_mass_is_minimum"":true}"
planet,NASA_EXOPLANET_ARCHIVE,HD 4308 b,HD 4308 b,38b1bf10-9610-4e99-b70b-c050fa4c6459,HD 4308,11.1652594,-65.6527159,71.805853,,4.12,,15.56,799,2005,Radial Velocity, Udry et al. 2006 ,778060637,gas,2026-09-18T14:51:26.782Z,"{""pl_name"":""HD 4308 b"",""hostname"":""HD 4308"",""gaia_dr3_id"":""Gaia DR3 4708607629114652032"",""ra"":11.1652594,""dec"":-65.6527159,""sy_dist"":22.0158,""sy_gaiamag"":6.37578,""pl_rade"":4.12,""pl_radelim"":0,""pl_bmasse"":15.8915,""pl_bmasselim"":0,""pl_bmassprov"":""Msini"",""pl_orbper"":15.56,""pl_orbperlim"":0,""pl_orbsmax"":0.12,""pl_eqt"":799.37,""pl_eqtlim"":0,""disc_year"":2005,""discoverymethod"":""Radial Velocity"",""disc_refname"":""<a refstr=UDRY_ET_AL__2006 href=https://ui.adsabs.harvard.edu/abs/2006A&A...447..361U/abstract target=ref> Udry et al. 2006 </a>"",""import_batch"":""astralys_nasa_confirmed_planets_20260918"",""discovery_status"":""confirmed"",""table"":""pscomppars"",""gaia_host_source_id"":""4708607629114652032"",""orbit_order"":1,""retrieved_at"":""2026-09-18T14:51:26.782Z"",""sky_position_kind"":""host_system_direction"",""visual_is_interpretation"":true,""best_mass_is_minimum"":true}"
planet,NASA_EXOPLANET_ARCHIVE,HD 168746 b,HD 168746 b,1c640844-25ea-4d32-8b8d-a1ac534bb43e,HD 168746,275.4573269,-11.9229757,135.576852,,11.1,,6.404,900,2002,Radial Velocity, Pepe et al. 2002 ,1304180941,gas,2026-09-18T14:51:26.782Z,"{""pl_name"":""HD 168746 b"",""hostname"":""HD 168746"",""gaia_dr3_id"":""Gaia DR3 4153637759337630720"",""ra"":275.4573269,""dec"":-11.9229757,""sy_dist"":41.5681,""sy_gaiamag"":7.77169,""pl_rade"":11.1,""pl_radelim"":0,""pl_bmasse"":85.8141,""pl_bmasselim"":0,""pl_bmassprov"":""Msini"",""pl_orbper"":6.404,""pl_orbperlim"":0,""pl_orbsmax"":0.07,""pl_eqt"":900,""pl_eqtlim"":0,""disc_year"":2002,""discoverymethod"":""Radial Velocity"",""disc_refname"":""<a refstr=PEPE_ET_AL__2002 href=https://ui.adsabs.harvard.edu/abs/2002A&A...388..632P/abstract target=ref> Pepe et al. 2002 </a>"",""import_batch"":""astralys_nasa_confirmed_planets_20260918"",""discovery_status"":""confirmed"",""table"":""pscomppars"",""gaia_host_source_id"":""4153637759337630720"",""orbit_order"":1,""retrieved_at"":""2026-09-18T14:51:26.782Z"",""sky_position_kind"":""host_system_direction"",""visual_is_interpretation"":true,""best_mass_is_minimum"":true}"
planet,NASA_EXOPLANET_ARCHIVE,HD 148427 b,HD 148427 b,ac13b29a-9517-4ab6-8ef5-6209d6cfe4c1,HD 148427,247.1171311,-13.3996231,232.71198,,13.7,381.3940884,331.9,452,2009,Radial Velocity, Fischer et al. 2009 ,1773940488,gas,2026-09-18T14:51:26.782Z,"{""pl_name"":""HD 148427 b"",""hostname"":""HD 148427"",""gaia_dr3_id"":""Gaia DR3 4330532859324207360"",""ra"":247.1171311,""dec"":-13.3996231,""sy_dist"":71.3499,""sy_gaiamag"":6.63542,""pl_rade"":13.7,""pl_radelim"":0,""pl_bmasse"":381.3940884,""pl_bmasselim"":0,""pl_bmassprov"":""Mass"",""pl_orbper"":331.9,""pl_orbperlim"":0,""pl_orbsmax"":1.11,""pl_eqt"":451.86,""pl_eqtlim"":0,""disc_year"":2009,""discoverymethod"":""Radial Velocity"",""disc_refname"":""<a refstr=FISCHER_ET_AL__2009 href=https://ui.adsabs.harvard.edu/abs/2009ApJ...703.1545F/abstract target=ref> Fischer et al. 2009 </a>"",""import_batch"":""astralys_nasa_confirmed_planets_20260918"",""discovery_status"":""confirmed"",""table"":""pscomppars"",""gaia_host_source_id"":""4330532859324207360"",""orbit_order"":1,""retrieved_at"":""2026-09-18T14:51:26.782Z"",""sky_position_kind"":""host_system_direction"",""visual_is_interpretation"":true,""best_mass_is_minimum"":false}"
planet,NASA_EXOPLANET_ARCHIVE,HD 204313 c,HD 204313 c,1e34fd2f-2be6-4665-8aaf-4110b19a344a,HD 204313,322.0510568,-21.7274194,155.884629,,4.31,,34.95875,635,2015,Radial Velocity,D&iacute;az et al. 2016,737160014,gas,2026-09-18T14:51:26.782Z,"{""pl_name"":""HD 204313 c"",""hostname"":""HD 204313"",""gaia_dr3_id"":""Gaia DR3 6828450688663428224"",""ra"":322.0510568,""dec"":-21.7274194,""sy_dist"":47.7945,""sy_gaiamag"":7.83246,""pl_rade"":4.31,""pl_radelim"":0,""pl_bmasse"":17.16273398,""pl_bmasselim"":0,""pl_bmassprov"":""Msini"",""pl_orbper"":34.95875,""pl_orbperlim"":0,""pl_orbsmax"":0.211,""pl_eqt"":634.95,""pl_eqtlim"":0,""disc_year"":2015,""discoverymethod"":""Radial Velocity"",""disc_refname"":""<a refstr=D_IACUTE_AZ_ET_AL__2016 href=https://ui.adsabs.harvard.edu/abs/2016A&A...585A.134D/abstract target=ref>D&iacute;az et al. 2016</a>"",""import_batch"":""astralys_nasa_confirmed_planets_20260918"",""discovery_status"":""confirmed"",""table"":""pscomppars"",""gaia_host_source_id"":""6828450688663428224"",""orbit_order"":1,""retrieved_at"":""2026-09-18T14:51:26.782Z"",""sky_position_kind"":""host_system_direction"",""visual_is_interpretation"":true,""best_mass_is_minimum"":true}"
planet,NASA_EXOPLANET_ARCHIVE,HD 30177 b,HD 30177 b,a44cd334-16c0-487d-89be-aa198684c2a9,HD 30177,70.4770964,-58.0208085,181.299357,,12.6,2622.08435775,2539,148,2002,Radial Velocity, Tinney et al. 2003 ,593007851,gas,2026-09-18T14:51:26.782Z,"{""pl_name"":""HD 30177 b"",""hostname"":""HD 30177"",""gaia_dr3_id"":""Gaia DR3 4774301387290235136"",""ra"":70.4770964,""dec"":-58.0208085,""sy_dist"":55.5867,""sy_gaiamag"":8.21511,""pl_rade"":12.6,""pl_radelim"":0,""pl_bmasse"":2622.08435775,""pl_bmasselim"":0,""pl_bmassprov"":""Mass"",""pl_orbper"":2539,""pl_orbperlim"":0,""pl_orbsmax"":3.49,""pl_eqt"":148,""pl_eqtlim"":0,""disc_year"":2002,""discoverymethod"":""Radial Velocity"",""disc_refname"":""<a refstr=TINNEY_ET_AL__2003 href=https://ui.adsabs.harvard.edu/abs/2003ApJ...587..423T/abstract target=ref> Tinney et al. 2003 </a>"",""import_batch"":""astralys_nasa_confirmed_planets_20260918"",""discovery_status"":""confirmed"",""table"":""pscomppars"",""gaia_host_source_id"":""4774301387290235136"",""orbit_order"":1,""retrieved_at"":""2026-09-18T14:51:26.782Z"",""sky_position_kind"":""host_system_direction"",""visual_is_interpretation"":true,""best_mass_is_minimum"":false}"
planet,NASA_EXOPLANET_ARCHIVE,HD 177830 b,HD 177830 b,2012b379-38e9-4828-834e-230823d9fd63,HD 177830,286.3363574,25.9204327,204.719641,,13.5,,410.10001,400,1999,Radial Velocity, Vogt et al. 2000 ,533266254,gas,2026-09-18T14:51:26.782Z,"{""pl_name"":""HD 177830 b"",""hostname"":""HD 177830"",""gaia_dr3_id"":""Gaia DR3 2035963417721248128"",""ra"":286.3363574,""dec"":25.9204327,""sy_dist"":62.7674,""sy_gaiamag"":6.8866,""pl_rade"":13.5,""pl_radelim"":0,""pl_bmasse"":537.1327,""pl_bmasselim"":0,""pl_bmassprov"":""Msini"",""pl_orbper"":410.10001,""pl_orbperlim"":0,""pl_orbsmax"":1.14,""pl_eqt"":399.64,""pl_eqtlim"":0,""disc_year"":1999,""discoverymethod"":""Radial Velocity"",""disc_refname"":""<a refstr=VOGT_ET_AL__2000 href=https://ui.adsabs.harvard.edu/abs/2000ApJ...536..902V/abstract target=ref> Vogt et al. 2000 </a>"",""import_batch"":""astralys_nasa_confirmed_planets_20260918"",""discovery_status"":""confirmed"",""table"":""pscomppars"",""gaia_host_source_id"":""2035963417721248128"",""orbit_order"":2,""retrieved_at"":""2026-09-18T14:51:26.782Z"",""sky_position_kind"":""host_system_direction"",""visual_is_interpretation"":true,""best_mass_is_minimum"":true}"
planet,NASA_EXOPLANET_ARCHIVE,HD 20794 b,HD 20794 b,d5ef748c-a083-4eb7-877e-1534d5be60e0,HD 20794,49.9997666,-43.0666533,19.578427,,1.45,,18.314,660,2011,Radial Velocity, Pepe et al. 2011 ,22973918,rocky,2026-09-18T14:51:26.782Z,"{""pl_name"":""HD 20794 b"",""hostname"":""HD 20794"",""gaia_dr3_id"":""Gaia DR3 4847957293278177024"",""ra"":49.9997666,""dec"":-43.0666533,""sy_dist"":6.00278,""sy_gaiamag"":4.06635,""pl_rade"":1.45,""pl_radelim"":0,""pl_bmasse"":2.7,""pl_bmasselim"":0,""pl_bmassprov"":""Msin(i)/sin(i)"",""pl_orbper"":18.314,""pl_orbperlim"":0,""pl_orbsmax"":0.1257,""pl_eqt"":660,""pl_eqtlim"":0,""disc_year"":2011,""discoverymethod"":""Radial Velocity"",""disc_refname"":""<a refstr=PEPE_ET_AL__2011 href=https://ui.adsabs.harvard.edu/abs/2011A%26A...534A..58P/abstract target=ref> Pepe et al. 2011 </a>"",""import_batch"":""astralys_nasa_confirmed_planets_20260918"",""discovery_status"":""confirmed"",""table"":""pscomppars"",""gaia_host_source_id"":""4847957293278177024"",""orbit_order"":1,""retrieved_at"":""2026-09-18T14:51:26.782Z"",""sky_position_kind"":""host_system_direction"",""visual_is_interpretation"":true,""best_mass_is_minimum"":false}"
planet,NASA_EXOPLANET_ARCHIVE,HD 31253 b,HD 31253 b,81e8595a-ac15-4da0-b9e6-490b8c357e07,HD 31253,73.6822877,12.3520103,189.639492,,14.1,,466,348,2010,Radial Velocity, Meschiari et al. 2011 ,154463146,gas,2026-09-18T14:51:26.782Z,"{""pl_name"":""HD 31253 b"",""hostname"":""HD 31253"",""gaia_dr3_id"":""Gaia DR3 3295354481521174656"",""ra"":73.6822877,""dec"":12.3520103,""sy_dist"":58.1438,""sy_gaiamag"":6.98479,""pl_rade"":14.1,""pl_radelim"":0,""pl_bmasse"":197.0546,""pl_bmasselim"":0,""pl_bmassprov"":""Msini"",""pl_orbper"":466,""pl_orbperlim"":0,""pl_orbsmax"":1.26,""pl_eqt"":348.36,""pl_eqtlim"":0,""disc_year"":2010,""discoverymethod"":""Radial Velocity"",""disc_refname"":""<a refstr=MESCHIARI_ET_AL__2011 href=https://ui.adsabs.harvard.edu/abs/2011ApJ...727..117M/abstract target=ref> Meschiari et al. 2011 </a>"",""import_batch"":""astralys_nasa_confirmed_planets_20260918"",""discovery_status"":""confirmed"",""table"":""pscomppars"",""gaia_host_source_id"":""3295354481521174656"",""orbit_order"":1,""retrieved_at"":""2026-09-18T14:51:26.782Z"",""sky_position_kind"":""host_system_direction"",""visual_is_interpretation"":true,""best_mass_is_minimum"":true}"
planet,NASA_EXOPLANET_ARCHIVE,HD 178911 B b,HD 178911 B b,72da8f23-9fee-4560-9368-576943a19b65,HD 178911 B,287.2632091,34.6006972,133.634919,,12.6,,71.484,480,2001,Radial Velocity, Zucker et al. 2002 ,32006438,gas,2026-09-18T14:51:26.782Z,"{""pl_name"":""HD 178911 B b"",""hostname"":""HD 178911 B"",""gaia_dr3_id"":""Gaia DR3 2044341077844180736"",""ra"":287.2632091,""dec"":34.6006972,""sy_dist"":40.9727,""sy_gaiamag"":7.86705,""pl_rade"":12.6,""pl_radelim"":0,""pl_bmasse"":2552.1749,""pl_bmasselim"":0,""pl_bmassprov"":""Msini"",""pl_orbper"":71.484,""pl_orbperlim"":0,""pl_orbsmax"":0.34,""pl_eqt"":480.24,""pl_eqtlim"":0,""disc_year"":2001,""discoverymethod"":""Radial Velocity"",""disc_refname"":""<a refstr=ZUCKER_ET_AL__2002 href=https://ui.adsabs.harvard.edu/abs/2002ApJ...568..363Z/abstract target=ref> Zucker et al. 2002 </a>"",""import_batch"":""astralys_nasa_confirmed_planets_20260918"",""discovery_status"":""confirmed"",""table"":""pscomppars"",""gaia_host_source_id"":""2044341077844180736"",""orbit_order"":1,""retrieved_at"":""2026-09-18T14:51:26.782Z"",""sky_position_kind"":""host_system_direction"",""visual_is_interpretation"":true,""best_mass_is_minimum"":true}"
planet,NASA_EXOPLANET_ARCHIVE,HD 155358 b,HD 155358 b,afb71ef1-4479-4749-b9ab-be60820c04bd,HD 155358,257.3930947,33.3549277,142.268269,,13.8,,194.3,421,2007,Radial Velocity, Cochran et al. 2007 ,4462183,gas,2026-09-18T14:51:26.782Z,"{""pl_name"":""HD 155358 b"",""hostname"":""HD 155358"",""gaia_dr3_id"":""Gaia DR3 1334643739861016832"",""ra"":257.3930947,""dec"":33.3549277,""sy_dist"":43.6197,""sy_gaiamag"":7.12074,""pl_rade"":13.8,""pl_radelim"":0,""pl_bmasse"":314.6517,""pl_bmasselim"":0,""pl_bmassprov"":""Msini"",""pl_orbper"":194.3,""pl_orbperlim"":0,""pl_orbsmax"":0.63,""pl_eqt"":421.43,""pl_eqtlim"":0,""disc_year"":2007,""discoverymethod"":""Radial Velocity"",""disc_refname"":""<a refstr=COCHRAN_ET_AL__2007 href=https://ui.adsabs.harvard.edu/abs/2007ApJ...665.1407C/abstract target=ref> Cochran et al. 2007 </a>"",""import_batch"":""astralys_nasa_confirmed_planets_20260918"",""discovery_status"":""confirmed"",""table"":""pscomppars"",""gaia_host_source_id"":""1334643739861016832"",""orbit_order"":1,""retrieved_at"":""2026-09-18T14:51:26.782Z"",""sky_position_kind"":""host_system_direction"",""visual_is_interpretation"":true,""best_mass_is_minimum"":true}"
planet,NASA_EXOPLANET_ARCHIVE,HD 155358 c,HD 155358 c,afb71ef1-4479-4749-b9ab-be60820c04bd,HD 155358,257.3930947,33.3549277,142.268269,,13.9,,391.9,331,2007,Radial Velocity, Cochran et al. 2007 ,21239802,gas,2026-09-18T14:51:26.782Z,"{""pl_name"":""HD 155358 c"",""hostname"":""HD 155358"",""gaia_dr3_id"":""Gaia DR3 1334643739861016832"",""ra"":257.3930947,""dec"":33.3549277,""sy_dist"":43.6197,""sy_gaiamag"":7.12074,""pl_rade"":13.9,""pl_radelim"":0,""pl_bmasse"":261,""pl_bmasselim"":0,""pl_bmassprov"":""Msini"",""pl_orbper"":391.9,""pl_orbperlim"":0,""pl_orbsmax"":1.02,""pl_eqt"":330.92,""pl_eqtlim"":0,""disc_year"":2007,""discoverymethod"":""Radial Velocity"",""disc_refname"":""<a refstr=COCHRAN_ET_AL__2007 href=https://ui.adsabs.harvard.edu/abs/2007ApJ...665.1407C/abstract target=ref> Cochran et al. 2007 </a>"",""import_batch"":""astralys_nasa_confirmed_planets_20260918"",""discovery_status"":""confirmed"",""table"":""pscomppars"",""gaia_host_source_id"":""1334643739861016832"",""orbit_order"":2,""retrieved_at"":""2026-09-18T14:51:26.782Z"",""sky_position_kind"":""host_system_direction"",""visual_is_interpretation"":true,""best_mass_is_minimum"":true}"
planet,NASA_EXOPLANET_ARCHIVE,HD 210702 b,HD 210702 b,8fe48116-21d7-4159-927f-cdf59d6760ce,HD 210702,332.9638643,16.0404806,176.764484,,13.6,,355.5,486,2007,Radial Velocity, Johnson et al. 2007 ,1794801928,gas,2026-09-18T14:51:26.782Z,"{""pl_name"":""HD 210702 b"",""hostname"":""HD 210702"",""gaia_dr3_id"":""Gaia DR3 1775004778213735168"",""ra"":332.9638643,""dec"":16.0404806,""sy_dist"":54.1963,""sy_gaiamag"":5.6807,""pl_rade"":13.6,""pl_radelim"":0,""pl_bmasse"":481.5100366,""pl_bmasselim"":0,""pl_bmassprov"":""Msini"",""pl_orbper"":355.5,""pl_orbperlim"":0,""pl_orbsmax"":1.079,""pl_eqt"":485.86,""pl_eqtlim"":0,""disc_year"":2007,""discoverymethod"":""Radial Velocity"",""disc_refname"":""<a refstr=JOHNSON_ET_AL__2007 href=https://ui.adsabs.harvard.edu/abs/2007ApJ...665..785J/abstract target=ref> Johnson et al. 2007 </a>"",""import_batch"":""astralys_nasa_confirmed_planets_20260918"",""discovery_status"":""confirmed"",""table"":""pscomppars"",""gaia_host_source_id"":""1775004778213735168"",""orbit_order"":1,""retrieved_at"":""2026-09-18T14:51:26.782Z"",""sky_position_kind"":""host_system_direction"",""visual_is_interpretation"":true,""best_mass_is_minimum"":true}"
planet,NASA_EXOPLANET_ARCHIVE,HD 3651 b,HD 3651 b,5adef2b5-555f-4975-83fd-d93a3c77be5a,HD 3651,9.8387218,21.2488844,36.312904,,10.1,,62.25,433,2003,Radial Velocity, Fischer et al. 2003 ,1891818699,gas,2026-09-18T14:51:26.782Z,"{""pl_name"":""HD 3651 b"",""hostname"":""HD 3651"",""gaia_dr3_id"":""Gaia DR3 2802397960855105920"",""ra"":9.8387218,""dec"":21.2488844,""sy_dist"":11.1336,""sy_gaiamag"":5.65255,""pl_rade"":10.1,""pl_radelim"":0,""pl_bmasse"":72.46524,""pl_bmasselim"":0,""pl_bmassprov"":""Msini"",""pl_orbper"":62.25,""pl_orbperlim"":0,""pl_orbsmax"":0.295,""pl_eqt"":432.84,""pl_eqtlim"":0,""disc_year"":2003,""discoverymethod"":""Radial Velocity"",""disc_refname"":""<a refstr=FISCHER_ET_AL__2003 href=https://ui.adsabs.harvard.edu/abs/2003ApJ...590.1081F/abstract target=ref> Fischer et al. 2003 </a>"",""import_batch"":""astralys_nasa_confirmed_planets_20260918"",""discovery_status"":""confirmed"",""table"":""pscomppars"",""gaia_host_source_id"":""2802397960855105920"",""orbit_order"":1,""retrieved_at"":""2026-09-18T14:51:26.782Z"",""sky_position_kind"":""host_system_direction"",""visual_is_interpretation"":true,""best_mass_is_minimum"":true}"
planet,NASA_EXOPLANET_ARCHIVE,HD 156411 b,HD 156411 b,b31aaa04-1f47-40bb-bd11-aa03e66c977d,HD 156411,259.9639522,-48.5502313,185.47024,,14,,842.2,305,2009,Radial Velocity, Naef et al. 2010 ,268666808,gas,2026-09-18T14:51:26.782Z,"{""pl_name"":""HD 156411 b"",""hostname"":""HD 156411"",""gaia_dr3_id"":""Gaia DR3 5950535424666050304"",""ra"":259.9639522,""dec"":-48.5502313,""sy_dist"":56.8655,""sy_gaiamag"":6.5121,""pl_rade"":14,""pl_radelim"":0,""pl_bmasse"":235.18,""pl_bmasselim"":0,""pl_bmassprov"":""Msini"",""pl_orbper"":842.2,""pl_orbperlim"":0,""pl_orbsmax"":1.88,""pl_eqt"":304.95,""pl_eqtlim"":0,""disc_year"":2009,""discoverymethod"":""Radial Velocity"",""disc_refname"":""<a refstr=NAEF_ET_AL__2010 href=https://ui.adsabs.harvard.edu/abs/2010A%26A...523A..15N/abstract target=ref> Naef et al. 2010 </a>"",""import_batch"":""astralys_nasa_confirmed_planets_20260918"",""discovery_status"":""confirmed"",""table"":""pscomppars"",""gaia_host_source_id"":""5950535424666050304"",""orbit_order"":1,""retrieved_at"":""2026-09-18T14:51:26.782Z"",""sky_position_kind"":""host_system_direction"",""visual_is_interpretation"":true,""best_mass_is_minimum"":true}"
planet,NASA_EXOPLANET_ARCHIVE,HD 183263 b,HD 183263 b,2b4d0755-43d3-4bf6-b9e4-219a42af6c52,HD 183263,292.1022982,8.3579183,176.761875,,13.1,,624.87404,263,2004,Radial Velocity, Marcy et al. 2005 ,544806426,gas,2026-09-18T14:51:26.782Z,"{""pl_name"":""HD 183263 b"",""hostname"":""HD 183263"",""gaia_dr3_id"":""Gaia DR3 4296208099222829568"",""ra"":292.1022982,""dec"":8.3579183,""sy_dist"":54.1955,""sy_gaiamag"":7.71818,""pl_rade"":13.1,""pl_radelim"":0,""pl_bmasse"":1103.1824007,""pl_bmasselim"":0,""pl_bmassprov"":""Msini"",""pl_orbper"":624.87404,""pl_orbperlim"":0,""pl_orbsmax"":1.46,""pl_eqt"":263.26,""pl_eqtlim"":0,""disc_year"":2004,""discoverymethod"":""Radial Velocity"",""disc_refname"":""<a refstr=MARCY_ET_AL__2005 href=https://ui.adsabs.harvard.edu/abs/2005ApJ...619..570M/abstract target=ref> Marcy et al. 2005 </a>"",""import_batch"":""astralys_nasa_confirmed_planets_20260918"",""discovery_status"":""confirmed"",""table"":""pscomppars"",""gaia_host_source_id"":""4296208099222829568"",""orbit_order"":1,""retrieved_at"":""2026-09-18T14:51:26.782Z"",""sky_position_kind"":""host_system_direction"",""visual_is_interpretation"":true,""best_mass_is_minimum"":true}"
planet,NASA_EXOPLANET_ARCHIVE,HD 89307 b,HD 89307 b,487a6dff-3a75-47d0-aba0-639c2296b673,HD 89307,154.5874958,12.6209392,104.40384,,13.4,642.01338214,2166,167,2009,Radial Velocity, Fischer et al. 2009 ,48850554,gas,2026-09-18T14:51:26.782Z,"{""pl_name"":""HD 89307 b"",""hostname"":""HD 89307"",""gaia_dr3_id"":""Gaia DR3 3886688327612984704"",""ra"":154.5874958,""dec"":12.6209392,""sy_dist"":32.0104,""sy_gaiamag"":6.86817,""pl_rade"":13.4,""pl_radelim"":0,""pl_bmasse"":642.01338214,""pl_bmasselim"":0,""pl_bmassprov"":""Mass"",""pl_orbper"":2166,""pl_orbperlim"":0,""pl_orbsmax"":3.27,""pl_eqt"":166.55,""pl_eqtlim"":0,""disc_year"":2009,""discoverymethod"":""Radial Velocity"",""disc_refname"":""<a refstr=FISCHER_ET_AL__2009 href=https://ui.adsabs.harvard.edu/abs/2009ApJ...703.1545F/abstract target=ref> Fischer et al. 2009 </a>"",""import_batch"":""astralys_nasa_confirmed_planets_20260918"",""discovery_status"":""confirmed"",""table"":""pscomppars"",""gaia_host_source_id"":""3886688327612984704"",""orbit_order"":1,""retrieved_at"":""2026-09-18T14:51:26.782Z"",""sky_position_kind"":""host_system_direction"",""visual_is_interpretation"":true,""best_mass_is_minimum"":false}"
planet,NASA_EXOPLANET_ARCHIVE,rho CrB b,rho CrB b,86e12d29-0558-4d91-ac83-06d663ff65ff,rho CrB,240.2600639,33.3001861,56.969995,,13.7,,39.849,614,1997,Radial Velocity, Noyes et al. 1997 ,1405590211,gas,2026-09-18T14:51:26.782Z,"{""pl_name"":""rho CrB b"",""hostname"":""rho CrB"",""gaia_dr3_id"":""Gaia DR3 1323427759184545536"",""ra"":240.2600639,""dec"":33.3001861,""sy_dist"":17.4671,""sy_gaiamag"":5.24167,""pl_rade"":13.7,""pl_radelim"":0,""pl_bmasse"":347.995,""pl_bmasselim"":0,""pl_bmassprov"":""Msini"",""pl_orbper"":39.849,""pl_orbperlim"":0,""pl_orbsmax"":0.2245,""pl_eqt"":614,""pl_eqtlim"":0,""disc_year"":1997,""discoverymethod"":""Radial Velocity"",""disc_refname"":""<a refstr=NOYES_ET_AL__1997 href=https://ui.adsabs.harvard.edu/abs/1997ApJ...483L.111N/abstract target=ref> Noyes et al. 1997 </a>"",""import_batch"":""astralys_nasa_confirmed_planets_20260918"",""discovery_status"":""confirmed"",""table"":""pscomppars"",""gaia_host_source_id"":""1323427759184545536"",""orbit_order"":2,""retrieved_at"":""2026-09-18T14:51:26.782Z"",""sky_position_kind"":""host_system_direction"",""visual_is_interpretation"":true,""best_mass_is_minimum"":true}"
planet,NASA_EXOPLANET_ARCHIVE,HD 66428 b,HD 66428 b,40738c81-2910-4930-8b0b-b0d977e987de,HD 66428,120.8691654,-1.1636019,173.781461,,12.4,3478.94974302,2269.81726,159,2005,Radial Velocity, Butler et al. 2006 ,1127578309,gas,2026-09-18T14:51:26.782Z,"{""pl_name"":""HD 66428 b"",""hostname"":""HD 66428"",""gaia_dr3_id"":""Gaia DR3 3083043390405346432"",""ra"":120.8691654,""dec"":-1.1636019,""sy_dist"":53.2817,""sy_gaiamag"":8.08142,""pl_rade"":12.4,""pl_radelim"":0,""pl_bmasse"":3478.94974302,""pl_bmasselim"":0,""pl_bmassprov"":""Mass"",""pl_orbper"":2269.81726,""pl_orbperlim"":0,""pl_orbsmax"":3.395,""pl_eqt"":159.02,""pl_eqtlim"":0,""disc_year"":2005,""discoverymethod"":""Radial Velocity"",""disc_refname"":""<a refstr=BUTLER_ET_AL__2006 href=https://ui.adsabs.harvard.edu/abs/2006ApJ...646..505B/abstract target=ref> Butler et al. 2006 </a>"",""import_batch"":""astralys_nasa_confirmed_planets_20260918"",""discovery_status"":""confirmed"",""table"":""pscomppars"",""gaia_host_source_id"":""3083043390405346432"",""orbit_order"":1,""retrieved_at"":""2026-09-18T14:51:26.782Z"",""sky_position_kind"":""host_system_direction"",""visual_is_interpretation"":true,""best_mass_is_minimum"":false}"
planet,NASA_EXOPLANET_ARCHIVE,HD 93083 b,HD 93083 b,2ca63cf3-caf5-4462-82c3-e85bf1220496,HD 93083,161.0866672,-33.5776794,93.006319,,14.3,,144.72,312,2005,Radial Velocity, Lovis et al. 2005 ,1489752587,gas,2026-09-18T14:51:26.782Z,"{""pl_name"":""HD 93083 b"",""hostname"":""HD 93083"",""gaia_dr3_id"":""Gaia DR3 5450573881018549760"",""ra"":161.0866672,""dec"":-33.5776794,""sy_dist"":28.5159,""sy_gaiamag"":8.04206,""pl_rade"":14.3,""pl_radelim"":0,""pl_bmasse"":143.34061156,""pl_bmasselim"":0,""pl_bmassprov"":""Msini"",""pl_orbper"":144.72,""pl_orbperlim"":0,""pl_orbsmax"":0.508,""pl_eqt"":311.57,""pl_eqtlim"":0,""disc_year"":2005,""discoverymethod"":""Radial Velocity"",""disc_refname"":""<a refstr=LOVIS_ET_AL__2005 href=https://ui.adsabs.harvard.edu/abs/2005A&A...437.1121L/abstract target=ref> Lovis et al. 2005 </a>"",""import_batch"":""astralys_nasa_confirmed_planets_20260918"",""discovery_status"":""confirmed"",""table"":""pscomppars"",""gaia_host_source_id"":""5450573881018549760"",""orbit_order"":2,""retrieved_at"":""2026-09-18T14:51:26.782Z"",""sky_position_kind"":""host_system_direction"",""visual_is_interpretation"":true,""best_mass_is_minimum"":true}"
planet,NASA_EXOPLANET_ARCHIVE,HD 69830 b,HD 69830 b,e2a14915-004a-411c-be6e-989717867a4f,HD 69830,124.6010091,-12.6364246,40.962258,,3.17,,8.667,873,2006,Radial Velocity, Lovis et al. 2006 ,1138067503,lava,2026-09-18T14:51:26.782Z,"{""pl_name"":""HD 69830 b"",""hostname"":""HD 69830"",""gaia_dr3_id"":""Gaia DR3 5726982995343100928"",""ra"":124.6010091,""dec"":-12.6364246,""sy_dist"":12.5591,""sy_gaiamag"":5.75392,""pl_rade"":3.17,""pl_radelim"":0,""pl_bmasse"":10.2,""pl_bmasselim"":0,""pl_bmassprov"":""Msini"",""pl_orbper"":8.667,""pl_orbperlim"":0,""pl_orbsmax"":0.0785,""pl_eqt"":872.84,""pl_eqtlim"":0,""disc_year"":2006,""discoverymethod"":""Radial Velocity"",""disc_refname"":""<a refstr=LOVIS_ET_AL__2006 href=https://ui.adsabs.harvard.edu/abs/2006Natur.441..305L/abstract target=ref> Lovis et al. 2006 </a>"",""import_batch"":""astralys_nasa_confirmed_planets_20260918"",""discovery_status"":""confirmed"",""table"":""pscomppars"",""gaia_host_source_id"":""5726982995343100928"",""orbit_order"":1,""retrieved_at"":""2026-09-18T14:51:26.782Z"",""sky_position_kind"":""host_system_direction"",""visual_is_interpretation"":true,""best_mass_is_minimum"":true}"
planet,NASA_EXOPLANET_ARCHIVE,HD 69830 d,HD 69830 d,e2a14915-004a-411c-be6e-989717867a4f,HD 69830,124.6010091,-12.6364246,40.962258,,4.45,,197,308,2006,Radial Velocity, Lovis et al. 2006 ,1104512265,gas,2026-09-18T14:51:26.782Z,"{""pl_name"":""HD 69830 d"",""hostname"":""HD 69830"",""gaia_dr3_id"":""Gaia DR3 5726982995343100928"",""ra"":124.6010091,""dec"":-12.6364246,""sy_dist"":12.5591,""sy_gaiamag"":5.75392,""pl_rade"":4.45,""pl_radelim"":0,""pl_bmasse"":18.1,""pl_bmasselim"":0,""pl_bmassprov"":""Msini"",""pl_orbper"":197,""pl_orbperlim"":0,""pl_orbsmax"":0.63,""pl_eqt"":308.1,""pl_eqtlim"":0,""disc_year"":2006,""discoverymethod"":""Radial Velocity"",""disc_refname"":""<a refstr=LOVIS_ET_AL__2006 href=https://ui.adsabs.harvard.edu/abs/2006Natur.441..305L/abstract target=ref> Lovis et al. 2006 </a>"",""import_batch"":""astralys_nasa_confirmed_planets_20260918"",""discovery_status"":""confirmed"",""table"":""pscomppars"",""gaia_host_source_id"":""5726982995343100928"",""orbit_order"":3,""retrieved_at"":""2026-09-18T14:51:26.782Z"",""sky_position_kind"":""host_system_direction"",""visual_is_interpretation"":true,""best_mass_is_minimum"":true}"
planet,NASA_EXOPLANET_ARCHIVE,HD 70573 b,HD 70573 b,07075ade-41e5-4cfe-be99-39dfa79b4b37,HD 70573,125.7079153,1.8591088,193.025644,,12.8,,851.8,206,2007,Radial Velocity,Setiawan et al. 2007,183311512,gas,2026-09-18T14:51:26.782Z,"{""pl_name"":""HD 70573 b"",""hostname"":""HD 70573"",""gaia_dr3_id"":""Gaia DR3 3090083696499829376"",""ra"":125.7079153,""dec"":1.8591088,""sy_dist"":59.182,""sy_gaiamag"":8.54261,""pl_rade"":12.8,""pl_radelim"":0,""pl_bmasse"":1900,""pl_bmasselim"":0,""pl_bmassprov"":""Msini"",""pl_orbper"":851.8,""pl_orbperlim"":0,""pl_orbsmax"":1.76,""pl_eqt"":206.11,""pl_eqtlim"":0,""disc_year"":2007,""discoverymethod"":""Radial Velocity"",""disc_refname"":""<a refstr=SETIAWAN_ET_AL__2007 href=https://ui.adsabs.harvard.edu/abs/2007ApJ...660L.145S/abstract target=ref>Setiawan et al. 2007</a>"",""import_batch"":""astralys_nasa_confirmed_planets_20260918"",""discovery_status"":""confirmed"",""table"":""pscomppars"",""gaia_host_source_id"":""3090083696499829376"",""orbit_order"":1,""retrieved_at"":""2026-09-18T14:51:26.782Z"",""sky_position_kind"":""host_system_direction"",""visual_is_interpretation"":true,""best_mass_is_minimum"":true}"
planet,NASA_EXOPLANET_ARCHIVE,HD 97658 b,HD 97658 b,b18bc623-ac2c-4f98-b2e0-71837dab64f7,HD 97658,168.6376584,25.7105962,70.325104,,2.12,8.3,9.4897116,751,2010,Radial Velocity, Howard et al. 2011 ,746237916,lava,2026-09-18T14:51:26.782Z,"{""pl_name"":""HD 97658 b"",""hostname"":""HD 97658"",""gaia_dr3_id"":""Gaia DR3 3997075206232885888"",""ra"":168.6376584,""dec"":25.7105962,""sy_dist"":21.5618,""sy_gaiamag"":7.5136,""pl_rade"":2.12,""pl_radelim"":0,""pl_bmasse"":8.3,""pl_bmasselim"":0,""pl_bmassprov"":""Mass"",""pl_orbper"":9.4897116,""pl_orbperlim"":0,""pl_orbsmax"":0.0805,""pl_eqt"":751,""pl_eqtlim"":0,""disc_year"":2010,""discoverymethod"":""Radial Velocity"",""disc_refname"":""<a refstr=HOWARD_ET_AL__2011 href=https://ui.adsabs.harvard.edu/abs/2011ApJ...730...10H/abstract target=ref> Howard et al. 2011 </a>"",""import_batch"":""astralys_nasa_confirmed_planets_20260918"",""discovery_status"":""confirmed"",""table"":""pscomppars"",""gaia_host_source_id"":""3997075206232885888"",""orbit_order"":1,""retrieved_at"":""2026-09-18T14:51:26.782Z"",""sky_position_kind"":""host_system_direction"",""visual_is_interpretation"":true,""best_mass_is_minimum"":false}"
planet,NASA_EXOPLANET_ARCHIVE,HD 74156 b,HD 74156 b,d81b18f9-a2b0-46c6-a186-7f3c9746cddf,HD 74156,130.6047813,4.5772338,187.875641,,13.5,,51.63564,680,2003,Radial Velocity, Naef et al. 2004 ,522929539,gas,2026-09-18T14:51:26.782Z,"{""pl_name"":""HD 74156 b"",""hostname"":""HD 74156"",""gaia_dr3_id"":""Gaia DR3 582221750852254080"",""ra"":130.6047813,""dec"":4.5772338,""sy_dist"":57.603,""sy_gaiamag"":7.46934,""pl_rade"":13.5,""pl_radelim"":0,""pl_bmasse"":532.36258173,""pl_bmasselim"":0,""pl_bmassprov"":""Msini"",""pl_orbper"":51.63564,""pl_orbperlim"":0,""pl_orbsmax"":0.28,""pl_eqt"":679.63,""pl_eqtlim"":0,""disc_year"":2003,""discoverymethod"":""Radial Velocity"",""disc_refname"":""<a refstr=NAEF_ET_AL__2004 href=https://ui.adsabs.harvard.edu/abs/2004A&A...414..351N/abstract target=ref> Naef et al. 2004 </a>"",""import_batch"":""astralys_nasa_confirmed_planets_20260918"",""discovery_status"":""confirmed"",""table"":""pscomppars"",""gaia_host_source_id"":""582221750852254080"",""orbit_order"":1,""retrieved_at"":""2026-09-18T14:51:26.782Z"",""sky_position_kind"":""host_system_direction"",""visual_is_interpretation"":true,""best_mass_is_minimum"":true}"
planet,NASA_EXOPLANET_ARCHIVE,HD 45184 b,HD 45184 b,03f36f05-a04f-46c5-975e-23fad3ab49cf,HD 45184,96.1820205,-28.7806402,71.601679,,3.52,,5.8854,1156,2019,Radial Velocity,Udry et al. 2019,874275894,lava,2026-09-18T14:51:26.782Z,"{""pl_name"":""HD 45184 b"",""hostname"":""HD 45184"",""gaia_dr3_id"":""Gaia DR3 2898239468873596800"",""ra"":96.1820205,""dec"":-28.7806402,""sy_dist"":21.9532,""sy_gaiamag"":6.21037,""pl_rade"":3.52,""pl_radelim"":0,""pl_bmasse"":12.19,""pl_bmasselim"":0,""pl_bmassprov"":""Msini"",""pl_orbper"":5.8854,""pl_orbperlim"":0,""pl_orbsmax"":0.0644,""pl_eqt"":1156.34,""pl_eqtlim"":0,""disc_year"":2019,""discoverymethod"":""Radial Velocity"",""disc_refname"":""<a refstr=UDRY_ET_AL__2019 href=https://ui.adsabs.harvard.edu/abs/2019A&A...622A..37U/abstract target=ref>Udry et al. 2019</a>"",""import_batch"":""astralys_nasa_confirmed_planets_20260918"",""discovery_status"":""confirmed"",""table"":""pscomppars"",""gaia_host_source_id"":""2898239468873596800"",""orbit_order"":1,""retrieved_at"":""2026-09-18T14:51:26.782Z"",""sky_position_kind"":""host_system_direction"",""visual_is_interpretation"":true,""best_mass_is_minimum"":true}"
planet,NASA_EXOPLANET_ARCHIVE,HD 45364 b,HD 45364 b,46ae3594-cfb0-4b5c-a209-4ff98e1235ff,HD 45364,96.4105736,-31.4810037,112.047632,,9.03,,225.79,302,2008,Radial Velocity, Correia et al. 2009 ,1925740274,gas,2026-09-18T14:51:26.782Z,"{""pl_name"":""HD 45364 b"",""hostname"":""HD 45364"",""gaia_dr3_id"":""Gaia DR3 2893174259322992256"",""ra"":96.4105736,""dec"":-31.4810037,""sy_dist"":34.354,""sy_gaiamag"":7.88016,""pl_rade"":9.03,""pl_radelim"":0,""pl_bmasse"":60.16491745,""pl_bmasselim"":0,""pl_bmassprov"":""Msini"",""pl_orbper"":225.79,""pl_orbperlim"":0,""pl_orbsmax"":0.6793,""pl_eqt"":301.69,""pl_eqtlim"":0,""disc_year"":2008,""discoverymethod"":""Radial Velocity"",""disc_refname"":""<a refstr=CORREIA_ET_AL__2009 href=https://ui.adsabs.harvard.edu/abs/2009A&A...496..521C/abstract target=ref> Correia et al. 2009 </a>"",""import_batch"":""astralys_nasa_confirmed_planets_20260918"",""discovery_status"":""confirmed"",""table"":""pscomppars"",""gaia_host_source_id"":""2893174259322992256"",""orbit_order"":1,""retrieved_at"":""2026-09-18T14:51:26.782Z"",""sky_position_kind"":""host_system_direction"",""visual_is_interpretation"":true,""best_mass_is_minimum"":true}"
planet,NASA_EXOPLANET_ARCHIVE,HD 75898 b,HD 75898 b,4b4b3fc4-393b-47d3-91d8-e5e9532dbc1f,HD 75898,133.4611999,33.0566885,254.566389,,13.2,,422.82,335,2007,Radial Velocity, Robinson et al. 2007 ,1478999558,gas,2026-09-18T14:51:26.782Z,"{""pl_name"":""HD 75898 b"",""hostname"":""HD 75898"",""gaia_dr3_id"":""Gaia DR3 713135102814770432"",""ra"":133.4611999,""dec"":33.0566885,""sy_dist"":78.0505,""sy_gaiamag"":7.89597,""pl_rade"":13.2,""pl_radelim"":0,""pl_bmasse"":810.46243785,""pl_bmasselim"":0,""pl_bmassprov"":""Msini"",""pl_orbper"":422.82,""pl_orbperlim"":0,""pl_orbsmax"":1.2025,""pl_eqt"":335.16,""pl_eqtlim"":0,""disc_year"":2007,""discoverymethod"":""Radial Velocity"",""disc_refname"":""<a refstr=ROBINSON_ET_AL__2007 href=https://ui.adsabs.harvard.edu/abs/2007ApJ...670.1391R/abstract target=ref> Robinson et al. 2007 </a>"",""import_batch"":""astralys_nasa_confirmed_planets_20260918"",""discovery_status"":""confirmed"",""table"":""pscomppars"",""gaia_host_source_id"":""713135102814770432"",""orbit_order"":1,""retrieved_at"":""2026-09-18T14:51:26.782Z"",""sky_position_kind"":""host_system_direction"",""visual_is_interpretation"":true,""best_mass_is_minimum"":true}"
planet,NASA_EXOPLANET_ARCHIVE,HD 7924 b,HD 7924 b,da932155-9ba5-4cc9-b66c-79848ef632ce,HD 7924,20.4956562,76.7101475,55.42108,,,,5.39792,826,2008,Radial Velocity, Howard et al. 2009 ,782156531,lava,2026-09-18T14:51:26.782Z,"{""pl_name"":""HD 7924 b"",""hostname"":""HD 7924"",""gaia_dr3_id"":""Gaia DR3 560130775546153344"",""ra"":20.4956562,""dec"":76.7101475,""sy_dist"":16.9922,""sy_gaiamag"":6.92516,""pl_rade"":null,""pl_radelim"":null,""pl_bmasse"":2058.25676373,""pl_bmasselim"":1,""pl_bmassprov"":""Mass"",""pl_orbper"":5.39792,""pl_orbperlim"":0,""pl_orbsmax"":0.06,""pl_eqt"":825.9,""pl_eqtlim"":0,""disc_year"":2008,""discoverymethod"":""Radial Velocity"",""disc_refname"":""<a refstr=HOWARD_ET_AL__2009 href=https://ui.adsabs.harvard.edu/abs/2009ApJ...696...75H/abstract target=ref> Howard et al. 2009 </a>"",""import_batch"":""astralys_nasa_confirmed_planets_20260918"",""discovery_status"":""confirmed"",""table"":""pscomppars"",""gaia_host_source_id"":""560130775546153344"",""orbit_order"":1,""retrieved_at"":""2026-09-18T14:51:26.782Z"",""sky_position_kind"":""host_system_direction"",""visual_is_interpretation"":true,""best_mass_is_minimum"":false}"
planet,NASA_EXOPLANET_ARCHIVE,HD 79498 b,HD 79498 b,888f9800-df29-4b02-8b5e-40f0c457650d,HD 79498,138.7885794,23.3748792,159.649774,,13.6,,1807,165,2011,Radial Velocity, Robertson et al. 2012 ,2063842511,gas,2026-09-18T14:51:26.782Z,"{""pl_name"":""HD 79498 b"",""hostname"":""HD 79498"",""gaia_dr3_id"":""Gaia DR3 686996756484129664"",""ra"":138.7885794,""dec"":23.3748792,""sy_dist"":48.9489,""sy_gaiamag"":7.8859,""pl_rade"":13.6,""pl_radelim"":0,""pl_bmasse"":425.8922,""pl_bmasselim"":0,""pl_bmassprov"":""Msini"",""pl_orbper"":1807,""pl_orbperlim"":0,""pl_orbsmax"":2.98,""pl_eqt"":164.53,""pl_eqtlim"":0,""disc_year"":2011,""discoverymethod"":""Radial Velocity"",""disc_refname"":""<a refstr=ROBERTSON_ET_AL__2012 href=https://ui.adsabs.harvard.edu/abs/2012ApJ...749...39R/abstract target=ref> Robertson et al. 2012 </a>"",""import_batch"":""astralys_nasa_confirmed_planets_20260918"",""discovery_status"":""confirmed"",""table"":""pscomppars"",""gaia_host_source_id"":""686996756484129664"",""orbit_order"":1,""retrieved_at"":""2026-09-18T14:51:26.782Z"",""sky_position_kind"":""host_system_direction"",""visual_is_interpretation"":true,""best_mass_is_minimum"":true}"
planet,NASA_EXOPLANET_ARCHIVE,HD 48265 b,HD 48265 b,968abe84-2f1d-4fa6-8b61-aa2ebad9a3e4,HD 48265,100.0073683,-48.5418284,295.316646,,12.6,2351.9302118,778.51,283,2008,Radial Velocity, Minniti et al. 2009 ,906262860,gas,2026-09-18T14:51:26.782Z,"{""pl_name"":""HD 48265 b"",""hostname"":""HD 48265"",""gaia_dr3_id"":""Gaia DR3 5551551998119947648"",""ra"":100.0073683,""dec"":-48.5418284,""sy_dist"":90.5446,""sy_gaiamag"":7.87925,""pl_rade"":12.6,""pl_radelim"":0,""pl_bmasse"":2351.9302118,""pl_bmasselim"":0,""pl_bmassprov"":""Mass"",""pl_orbper"":778.51,""pl_orbperlim"":0,""pl_orbsmax"":1.814,""pl_eqt"":283,""pl_eqtlim"":0,""disc_year"":2008,""discoverymethod"":""Radial Velocity"",""disc_refname"":""<a refstr=MINNITI_ET_AL__2009 href=https://ui.adsabs.harvard.edu/abs/2009ApJ...693.1424M/abstract target=ref> Minniti et al. 2009 </a>"",""import_batch"":""astralys_nasa_confirmed_planets_20260918"",""discovery_status"":""confirmed"",""table"":""pscomppars"",""gaia_host_source_id"":""5551551998119947648"",""orbit_order"":1,""retrieved_at"":""2026-09-18T14:51:26.782Z"",""sky_position_kind"":""host_system_direction"",""visual_is_interpretation"":true,""best_mass_is_minimum"":false}"
planet,NASA_EXOPLANET_ARCHIVE,HIP 57274 c,HIP 57274 c,d22d7041-9a4a-40e9-a983-7fcbce28dc2b,HIP 57274,176.1705487,30.9576484,84.349812,,14.2,,32.03,437,2011,Radial Velocity, Fischer et al. 2012 ,1276526002,gas,2026-09-18T14:51:26.782Z,"{""pl_name"":""HIP 57274 c"",""hostname"":""HIP 57274"",""gaia_dr3_id"":""Gaia DR3 4021079911593673600"",""ra"":176.1705487,""dec"":30.9576484,""sy_dist"":25.8618,""sy_gaiamag"":8.57069,""pl_rade"":14.2,""pl_radelim"":0,""pl_bmasse"":130,""pl_bmasselim"":0,""pl_bmassprov"":""Msini"",""pl_orbper"":32.03,""pl_orbperlim"":0,""pl_orbsmax"":0.178,""pl_eqt"":437.32,""pl_eqtlim"":0,""disc_year"":2011,""discoverymethod"":""Radial Velocity"",""disc_refname"":""<a refstr=FISCHER_ET_AL__2012 href=https://ui.adsabs.harvard.edu/abs/2012ApJ...745...21F/abstract target=ref> Fischer et al. 2012 </a>"",""import_batch"":""astralys_nasa_confirmed_planets_20260918"",""discovery_status"":""confirmed"",""table"":""pscomppars"",""gaia_host_source_id"":""4021079911593673600"",""orbit_order"":2,""retrieved_at"":""2026-09-18T14:51:26.782Z"",""sky_position_kind"":""host_system_direction"",""visual_is_interpretation"":true,""best_mass_is_minimum"":true}"
planet,NASA_EXOPLANET_ARCHIVE,HD 52265 b,HD 52265 b,b7435abf-e600-40ea-90a2-d08e4fc599f1,HD 52265,105.0746449,-5.3668142,97.782547,,13.7,,119.27,405,2000,Radial Velocity, Butler et al. 2000 ,553603093,gas,2026-09-18T14:51:26.782Z,"{""pl_name"":""HD 52265 b"",""hostname"":""HD 52265"",""gaia_dr3_id"":""Gaia DR3 3101382419728401408"",""ra"":105.0746449,""dec"":-5.3668142,""sy_dist"":29.9803,""sy_gaiamag"":6.15257,""pl_rade"":13.7,""pl_radelim"":0,""pl_bmasse"":384.5743,""pl_bmasselim"":0,""pl_bmassprov"":""Msini"",""pl_orbper"":119.27,""pl_orbperlim"":0,""pl_orbsmax"":0.52,""pl_eqt"":405,""pl_eqtlim"":0,""disc_year"":2000,""discoverymethod"":""Radial Velocity"",""disc_refname"":""<a refstr=BUTLER_ET_AL__2000 href=https://ui.adsabs.harvard.edu/abs/2000ApJ...545..504B/abstract target=ref> Butler et al. 2000 </a>"",""import_batch"":""astralys_nasa_confirmed_planets_20260918"",""discovery_status"":""confirmed"",""table"":""pscomppars"",""gaia_host_source_id"":""3101382419728401408"",""orbit_order"":1,""retrieved_at"":""2026-09-18T14:51:26.782Z"",""sky_position_kind"":""host_system_direction"",""visual_is_interpretation"":true,""best_mass_is_minimum"":true}"
planet,NASA_EXOPLANET_ARCHIVE,HD 85390 b,HD 85390 b,1e9f80ad-57f3-47b3-8e8e-827223281feb,HD 85390,147.5105663,-49.7905254,109.335645,,6.16,,799.52,191,2011,Radial Velocity, Mordasini et al. 2011 ,1326563474,gas,2026-09-18T14:51:26.782Z,"{""pl_name"":""HD 85390 b"",""hostname"":""HD 85390"",""gaia_dr3_id"":""Gaia DR3 5406324138654973824"",""ra"":147.5105663,""dec"":-49.7905254,""sy_dist"":33.5225,""sy_gaiamag"":8.29462,""pl_rade"":6.16,""pl_radelim"":0,""pl_bmasse"":31.46517,""pl_bmasselim"":0,""pl_bmassprov"":""Msini"",""pl_orbper"":799.52,""pl_orbperlim"":0,""pl_orbsmax"":1.373,""pl_eqt"":190.89,""pl_eqtlim"":0,""disc_year"":2011,""discoverymethod"":""Radial Velocity"",""disc_refname"":""<a refstr=MORDASINI_ET_AL__2011 href=https://ui.adsabs.harvard.edu/abs/2011A%26A...526A.111M/abstract target=ref> Mordasini et al. 2011 </a>"",""import_batch"":""astralys_nasa_confirmed_planets_20260918"",""discovery_status"":""confirmed"",""table"":""pscomppars"",""gaia_host_source_id"":""5406324138654973824"",""orbit_order"":1,""retrieved_at"":""2026-09-18T14:51:26.782Z"",""sky_position_kind"":""host_system_direction"",""visual_is_interpretation"":true,""best_mass_is_minimum"":true}"
planet,NASA_EXOPLANET_ARCHIVE,xi Aql b,xi Aql b,a9b78ee0-f4cc-48e8-8aa5-4442a366adb7,xi Aql,298.5624491,8.4611051,183.253358,,13.4,,136.97,973,2007,Radial Velocity, Sato et al. 2008 ,2058859342,gas,2026-09-18T14:51:26.782Z,"{""pl_name"":""xi Aql b"",""hostname"":""xi Aql"",""gaia_dr3_id"":""Gaia DR3 4298361114753012992"",""ra"":298.5624491,""dec"":8.4611051,""sy_dist"":56.1858,""sy_gaiamag"":4.42501,""pl_rade"":13.4,""pl_radelim"":0,""pl_bmasse"":616.90493799,""pl_bmasselim"":0,""pl_bmassprov"":""Msini"",""pl_orbper"":136.97,""pl_orbperlim"":0,""pl_orbsmax"":0.625,""pl_eqt"":973.07,""pl_eqtlim"":0,""disc_year"":2007,""discoverymethod"":""Radial Velocity"",""disc_refname"":""<a refstr=SATO_ET_AL__2008 href=https://ui.adsabs.harvard.edu/abs/2008PASJ...60..539S/abstract target=ref> Sato et al. 2008 </a>"",""import_batch"":""astralys_nasa_confirmed_planets_20260918"",""discovery_status"":""confirmed"",""table"":""pscomppars"",""gaia_host_source_id"":""4298361114753012992"",""orbit_order"":1,""retrieved_at"":""2026-09-18T14:51:26.782Z"",""sky_position_kind"":""host_system_direction"",""visual_is_interpretation"":true,""best_mass_is_minimum"":true}"
planet,NASA_EXOPLANET_ARCHIVE,HD 169830 b,HD 169830 b,d92cdbb6-881b-49aa-9b1e-4756ddf15d90,HD 169830,276.9561859,-29.8167919,122.650311,,13.2,,225.67372,345,2000,Radial Velocity, Naef et al. 2001 ,1884004028,gas,2026-09-18T14:51:26.782Z,"{""pl_name"":""HD 169830 b"",""hostname"":""HD 169830"",""gaia_dr3_id"":""Gaia DR3 4048037707717866880"",""ra"":276.9561859,""dec"":-29.8167919,""sy_dist"":37.6048,""sy_gaiamag"":5.77641,""pl_rade"":13.2,""pl_radelim"":0,""pl_bmasse"":804.42369812,""pl_bmasselim"":0,""pl_bmassprov"":""Msini"",""pl_orbper"":225.67372,""pl_orbperlim"":0,""pl_orbsmax"":0.765,""pl_eqt"":345,""pl_eqtlim"":0,""disc_year"":2000,""discoverymethod"":""Radial Velocity"",""disc_refname"":""<a refstr=NAEF_ET_AL__2001 href=https://ui.adsabs.harvard.edu/abs/2001A&A...375..205N/abstract target=ref> Naef et al. 2001 </a>"",""import_batch"":""astralys_nasa_confirmed_planets_20260918"",""discovery_status"":""confirmed"",""table"":""pscomppars"",""gaia_host_source_id"":""4048037707717866880"",""orbit_order"":1,""retrieved_at"":""2026-09-18T14:51:26.782Z"",""sky_position_kind"":""host_system_direction"",""visual_is_interpretation"":true,""best_mass_is_minimum"":true}"
planet,NASA_EXOPLANET_ARCHIVE,HD 192699 b,HD 192699 b,c2144ce4-d4f4-493d-bbcc-2ae5ac07d6be,HD 192699,304.0248392,4.5805708,234.384508,,13.4,,340.94,495,2007,Radial Velocity, Johnson et al. 2007 ,1467368906,gas,2026-09-18T14:51:26.782Z,"{""pl_name"":""HD 192699 b"",""hostname"":""HD 192699"",""gaia_dr3_id"":""Gaia DR3 4246124829130366848"",""ra"":304.0248392,""dec"":4.5805708,""sy_dist"":71.8627,""sy_gaiamag"":6.21085,""pl_rade"":13.4,""pl_radelim"":0,""pl_bmasse"":666.17168,""pl_bmasselim"":0,""pl_bmassprov"":""Msini"",""pl_orbper"":340.94,""pl_orbperlim"":0,""pl_orbsmax"":1.063,""pl_eqt"":495.11,""pl_eqtlim"":0,""disc_year"":2007,""discoverymethod"":""Radial Velocity"",""disc_refname"":""<a refstr=JOHNSON_ET_AL__2007 href=https://ui.adsabs.harvard.edu/abs/2007ApJ...665..785J/abstract target=ref> Johnson et al. 2007 </a>"",""import_batch"":""astralys_nasa_confirmed_planets_20260918"",""discovery_status"":""confirmed"",""table"":""pscomppars"",""gaia_host_source_id"":""4246124829130366848"",""orbit_order"":1,""retrieved_at"":""2026-09-18T14:51:26.782Z"",""sky_position_kind"":""host_system_direction"",""visual_is_interpretation"":true,""best_mass_is_minimum"":true}"
planet,NASA_EXOPLANET_ARCHIVE,gam Lib c,gam Lib c,c6d215e8-0e23-45cb-9888-5965a46100aa,gam Lib,233.8818636,-14.789502,154.603489,,12.8,,966.49,544,2018,Radial Velocity,Takarada et al. 2018,1512788274,gas,2026-09-18T14:51:26.782Z,"{""pl_name"":""gam Lib c"",""hostname"":""gam Lib"",""gaia_dr3_id"":""Gaia DR3 6265374394490973184"",""ra"":233.8818636,""dec"":-14.789502,""sy_dist"":47.4017,""sy_gaiamag"":3.64937,""pl_rade"":12.8,""pl_radelim"":0,""pl_bmasse"":1662.56039702,""pl_bmasselim"":0,""pl_bmassprov"":""Msini"",""pl_orbper"":966.49,""pl_orbperlim"":0,""pl_orbsmax"":2.318,""pl_eqt"":543.71,""pl_eqtlim"":0,""disc_year"":2018,""discoverymethod"":""Radial Velocity"",""disc_refname"":""<a refstr=TAKARADA_ET_AL__2018 href=https://ui.adsabs.harvard.edu/abs/2018PASJ...70...59T/abstract target=ref>Takarada et al. 2018</a>"",""import_batch"":""astralys_nasa_confirmed_planets_20260918"",""discovery_status"":""confirmed"",""table"":""pscomppars"",""gaia_host_source_id"":""6265374394490973184"",""orbit_order"":2,""retrieved_at"":""2026-09-18T14:51:26.782Z"",""sky_position_kind"":""host_system_direction"",""visual_is_interpretation"":true,""best_mass_is_minimum"":true}"
planet,NASA_EXOPLANET_ARCHIVE,HD 5608 b,HD 5608 b,760175cb-202f-43aa-b83b-b1c0f5e0d7df,HD 5608,14.5594349,33.9505774,189.530882,,13.7,,768.7,404,2012,Radial Velocity, Sato et al. 2012 ,1541369779,gas,2026-09-18T14:51:26.782Z,"{""pl_name"":""HD 5608 b"",""hostname"":""HD 5608"",""gaia_dr3_id"":""Gaia DR3 362706006713454208"",""ra"":14.5594349,""dec"":33.9505774,""sy_dist"":58.1105,""sy_gaiamag"":5.72695,""pl_rade"":13.7,""pl_radelim"":0,""pl_bmasse"":371.22357938,""pl_bmasselim"":0,""pl_bmassprov"":""Msini"",""pl_orbper"":768.7,""pl_orbperlim"":0,""pl_orbsmax"":1.79,""pl_eqt"":403.72,""pl_eqtlim"":0,""disc_year"":2012,""discoverymethod"":""Radial Velocity"",""disc_refname"":""<a refstr=SATO_ET_AL__2012 href=https://ui.adsabs.harvard.edu/abs/2012PASJ...64..135S/abstract target=ref> Sato et al. 2012 </a>"",""import_batch"":""astralys_nasa_confirmed_planets_20260918"",""discovery_status"":""confirmed"",""table"":""pscomppars"",""gaia_host_source_id"":""362706006713454208"",""orbit_order"":1,""retrieved_at"":""2026-09-18T14:51:26.782Z"",""sky_position_kind"":""host_system_direction"",""visual_is_interpretation"":true,""best_mass_is_minimum"":true}"
planet,NASA_EXOPLANET_ARCHIVE,HD 34445 f,HD 34445 f,f2ff17c9-1f13-49ea-b4aa-1b311b828e55,HD 34445,79.4207483,7.3527156,150.327583,,6.88,,676.8,266,2017,Radial Velocity,Vogt et al. 2017,1106007638,gas,2026-09-18T14:51:26.782Z,"{""pl_name"":""HD 34445 f"",""hostname"":""HD 34445"",""gaia_dr3_id"":""Gaia DR3 3241295308714904960"",""ra"":79.4207483,""dec"":7.3527156,""sy_dist"":46.0907,""sy_gaiamag"":7.14947,""pl_rade"":6.88,""pl_radelim"":0,""pl_bmasse"":37.9,""pl_bmasselim"":0,""pl_bmassprov"":""Msini"",""pl_orbper"":676.8,""pl_orbperlim"":0,""pl_orbsmax"":1.543,""pl_eqt"":266.14,""pl_eqtlim"":0,""disc_year"":2017,""discoverymethod"":""Radial Velocity"",""disc_refname"":""<a refstr=VOGT_ET_AL__2017 href=https://ui.adsabs.harvard.edu/abs/2017AJ....154..181V/abstract target=ref>Vogt et al. 2017</a>"",""import_batch"":""astralys_nasa_confirmed_planets_20260918"",""discovery_status"":""confirmed"",""table"":""pscomppars"",""gaia_host_source_id"":""3241295308714904960"",""orbit_order"":4,""retrieved_at"":""2026-09-18T14:51:26.782Z"",""sky_position_kind"":""host_system_direction"",""visual_is_interpretation"":true,""best_mass_is_minimum"":true}"
planet,NASA_EXOPLANET_ARCHIVE,HD 34445 e,HD 34445 e,f2ff17c9-1f13-49ea-b4aa-1b311b828e55,HD 34445,79.4207483,7.3527156,150.327583,,4.26,,49.175,638,2017,Radial Velocity,Vogt et al. 2017,1055674781,gas,2026-09-18T14:51:26.782Z,"{""pl_name"":""HD 34445 e"",""hostname"":""HD 34445"",""gaia_dr3_id"":""Gaia DR3 3241295308714904960"",""ra"":79.4207483,""dec"":7.3527156,""sy_dist"":46.0907,""sy_gaiamag"":7.14947,""pl_rade"":4.26,""pl_radelim"":0,""pl_bmasse"":16.8,""pl_bmasselim"":0,""pl_bmassprov"":""Msini"",""pl_orbper"":49.175,""pl_orbperlim"":0,""pl_orbsmax"":0.2687,""pl_eqt"":637.76,""pl_eqtlim"":0,""disc_year"":2017,""discoverymethod"":""Radial Velocity"",""disc_refname"":""<a refstr=VOGT_ET_AL__2017 href=https://ui.adsabs.harvard.edu/abs/2017AJ....154..181V/abstract target=ref>Vogt et al. 2017</a>"",""import_batch"":""astralys_nasa_confirmed_planets_20260918"",""discovery_status"":""confirmed"",""table"":""pscomppars"",""gaia_host_source_id"":""3241295308714904960"",""orbit_order"":1,""retrieved_at"":""2026-09-18T14:51:26.782Z"",""sky_position_kind"":""host_system_direction"",""visual_is_interpretation"":true,""best_mass_is_minimum"":true}"
planet,NASA_EXOPLANET_ARCHIVE,HD 216435 b,HD 216435 b,58553e61-6a1e-491f-8e9a-b7236ac9cd1b,HD 216435,343.4094703,-48.5986332,107.577338,,13.7,,1311,243,2002,Radial Velocity, Jones et al. 2003 ,787143943,gas,2026-09-18T14:51:26.782Z,"{""pl_name"":""HD 216435 b"",""hostname"":""HD 216435"",""gaia_dr3_id"":""Gaia DR3 6515731817739456256"",""ra"":343.4094703,""dec"":-48.5986332,""sy_dist"":32.9834,""sy_gaiamag"":5.88357,""pl_rade"":13.7,""pl_radelim"":0,""pl_bmasse"":400.4,""pl_bmasselim"":0,""pl_bmassprov"":""Msini"",""pl_orbper"":1311,""pl_orbperlim"":0,""pl_orbsmax"":2.56,""pl_eqt"":242.57,""pl_eqtlim"":0,""disc_year"":2002,""discoverymethod"":""Radial Velocity"",""disc_refname"":""<a refstr=JONES_ET_AL__2003 href=https://ui.adsabs.harvard.edu/abs/2003MNRAS.341..948J/abstract target=ref> Jones et al. 2003 </a>"",""import_batch"":""astralys_nasa_confirmed_planets_20260918"",""discovery_status"":""confirmed"",""table"":""pscomppars"",""gaia_host_source_id"":""6515731817739456256"",""orbit_order"":1,""retrieved_at"":""2026-09-18T14:51:26.782Z"",""sky_position_kind"":""host_system_direction"",""visual_is_interpretation"":true,""best_mass_is_minimum"":true}"
planet,NASA_EXOPLANET_ARCHIVE,HD 23079 b,HD 23079 b,87c7ea48-10f1-420f-873e-8a6ebd172007,HD 23079,54.9281897,-52.9162344,109.128862,,13.2,,735.74,237,2001,Radial Velocity, Tinney et al. 2002 ,117854450,gas,2026-09-18T14:51:26.782Z,"{""pl_name"":""HD 23079 b"",""hostname"":""HD 23079"",""gaia_dr3_id"":""Gaia DR3 4733035238430992768"",""ra"":54.9281897,""dec"":-52.9162344,""sy_dist"":33.4591,""sy_gaiamag"":6.96235,""pl_rade"":13.2,""pl_radelim"":0,""pl_bmasse"":845.42356262,""pl_bmasselim"":0,""pl_bmassprov"":""Msini"",""pl_orbper"":735.74,""pl_orbperlim"":0,""pl_orbsmax"":1.6,""pl_eqt"":237.47,""pl_eqtlim"":0,""disc_year"":2001,""discoverymethod"":""Radial Velocity"",""disc_refname"":""<a refstr=TINNEY_ET_AL__2002 href=https://ui.adsabs.harvard.edu/abs/2002ApJ...571..528T/abstract target=ref> Tinney et al. 2002 </a>"",""import_batch"":""astralys_nasa_confirmed_planets_20260918"",""discovery_status"":""confirmed"",""table"":""pscomppars"",""gaia_host_source_id"":""4733035238430992768"",""orbit_order"":2,""retrieved_at"":""2026-09-18T14:51:26.782Z"",""sky_position_kind"":""host_system_direction"",""visual_is_interpretation"":true,""best_mass_is_minimum"":true}"
planet,NASA_EXOPLANET_ARCHIVE,HD 20794 e,HD 20794 e,d5ef748c-a083-4eb7-877e-1534d5be60e0,HD 20794,49.9997666,-43.0666533,19.578427,,2.03,,147.02,352,2017,Radial Velocity,Feng et al. 2017,2053014232,rocky,2026-09-18T14:51:26.782Z,"{""pl_name"":""HD 20794 e"",""hostname"":""HD 20794"",""gaia_dr3_id"":""Gaia DR3 4847957293278177024"",""ra"":49.9997666,""dec"":-43.0666533,""sy_dist"":6.00278,""sy_gaiamag"":4.06635,""pl_rade"":2.03,""pl_radelim"":0,""pl_bmasse"":4.77,""pl_bmasselim"":0,""pl_bmassprov"":""Msini"",""pl_orbper"":147.02,""pl_orbperlim"":0,""pl_orbsmax"":0.509,""pl_eqt"":352.04,""pl_eqtlim"":0,""disc_year"":2017,""discoverymethod"":""Radial Velocity"",""disc_refname"":""<a refstr=FENG_ET_AL__2017 href=https://ui.adsabs.harvard.edu/abs/2017A&A...605A.103F/abstract target=ref>Feng et al. 2017</a>"",""import_batch"":""astralys_nasa_confirmed_planets_20260918"",""discovery_status"":""confirmed"",""table"":""pscomppars"",""gaia_host_source_id"":""4847957293278177024"",""orbit_order"":3,""retrieved_at"":""2026-09-18T14:51:26.782Z"",""sky_position_kind"":""host_system_direction"",""visual_is_interpretation"":true,""best_mass_is_minimum"":true}"
planet,NASA_EXOPLANET_ARCHIVE,HD 159243 c,HD 159243 c,c888e755-d84f-4f0e-a64b-3519d40fda73,HD 159243,263.3395365,5.7008254,239.090287,,13.4,,248.4,349,2013,Radial Velocity, Moutou et al. 2014 ,1295323379,gas,2026-09-18T14:51:26.782Z,"{""pl_name"":""HD 159243 c"",""hostname"":""HD 159243"",""gaia_dr3_id"":""Gaia DR3 4485937214320449280"",""ra"":263.3395365,""dec"":5.7008254,""sy_dist"":73.3055,""sy_gaiamag"":8.51188,""pl_rade"":13.4,""pl_radelim"":0,""pl_bmasse"":603.9,""pl_bmasselim"":0,""pl_bmassprov"":""Msini"",""pl_orbper"":248.4,""pl_orbperlim"":0,""pl_orbsmax"":0.8,""pl_eqt"":349.35,""pl_eqtlim"":0,""disc_year"":2013,""discoverymethod"":""Radial Velocity"",""disc_refname"":""<a refstr=MOUTOU_ET_AL__2014 href=https://ui.adsabs.harvard.edu/abs/2014A%26A...563A..22M/abstract target=ref> Moutou et al. 2014 </a>"",""import_batch"":""astralys_nasa_confirmed_planets_20260918"",""discovery_status"":""confirmed"",""table"":""pscomppars"",""gaia_host_source_id"":""4485937214320449280"",""orbit_order"":2,""retrieved_at"":""2026-09-18T14:51:26.782Z"",""sky_position_kind"":""host_system_direction"",""visual_is_interpretation"":true,""best_mass_is_minimum"":true}"
planet,NASA_EXOPLANET_ARCHIVE,HIP 91258 b,HIP 91258 b,3aaa68cc-9c4b-4f19-be68-2e53aadac882,HIP 91258,279.2211173,61.7015065,149.655376,,13.7,,5.0505,1025,2013,Radial Velocity, Moutou et al. 2014 ,1434054537,gas,2026-09-18T14:51:26.782Z,"{""pl_name"":""HIP 91258 b"",""hostname"":""HIP 91258"",""gaia_dr3_id"":""Gaia DR3 2159653734187847168"",""ra"":279.2211173,""dec"":61.7015065,""sy_dist"":45.8846,""sy_gaiamag"":8.45032,""pl_rade"":13.7,""pl_radelim"":0,""pl_bmasse"":346.4347,""pl_bmasselim"":0,""pl_bmassprov"":""Msini"",""pl_orbper"":5.0505,""pl_orbperlim"":0,""pl_orbsmax"":0.06,""pl_eqt"":1024.97,""pl_eqtlim"":0,""disc_year"":2013,""discoverymethod"":""Radial Velocity"",""disc_refname"":""<a refstr=MOUTOU_ET_AL__2014 href=https://ui.adsabs.harvard.edu/abs/2014A%26A...563A..22M/abstract target=ref> Moutou et al. 2014 </a>"",""import_batch"":""astralys_nasa_confirmed_planets_20260918"",""discovery_status"":""confirmed"",""table"":""pscomppars"",""gaia_host_source_id"":""2159653734187847168"",""orbit_order"":1,""retrieved_at"":""2026-09-18T14:51:26.782Z"",""sky_position_kind"":""host_system_direction"",""visual_is_interpretation"":true,""best_mass_is_minimum"":true}"
planet,NASA_EXOPLANET_ARCHIVE,HD 33564 b,HD 33564 b,c62009ed-e707-462d-8b75-bf111eeb5b3e,HD 33564,80.6378979,79.2318488,68.339793,,12.5,,388,344,2005,Radial Velocity, Galland et al. 2005 ,552952297,gas,2026-09-18T14:51:26.782Z,"{""pl_name"":""HD 33564 b"",""hostname"":""HD 33564"",""gaia_dr3_id"":""Gaia DR3 553480551264062848"",""ra"":80.6378979,""dec"":79.2318488,""sy_dist"":20.9531,""sy_gaiamag"":4.97155,""pl_rade"":12.5,""pl_radelim"":0,""pl_bmasse"":2892.1,""pl_bmasselim"":0,""pl_bmassprov"":""Msini"",""pl_orbper"":388,""pl_orbperlim"":0,""pl_orbsmax"":1.1,""pl_eqt"":344.43,""pl_eqtlim"":0,""disc_year"":2005,""discoverymethod"":""Radial Velocity"",""disc_refname"":""<a refstr=GALLAND_ET_AL__2005 href=https://ui.adsabs.harvard.edu/abs/2005A&A...444L..21G/abstract target=ref> Galland et al. 2005 </a>"",""import_batch"":""astralys_nasa_confirmed_planets_20260918"",""discovery_status"":""confirmed"",""table"":""pscomppars"",""gaia_host_source_id"":""553480551264062848"",""orbit_order"":1,""retrieved_at"":""2026-09-18T14:51:26.782Z"",""sky_position_kind"":""host_system_direction"",""visual_is_interpretation"":true,""best_mass_is_minimum"":true}"
planet,NASA_EXOPLANET_ARCHIVE,HD 12484 b,HD 12484 b,886df2f4-945e-4bec-8793-6f5e0f6e0471,HD 12484,30.6115322,2.8158078,157.653047,,13.2,,58.83,524,2016,Radial Velocity,H&eacute;brard et al. 2016,163836634,gas,2026-09-18T14:51:26.782Z,"{""pl_name"":""HD 12484 b"",""hostname"":""HD 12484"",""gaia_dr3_id"":""Gaia DR3 2517585931994600448"",""ra"":30.6115322,""dec"":2.8158078,""sy_dist"":48.3367,""sy_gaiamag"":8.04463,""pl_rade"":13.2,""pl_radelim"":0,""pl_bmasse"":947.1334,""pl_bmasselim"":0,""pl_bmassprov"":""Msini"",""pl_orbper"":58.83,""pl_orbperlim"":0,""pl_orbsmax"":0.297,""pl_eqt"":524.3,""pl_eqtlim"":0,""disc_year"":2016,""discoverymethod"":""Radial Velocity"",""disc_refname"":""<a refstr=H_EACUTE_BRARD_ET_AL__2016 href=https://ui.adsabs.harvard.edu/abs/2016A&A...588A.145H/abstract target=ref>H&eacute;brard et al. 2016</a>"",""import_batch"":""astralys_nasa_confirmed_planets_20260918"",""discovery_status"":""confirmed"",""table"":""pscomppars"",""gaia_host_source_id"":""2517585931994600448"",""orbit_order"":1,""retrieved_at"":""2026-09-18T14:51:26.782Z"",""sky_position_kind"":""host_system_direction"",""visual_is_interpretation"":true,""best_mass_is_minimum"":true}"
planet,NASA_EXOPLANET_ARCHIVE,tau Cet h,tau Cet h,f5008a1a-a3cb-4cb9-8b7e-9c2aa4727426,tau Cet,26.0093029,-15.9337987,11.751531,,1.19,,49.41,473,2017,Radial Velocity,Feng et al. 2017,627721721,rocky,2026-09-18T14:51:26.782Z,"{""pl_name"":""tau Cet h"",""hostname"":""tau Cet"",""gaia_dr3_id"":""Gaia DR3 2452378776434477184"",""ra"":26.0093029,""dec"":-15.9337987,""sy_dist"":3.60304,""sy_gaiamag"":3.24854,""pl_rade"":1.19,""pl_radelim"":0,""pl_bmasse"":1.83,""pl_bmasselim"":0,""pl_bmassprov"":""Msini"",""pl_orbper"":49.41,""pl_orbperlim"":0,""pl_orbsmax"":0.243,""pl_eqt"":473.22,""pl_eqtlim"":0,""disc_year"":2017,""discoverymethod"":""Radial Velocity"",""disc_refname"":""<a refstr=FENG_ET_AL__2017 href=https://ui.adsabs.harvard.edu/abs/2017AJ....154..135F/abstract target=ref>Feng et al. 2017</a>"",""import_batch"":""astralys_nasa_confirmed_planets_20260918"",""discovery_status"":""confirmed"",""table"":""pscomppars"",""gaia_host_source_id"":""2452378776434477184"",""orbit_order"":2,""retrieved_at"":""2026-09-18T14:51:26.782Z"",""sky_position_kind"":""host_system_direction"",""visual_is_interpretation"":true,""best_mass_is_minimum"":true}"
planet,NASA_EXOPLANET_ARCHIVE,HD 220689 b,HD 220689 b,b5c6e4a0-b510-4b32-a50e-f1c58b84d588,HD 220689,351.4707282,-20.6167923,152.894757,,13.7,381.3940884,2266.4,160,2012,Radial Velocity, Marmier et al. 2013 ,196422805,gas,2026-09-18T14:51:26.782Z,"{""pl_name"":""HD 220689 b"",""hostname"":""HD 220689"",""gaia_dr3_id"":""Gaia DR3 2391838429257482496"",""ra"":351.4707282,""dec"":-20.6167923,""sy_dist"":46.8778,""sy_gaiamag"":7.59438,""pl_rade"":13.7,""pl_radelim"":0,""pl_bmasse"":381.3940884,""pl_bmasselim"":0,""pl_bmassprov"":""Mass"",""pl_orbper"":2266.4,""pl_orbperlim"":0,""pl_orbsmax"":3.396,""pl_eqt"":160.11,""pl_eqtlim"":0,""disc_year"":2012,""discoverymethod"":""Radial Velocity"",""disc_refname"":""<a refstr=MARMIER_ET_AL__2013 href=https://ui.adsabs.harvard.edu/abs/2013A%26A...551A..90M/abstract target=ref> Marmier et al. 2013 </a>"",""import_batch"":""astralys_nasa_confirmed_planets_20260918"",""discovery_status"":""confirmed"",""table"":""pscomppars"",""gaia_host_source_id"":""2391838429257482496"",""orbit_order"":1,""retrieved_at"":""2026-09-18T14:51:26.782Z"",""sky_position_kind"":""host_system_direction"",""visual_is_interpretation"":true,""best_mass_is_minimum"":false}"
planet,NASA_EXOPLANET_ARCHIVE,HD 75784 c,HD 75784 c,a9886fde-3e96-4461-b85a-a0dbea43fea2,HD 75784,133.0992289,13.2330548,278.64192,,12.8,,7900,149,2018,Radial Velocity,Ment et al. 2018,1074866513,gas,2026-09-18T14:51:26.782Z,"{""pl_name"":""HD 75784 c"",""hostname"":""HD 75784"",""gaia_dr3_id"":""Gaia DR3 608182831000585728"",""ra"":133.0992289,""dec"":13.2330548,""sy_dist"":85.4321,""sy_gaiamag"":7.5599,""pl_rade"":12.8,""pl_radelim"":0,""pl_bmasse"":1792.5612,""pl_bmasselim"":0,""pl_bmassprov"":""Msini"",""pl_orbper"":7900,""pl_orbperlim"":0,""pl_orbsmax"":8.4,""pl_eqt"":149.31,""pl_eqtlim"":0,""disc_year"":2018,""discoverymethod"":""Radial Velocity"",""disc_refname"":""<a refstr=MENT_ET_AL__2018 href=https://ui.adsabs.harvard.edu/abs/2018AJ....156..213M/abstract target=ref>Ment et al. 2018</a>"",""import_batch"":""astralys_nasa_confirmed_planets_20260918"",""discovery_status"":""confirmed"",""table"":""pscomppars"",""gaia_host_source_id"":""608182831000585728"",""orbit_order"":2,""retrieved_at"":""2026-09-18T14:51:26.782Z"",""sky_position_kind"":""host_system_direction"",""visual_is_interpretation"":true,""best_mass_is_minimum"":true}"
planet,NASA_EXOPLANET_ARCHIVE,GJ 504 b,GJ 504 b,4edddf81-44c2-4ed2-bad2-e632ab193d60,GJ 504,199.192348,9.4249781,57.174821,,12.10569916,1271.3,,510,2013,Imaging, Kuzuhara et al. 2013 ,1551779550,gas,2026-09-18T14:51:26.782Z,"{""pl_name"":""GJ 504 b"",""hostname"":""GJ 504"",""gaia_dr3_id"":""Gaia DR3 3732539683617410816"",""ra"":199.192348,""dec"":9.4249781,""sy_dist"":17.5299,""sy_gaiamag"":5.04156,""pl_rade"":12.10569916,""pl_radelim"":0,""pl_bmasse"":1271.3,""pl_bmasselim"":0,""pl_bmassprov"":""Mass"",""pl_orbper"":null,""pl_orbperlim"":null,""pl_orbsmax"":43.5,""pl_eqt"":510,""pl_eqtlim"":0,""disc_year"":2013,""discoverymethod"":""Imaging"",""disc_refname"":""<a refstr=KUZUHARA_ET_AL__2013 href=https://ui.adsabs.harvard.edu/abs/2013ApJ...774...11K/abstract target=ref> Kuzuhara et al. 2013 </a>"",""import_batch"":""astralys_nasa_confirmed_planets_20260918"",""discovery_status"":""confirmed"",""table"":""pscomppars"",""gaia_host_source_id"":""3732539683617410816"",""orbit_order"":null,""retrieved_at"":""2026-09-18T14:51:26.782Z"",""sky_position_kind"":""host_system_direction"",""visual_is_interpretation"":true,""best_mass_is_minimum"":false}"
planet,NASA_EXOPLANET_ARCHIVE,psi1 Dra B b,psi1 Dra B b,1fa0d68a-a9a7-4324-bba0-fe5110def692,psi1 Dra B,265.4925754,72.1557114,74.098729,,13.5,,3117,159,2015,Radial Velocity,Endl et al. 2016,529122919,gas,2026-09-18T14:51:26.782Z,"{""pl_name"":""psi1 Dra B b"",""hostname"":""psi1 Dra B"",""gaia_dr3_id"":""Gaia DR3 1651268763282397312"",""ra"":265.4925754,""dec"":72.1557114,""sy_dist"":22.7188,""sy_gaiamag"":5.64766,""pl_rade"":13.5,""pl_radelim"":0,""pl_bmasse"":486.2799,""pl_bmasselim"":0,""pl_bmassprov"":""Msini"",""pl_orbper"":3117,""pl_orbperlim"":0,""pl_orbsmax"":4.43,""pl_eqt"":159.48,""pl_eqtlim"":0,""disc_year"":2015,""discoverymethod"":""Radial Velocity"",""disc_refname"":""<a refstr=ENDL_ET_AL__2016 href=https://ui.adsabs.harvard.edu/abs/2016ApJ...818...34E/abstract target=ref>Endl et al. 2016</a>"",""import_batch"":""astralys_nasa_confirmed_planets_20260918"",""discovery_status"":""confirmed"",""table"":""pscomppars"",""gaia_host_source_id"":""1651268763282397312"",""orbit_order"":1,""retrieved_at"":""2026-09-18T14:51:26.782Z"",""sky_position_kind"":""host_system_direction"",""visual_is_interpretation"":true,""best_mass_is_minimum"":true}"
planet,NASA_EXOPLANET_ARCHIVE,HD 66141 b,HD 66141 b,6f5cd87a-0cf0-4551-8a2c-49f73a78a22c,HD 66141,120.5662825,2.3350265,222.278249,,12.8,,480.5,880,2012,Radial Velocity, Lee et al. 2012 ,1336387320,gas,2026-09-18T14:51:26.782Z,"{""pl_name"":""HD 66141 b"",""hostname"":""HD 66141"",""gaia_dr3_id"":""Gaia DR3 3087964941891149952"",""ra"":120.5662825,""dec"":2.3350265,""sy_dist"":68.1509,""sy_gaiamag"":3.97926,""pl_rade"":12.8,""pl_radelim"":0,""pl_bmasse"":1906.9,""pl_bmasselim"":0,""pl_bmassprov"":""Msini"",""pl_orbper"":480.5,""pl_orbperlim"":0,""pl_orbsmax"":1.2,""pl_eqt"":880.31,""pl_eqtlim"":0,""disc_year"":2012,""discoverymethod"":""Radial Velocity"",""disc_refname"":""<a refstr=LEE_ET_AL__2012 href=https://ui.adsabs.harvard.edu/abs/2012A%26A...548A.118L/abstract target=ref> Lee et al. 2012 </a>"",""import_batch"":""astralys_nasa_confirmed_planets_20260918"",""discovery_status"":""confirmed"",""table"":""pscomppars"",""gaia_host_source_id"":""3087964941891149952"",""orbit_order"":1,""retrieved_at"":""2026-09-18T14:51:26.782Z"",""sky_position_kind"":""host_system_direction"",""visual_is_interpretation"":true,""best_mass_is_minimum"":true}"
planet,NASA_EXOPLANET_ARCHIVE,HD 203030 b,HD 203030 b,6325ffa1-ab5e-47c8-b529-4f14067fc24b,HD 203030,319.7432238,26.2305846,128.017208,,14.4595851,3496.112477,,1040,2006,Imaging, Metchev & Hillenbrand 2006 ,1918732587,gas,2026-09-18T14:51:26.782Z,"{""pl_name"":""HD 203030 b"",""hostname"":""HD 203030"",""gaia_dr3_id"":""Gaia DR3 1846882224145757056"",""ra"":319.7432238,""dec"":26.2305846,""sy_dist"":39.2503,""sy_gaiamag"":8.24663,""pl_rade"":14.4595851,""pl_radelim"":0,""pl_bmasse"":3496.112477,""pl_bmasselim"":0,""pl_bmassprov"":""Mass"",""pl_orbper"":null,""pl_orbperlim"":null,""pl_orbsmax"":487.1,""pl_eqt"":1040,""pl_eqtlim"":0,""disc_year"":2006,""discoverymethod"":""Imaging"",""disc_refname"":""<a refstr=METCHEV___HILLENBRAND_2006 href=https://ui.adsabs.harvard.edu/abs/2006ApJ...651.1166M/abstract target=ref> Metchev & Hillenbrand 2006 </a>"",""import_batch"":""astralys_nasa_confirmed_planets_20260918"",""discovery_status"":""confirmed"",""table"":""pscomppars"",""gaia_host_source_id"":""1846882224145757056"",""orbit_order"":null,""retrieved_at"":""2026-09-18T14:51:26.782Z"",""sky_position_kind"":""host_system_direction"",""visual_is_interpretation"":true,""best_mass_is_minimum"":false}"
planet,NASA_EXOPLANET_ARCHIVE,HD 147379 b,HD 147379 b,d7dc7ae5-0412-4b47-9441-1a5c9ae1b8f4,HD 147379,244.1725686,67.2392041,35.10841,,4.94,,86.58,277,2017,Radial Velocity,Reiners et al. 2018,436072339,gas,2026-09-18T14:51:26.782Z,"{""pl_name"":""HD 147379 b"",""hostname"":""HD 147379"",""gaia_dr3_id"":""Gaia DR3 1642641410934267008"",""ra"":244.1725686,""dec"":67.2392041,""sy_dist"":10.7643,""sy_gaiamag"":7.90052,""pl_rade"":4.94,""pl_radelim"":0,""pl_bmasse"":21.6,""pl_bmasselim"":0,""pl_bmassprov"":""Msini"",""pl_orbper"":86.58,""pl_orbperlim"":0,""pl_orbsmax"":0.3193,""pl_eqt"":276.66,""pl_eqtlim"":0,""disc_year"":2017,""discoverymethod"":""Radial Velocity"",""disc_refname"":""<a refstr=REINERS_ET_AL__2018 href=https://ui.adsabs.harvard.edu/abs/2018A&A...609L...5R/abstract target=ref>Reiners et al. 2018</a>"",""import_batch"":""astralys_nasa_confirmed_planets_20260918"",""discovery_status"":""confirmed"",""table"":""pscomppars"",""gaia_host_source_id"":""1642641410934267008"",""orbit_order"":1,""retrieved_at"":""2026-09-18T14:51:26.782Z"",""sky_position_kind"":""host_system_direction"",""visual_is_interpretation"":true,""best_mass_is_minimum"":true}"
planet,NASA_EXOPLANET_ARCHIVE,HD 108147 b,HD 108147 b,0f5b712b-c577-48ac-ab66-05eca212ac16,HD 108147,186.4409852,-64.0223492,126.939915,,10.9,,10.8985,890,2002,Radial Velocity, Pepe et al. 2002 ,134612562,gas,2026-09-18T14:51:26.782Z,"{""pl_name"":""HD 108147 b"",""hostname"":""HD 108147"",""gaia_dr3_id"":""Gaia DR3 6053512007260865280"",""ra"":186.4409852,""dec"":-64.0223492,""sy_dist"":38.92,""sy_gaiamag"":6.85345,""pl_rade"":10.9,""pl_radelim"":0,""pl_bmasse"":82.95,""pl_bmasselim"":0,""pl_bmassprov"":""Msini"",""pl_orbper"":10.8985,""pl_orbperlim"":0,""pl_orbsmax"":0.102,""pl_eqt"":890,""pl_eqtlim"":0,""disc_year"":2002,""discoverymethod"":""Radial Velocity"",""disc_refname"":""<a refstr=PEPE_ET_AL__2002 href=https://ui.adsabs.harvard.edu/abs/2002A&A...388..632P/abstract target=ref> Pepe et al. 2002 </a>"",""import_batch"":""astralys_nasa_confirmed_planets_20260918"",""discovery_status"":""confirmed"",""table"":""pscomppars"",""gaia_host_source_id"":""6053512007260865280"",""orbit_order"":1,""retrieved_at"":""2026-09-18T14:51:26.782Z"",""sky_position_kind"":""host_system_direction"",""visual_is_interpretation"":true,""best_mass_is_minimum"":true}"
planet,NASA_EXOPLANET_ARCHIVE,HD 155918 c,HD 155918 c,c337a427-06cc-42dd-8e3c-0fd83d6f1637,HD 155918,260.5364025,-75.349239,89.891855,,12.8,1878.04805696,17202.19446,77,2022,Radial Velocity,Feng et al. 2022,406996212,gas,2026-09-18T14:51:26.782Z,"{""pl_name"":""HD 155918 c"",""hostname"":""HD 155918"",""gaia_dr3_id"":""Gaia DR3 5801950515627094400"",""ra"":260.5364025,""dec"":-75.349239,""sy_dist"":27.561,""sy_gaiamag"":6.8406,""pl_rade"":12.8,""pl_radelim"":0,""pl_bmasse"":1878.04805696,""pl_bmasselim"":0,""pl_bmassprov"":""Mass"",""pl_orbper"":17202.19446,""pl_orbperlim"":0,""pl_orbsmax"":13.183,""pl_eqt"":77.38,""pl_eqtlim"":0,""disc_year"":2022,""discoverymethod"":""Radial Velocity"",""disc_refname"":""<a refstr=FENG_ET_AL__2022 href=https://ui.adsabs.harvard.edu/abs/2022ApJS..262...21F/abstract target=ref>Feng et al. 2022</a>"",""import_batch"":""astralys_nasa_confirmed_planets_20260918"",""discovery_status"":""confirmed"",""table"":""pscomppars"",""gaia_host_source_id"":""5801950515627094400"",""orbit_order"":2,""retrieved_at"":""2026-09-18T14:51:26.782Z"",""sky_position_kind"":""host_system_direction"",""visual_is_interpretation"":true,""best_mass_is_minimum"":false}"
planet,NASA_EXOPLANET_ARCHIVE,HD 101581 b,HD 101581 b,2d08d84f-e565-4318-9065-74afc74b272b,HIP 56998,175.2563039,-44.4041485,41.67654,,0.956,,4.46569,834,2025,Transit,Kunimoto et al. 2025,1948458261,lava,2026-09-18T14:51:26.782Z,"{""pl_name"":""HD 101581 b"",""hostname"":""HIP 56998"",""gaia_dr3_id"":""Gaia DR3 5378886891123024512"",""ra"":175.2563039,""dec"":-44.4041485,""sy_dist"":12.7781,""sy_gaiamag"":7.38399,""pl_rade"":0.956,""pl_radelim"":0,""pl_bmasse"":0.827,""pl_bmasselim"":0,""pl_bmassprov"":""M-R relationship"",""pl_orbper"":4.46569,""pl_orbperlim"":0,""pl_orbsmax"":0.046,""pl_eqt"":834,""pl_eqtlim"":0,""disc_year"":2025,""discoverymethod"":""Transit"",""disc_refname"":""<a refstr=KUNIMOTO_ET_AL__2025 href=https://ui.adsabs.harvard.edu/abs/2025AJ....169...47K/abstract target=ref>Kunimoto et al. 2025</a>"",""import_batch"":""astralys_nasa_confirmed_planets_20260918"",""discovery_status"":""confirmed"",""table"":""pscomppars"",""gaia_host_source_id"":""5378886891123024512"",""orbit_order"":1,""retrieved_at"":""2026-09-18T14:51:26.782Z"",""sky_position_kind"":""host_system_direction"",""visual_is_interpretation"":true,""best_mass_is_minimum"":false}"
planet,NASA_EXOPLANET_ARCHIVE,Barnard c,Barnard c,0206514e-980a-4395-9987-8ae3ffd06e6c,Barnard's star,269.4486144,4.7379808,5.957402,,0.743,,4.1244,400,2025,Radial Velocity,Basant et al. 2025,874491937,rocky,2026-09-18T14:51:26.782Z,"{""pl_name"":""Barnard c"",""hostname"":""Barnard's star"",""gaia_dr3_id"":""Gaia DR3 4472832130942575872"",""ra"":269.4486144,""dec"":4.7379808,""sy_dist"":1.82655,""sy_gaiamag"":8.19511,""pl_rade"":0.743,""pl_radelim"":0,""pl_bmasse"":0.335,""pl_bmasselim"":0,""pl_bmassprov"":""Msini"",""pl_orbper"":4.1244,""pl_orbperlim"":0,""pl_orbsmax"":0.0274,""pl_eqt"":400,""pl_eqtlim"":0,""disc_year"":2025,""discoverymethod"":""Radial Velocity"",""disc_refname"":""<a refstr=BASANT_ET_AL__2025 href=https://ui.adsabs.harvard.edu/abs/2025ApJ...982L...1B/abstract target=ref>Basant et al. 2025</a>"",""import_batch"":""astralys_nasa_confirmed_planets_20260918"",""discovery_status"":""confirmed"",""table"":""pscomppars"",""gaia_host_source_id"":""4472832130942575872"",""orbit_order"":3,""retrieved_at"":""2026-09-18T14:51:26.782Z"",""sky_position_kind"":""host_system_direction"",""visual_is_interpretation"":true,""best_mass_is_minimum"":true}"
planet,NASA_EXOPLANET_ARCHIVE,Barnard b,Barnard b,0206514e-980a-4395-9987-8ae3ffd06e6c,Barnard's star,269.4486144,4.7379808,5.957402,,0.72,,3.1542,438,2024,Radial Velocity,Gonz&aacute;lez Hern&aacute;ndez et al. 2024,891269556,rocky,2026-09-18T14:51:26.782Z,"{""pl_name"":""Barnard b"",""hostname"":""Barnard's star"",""gaia_dr3_id"":""Gaia DR3 4472832130942575872"",""ra"":269.4486144,""dec"":4.7379808,""sy_dist"":1.82655,""sy_gaiamag"":8.19511,""pl_rade"":0.72,""pl_radelim"":0,""pl_bmasse"":0.299,""pl_bmasselim"":0,""pl_bmassprov"":""Msini"",""pl_orbper"":3.1542,""pl_orbperlim"":0,""pl_orbsmax"":0.0229,""pl_eqt"":438,""pl_eqtlim"":0,""disc_year"":2024,""discoverymethod"":""Radial Velocity"",""disc_refname"":""<a refstr=GONZALEZ_HERNANDEZ_ET_AL_2024 href=https://ui.adsabs.harvard.edu/abs/2024A&A...690A..79G/abstract target=ref>Gonz&aacute;lez Hern&aacute;ndez et al. 2024</a>"",""import_batch"":""astralys_nasa_confirmed_planets_20260918"",""discovery_status"":""confirmed"",""table"":""pscomppars"",""gaia_host_source_id"":""4472832130942575872"",""orbit_order"":2,""retrieved_at"":""2026-09-18T14:51:26.782Z"",""sky_position_kind"":""host_system_direction"",""visual_is_interpretation"":true,""best_mass_is_minimum"":true}"
planet,NASA_EXOPLANET_ARCHIVE,Barnard e,Barnard e,0206514e-980a-4395-9987-8ae3ffd06e6c,Barnard's star,269.4486144,4.7379808,5.957402,,0.637,,6.7392,340,2025,Radial Velocity,Basant et al. 2025,975157651,rocky,2026-09-18T14:51:26.782Z,"{""pl_name"":""Barnard e"",""hostname"":""Barnard's star"",""gaia_dr3_id"":""Gaia DR3 4472832130942575872"",""ra"":269.4486144,""dec"":4.7379808,""sy_dist"":1.82655,""sy_gaiamag"":8.19511,""pl_rade"":0.637,""pl_radelim"":0,""pl_bmasse"":0.193,""pl_bmasselim"":0,""pl_bmassprov"":""Msini"",""pl_orbper"":6.7392,""pl_orbperlim"":0,""pl_orbsmax"":0.0381,""pl_eqt"":340,""pl_eqtlim"":0,""disc_year"":2025,""discoverymethod"":""Radial Velocity"",""disc_refname"":""<a refstr=BASANT_ET_AL__2025 href=https://ui.adsabs.harvard.edu/abs/2025ApJ...982L...1B/abstract target=ref>Basant et al. 2025</a>"",""import_batch"":""astralys_nasa_confirmed_planets_20260918"",""discovery_status"":""confirmed"",""table"":""pscomppars"",""gaia_host_source_id"":""4472832130942575872"",""orbit_order"":4,""retrieved_at"":""2026-09-18T14:51:26.782Z"",""sky_position_kind"":""host_system_direction"",""visual_is_interpretation"":true,""best_mass_is_minimum"":true}"
planet,NASA_EXOPLANET_ARCHIVE,HD 18143 c,HD 18143 c,55366095-bab8-48de-849a-ea37f9def5fd,HD 18143,43.9140248,26.8723829,73.464356,,12.5,3177.64841319,28982.41764,55,2022,Radial Velocity,Feng et al. 2022,23803317,gas,2026-09-18T14:51:26.782Z,"{""pl_name"":""HD 18143 c"",""hostname"":""HD 18143"",""gaia_dr3_id"":""Gaia DR3 116037204451525376"",""ra"":43.9140248,""dec"":26.8723829,""sy_dist"":22.5243,""sy_gaiamag"":7.33209,""pl_rade"":12.5,""pl_radelim"":0,""pl_bmasse"":3177.64841319,""pl_bmasselim"":0,""pl_bmassprov"":""Mass"",""pl_orbper"":28982.41764,""pl_orbperlim"":0,""pl_orbsmax"":17.53,""pl_eqt"":54.55,""pl_eqtlim"":0,""disc_year"":2022,""discoverymethod"":""Radial Velocity"",""disc_refname"":""<a refstr=FENG_ET_AL__2022 href=https://ui.adsabs.harvard.edu/abs/2022ApJS..262...21F/abstract target=ref>Feng et al. 2022</a>"",""import_batch"":""astralys_nasa_confirmed_planets_20260918"",""discovery_status"":""confirmed"",""table"":""pscomppars"",""gaia_host_source_id"":""116037204451525376"",""orbit_order"":2,""retrieved_at"":""2026-09-18T14:51:26.782Z"",""sky_position_kind"":""host_system_direction"",""visual_is_interpretation"":true,""best_mass_is_minimum"":false}"
planet,NASA_EXOPLANET_ARCHIVE,HD 206893 b,HD 206893 b,3723ca65-e24c-49f2-a194-fa8b4f4a5a78,HD 206893,326.3416874,-12.7833522,132.935641,,14.01122587,6197.6539365,11100,1429,2021,Imaging,Ward-Duong et al. 2021,168426121,gas,2026-09-18T14:51:26.782Z,"{""pl_name"":""HD 206893 b"",""hostname"":""HD 206893"",""gaia_dr3_id"":""Gaia DR3 6843672087120107264"",""ra"":326.3416874,""dec"":-12.7833522,""sy_dist"":40.7583,""sy_gaiamag"":6.56783,""pl_rade"":14.01122587,""pl_radelim"":0,""pl_bmasse"":6197.6539365,""pl_bmasselim"":0,""pl_bmassprov"":""Mass"",""pl_orbper"":11100,""pl_orbperlim"":0,""pl_orbsmax"":10.75,""pl_eqt"":1429.2,""pl_eqtlim"":0,""disc_year"":2021,""discoverymethod"":""Imaging"",""disc_refname"":""<a refstr=WARD_DUONG_ET_AL__2021 href=https://ui.adsabs.harvard.edu/abs/2021AJ....161....5W/abstract target=ref>Ward-Duong et al. 2021</a>"",""import_batch"":""astralys_nasa_confirmed_planets_20260918"",""discovery_status"":""confirmed"",""table"":""pscomppars"",""gaia_host_source_id"":""6843672087120107264"",""orbit_order"":2,""retrieved_at"":""2026-09-18T14:51:26.782Z"",""sky_position_kind"":""host_system_direction"",""visual_is_interpretation"":true,""best_mass_is_minimum"":false}"
planet,NASA_EXOPLANET_ARCHIVE,HD 73344 c,HD 73344 c,d9d8b7dc-4112-43c6-9981-3f549329fd0c,HD 73344,129.6894456,23.6852651,115.002606,,13.5,,65.94,563,2025,Radial Velocity,Zhang et al. 2025,366651647,gas,2026-09-18T14:51:26.782Z,"{""pl_name"":""HD 73344 c"",""hostname"":""HD 73344"",""gaia_dr3_id"":""Gaia DR3 666427539629086976"",""ra"":129.6894456,""dec"":23.6852651,""sy_dist"":35.26,""sy_gaiamag"":6.7468,""pl_rade"":13.5,""pl_radelim"":0,""pl_bmasse"":118.54999581,""pl_bmasselim"":0,""pl_bmassprov"":""Msini"",""pl_orbper"":65.94,""pl_orbperlim"":0,""pl_orbsmax"":0.3388,""pl_eqt"":562.57,""pl_eqtlim"":0,""disc_year"":2025,""discoverymethod"":""Radial Velocity"",""disc_refname"":""<a refstr=ZHANG_ET_AL_2025 href=https://ui.adsabs.harvard.edu/abs/2025AJ....169..200Z/abstract target=ref>Zhang et al. 2025</a>"",""import_batch"":""astralys_nasa_confirmed_planets_20260918"",""discovery_status"":""confirmed"",""table"":""pscomppars"",""gaia_host_source_id"":""666427539629086976"",""orbit_order"":2,""retrieved_at"":""2026-09-18T14:51:26.782Z"",""sky_position_kind"":""host_system_direction"",""visual_is_interpretation"":true,""best_mass_is_minimum"":true}"
planet,NASA_EXOPLANET_ARCHIVE,HD 105618 c,HD 105618 c,ff2259b9-54f2-4965-927b-2b78662ebd2d,HD 105618,182.4021288,11.2115695,228.582193,,11.9,8419.59232984,77114.07158,52,2022,Radial Velocity,Feng et al. 2022,1281132546,gas,2026-09-18T14:51:26.782Z,"{""pl_name"":""HD 105618 c"",""hostname"":""HD 105618"",""gaia_dr3_id"":""Gaia DR3 3906803888551408000"",""ra"":182.4021288,""dec"":11.2115695,""sy_dist"":70.0837,""sy_gaiamag"":8.46692,""pl_rade"":11.9,""pl_radelim"":0,""pl_bmasse"":8419.59232984,""pl_bmasselim"":0,""pl_bmassprov"":""Mass"",""pl_orbper"":77114.07158,""pl_orbperlim"":0,""pl_orbsmax"":35.731,""pl_eqt"":51.64,""pl_eqtlim"":0,""disc_year"":2022,""discoverymethod"":""Radial Velocity"",""disc_refname"":""<a refstr=FENG_ET_AL__2022 href=https://ui.adsabs.harvard.edu/abs/2022ApJS..262...21F/abstract target=ref>Feng et al. 2022</a>"",""import_batch"":""astralys_nasa_confirmed_planets_20260918"",""discovery_status"":""confirmed"",""table"":""pscomppars"",""gaia_host_source_id"":""3906803888551408000"",""orbit_order"":2,""retrieved_at"":""2026-09-18T14:51:26.782Z"",""sky_position_kind"":""host_system_direction"",""visual_is_interpretation"":true,""best_mass_is_minimum"":false}"
planet,NASA_EXOPLANET_ARCHIVE,HD 196067 c,HD 196067 c,ad98058d-1a8a-4d7f-b82f-fd78349cc9e1,HD 196067,310.4364195,-75.3514992,130.249094,,3.21,,4.601088,,2025,Radial Velocity,Delisle et al. 2025,1862521993,rocky,2026-09-18T14:51:26.782Z,"{""pl_name"":""HD 196067 c"",""hostname"":""HD 196067"",""gaia_dr3_id"":""Gaia DR3 6369544118965772416"",""ra"":310.4364195,""dec"":-75.3514992,""sy_dist"":39.9346,""sy_gaiamag"":6.33009,""pl_rade"":3.21,""pl_radelim"":0,""pl_bmasse"":10.4,""pl_bmasselim"":0,""pl_bmassprov"":""Msini"",""pl_orbper"":4.601088,""pl_orbperlim"":0,""pl_orbsmax"":null,""pl_eqt"":null,""pl_eqtlim"":null,""disc_year"":2025,""discoverymethod"":""Radial Velocity"",""disc_refname"":""<a refstr=DELISLE_ET_AL_2025 href=https://ui.adsabs.harvard.edu/abs/2025A&A...703A..78D/abstract target=ref>Delisle et al. 2025</a>"",""import_batch"":""astralys_nasa_confirmed_planets_20260918"",""discovery_status"":""confirmed"",""table"":""pscomppars"",""gaia_host_source_id"":""6369544118965772416"",""orbit_order"":1,""retrieved_at"":""2026-09-18T14:51:26.782Z"",""sky_position_kind"":""host_system_direction"",""visual_is_interpretation"":true,""best_mass_is_minimum"":true}"
planet,NASA_EXOPLANET_ARCHIVE,GJ 887 d,GJ 887 d,cc13766a-38fb-4d92-a0fb-423902dfc4dc,GJ 887,346.5027573,-35.8473489,10.720063,,2.34,,50.77,241,2026,Radial Velocity,Hartogh et al. 2026,204137238,rocky,2026-09-18T14:51:26.782Z,"{""pl_name"":""GJ 887 d"",""hostname"":""GJ 887"",""gaia_dr3_id"":""Gaia DR3 6553614253923452800"",""ra"":346.5027573,""dec"":-35.8473489,""sy_dist"":3.28679,""sy_gaiamag"":6.52199,""pl_rade"":2.34,""pl_radelim"":0,""pl_bmasse"":6.1,""pl_bmasselim"":0,""pl_bmassprov"":""Msini"",""pl_orbper"":50.77,""pl_orbperlim"":0,""pl_orbsmax"":0.212,""pl_eqt"":241,""pl_eqtlim"":0,""disc_year"":2026,""discoverymethod"":""Radial Velocity"",""disc_refname"":""<a refstr=HARTOGH_ET_AL_2026 href=https://ui.adsabs.harvard.edu/abs/2026A&A...707A..93H/abstract target=ref>Hartogh et al. 2026</a>"",""import_batch"":""astralys_nasa_confirmed_planets_20260918"",""discovery_status"":""confirmed"",""table"":""pscomppars"",""gaia_host_source_id"":""6553614253923452800"",""orbit_order"":4,""retrieved_at"":""2026-09-18T14:51:26.782Z"",""sky_position_kind"":""host_system_direction"",""visual_is_interpretation"":true,""best_mass_is_minimum"":true}"
planet,NASA_EXOPLANET_ARCHIVE,HD 11112 b,HD 11112 b,4ae54c7e-a120-4556-8c94-b3f6c804e680,HD 11112,27.0881399,-41.4944106,144.749337,,12.6,2598.56505563,17244.90764,95,2022,Radial Velocity,Feng et al. 2022,1510517046,gas,2026-09-18T14:51:26.782Z,"{""pl_name"":""HD 11112 b"",""hostname"":""HD 11112"",""gaia_dr3_id"":""Gaia DR3 4959271163279358208"",""ra"":27.0881399,""dec"":-41.4944106,""sy_dist"":44.3804,""sy_gaiamag"":6.96653,""pl_rade"":12.6,""pl_radelim"":0,""pl_bmasse"":2598.56505563,""pl_bmasselim"":0,""pl_bmassprov"":""Mass"",""pl_orbper"":17244.90764,""pl_orbperlim"":0,""pl_orbsmax"":13.38,""pl_eqt"":94.51,""pl_eqtlim"":0,""disc_year"":2022,""discoverymethod"":""Radial Velocity"",""disc_refname"":""<a refstr=FENG_ET_AL__2022 href=https://ui.adsabs.harvard.edu/abs/2022ApJS..262...21F/abstract target=ref>Feng et al. 2022</a>"",""import_batch"":""astralys_nasa_confirmed_planets_20260918"",""discovery_status"":""confirmed"",""table"":""pscomppars"",""gaia_host_source_id"":""4959271163279358208"",""orbit_order"":1,""retrieved_at"":""2026-09-18T14:51:26.782Z"",""sky_position_kind"":""host_system_direction"",""visual_is_interpretation"":true,""best_mass_is_minimum"":false}"
planet,NASA_EXOPLANET_ARCHIVE,HD 113337 c,HD 113337 c,e450e3a3-d007-4722-ae39-7c1e36ddb5ac,HD 113337,195.4438496,63.610328,118.003241,,12.1,6299.67685515,5429.93477,153,2020,Radial Velocity,Xuan et al. 2020,428487357,gas,2026-09-18T14:51:26.782Z,"{""pl_name"":""HD 113337 c"",""hostname"":""HD 113337"",""gaia_dr3_id"":""Gaia DR3 1676282377934772608"",""ra"":195.4438496,""dec"":63.610328,""sy_dist"":36.18,""sy_gaiamag"":5.91168,""pl_rade"":12.1,""pl_radelim"":0,""pl_bmasse"":6299.67685515,""pl_bmasselim"":0,""pl_bmassprov"":""Mass"",""pl_orbper"":5429.93477,""pl_orbperlim"":0,""pl_orbsmax"":6.805,""pl_eqt"":153.36,""pl_eqtlim"":0,""disc_year"":2020,""discoverymethod"":""Radial Velocity"",""disc_refname"":""<a refstr=XUAN_ET_AL__2020 href=https://ui.adsabs.harvard.edu/abs/2020MNRAS.499.5059X/abstract target=ref>Xuan et al. 2020</a>"",""import_batch"":""astralys_nasa_confirmed_planets_20260918"",""discovery_status"":""confirmed"",""table"":""pscomppars"",""gaia_host_source_id"":""1676282377934772608"",""orbit_order"":2,""retrieved_at"":""2026-09-18T14:51:26.782Z"",""sky_position_kind"":""host_system_direction"",""visual_is_interpretation"":true,""best_mass_is_minimum"":false}"
planet,NASA_EXOPLANET_ARCHIVE,HD 94771 b,HD 94771 b,aea1c44b-d560-4026-8267-80ba53d78090,HD 94771,163.9746776,-35.1145225,188.45522,,14.2,,2164,201,2023,Radial Velocity,Frensch et al. 2023,1264477269,gas,2026-09-18T14:51:26.782Z,"{""pl_name"":""HD 94771 b"",""hostname"":""HD 94771"",""gaia_dr3_id"":""Gaia DR3 5401358469249455104"",""ra"":163.9746776,""dec"":-35.1145225,""sy_dist"":57.7807,""sy_gaiamag"":7.17929,""pl_rade"":14.2,""pl_radelim"":0,""pl_bmasse"":169,""pl_bmasselim"":0,""pl_bmassprov"":""Msini"",""pl_orbper"":2164,""pl_orbperlim"":0,""pl_orbsmax"":3.48,""pl_eqt"":200.79,""pl_eqtlim"":0,""disc_year"":2023,""discoverymethod"":""Radial Velocity"",""disc_refname"":""<a refstr=FRENSCH_ET_AL_2023 href=https://ui.adsabs.harvard.edu/abs/2023A&A...675A.173F/abstract target=ref>Frensch et al. 2023</a>"",""import_batch"":""astralys_nasa_confirmed_planets_20260918"",""discovery_status"":""confirmed"",""table"":""pscomppars"",""gaia_host_source_id"":""5401358469249455104"",""orbit_order"":1,""retrieved_at"":""2026-09-18T14:51:26.782Z"",""sky_position_kind"":""host_system_direction"",""visual_is_interpretation"":true,""best_mass_is_minimum"":true}"
planet,NASA_EXOPLANET_ARCHIVE,HD 122562 c,HD 122562 c,6e432f79-9713-47e4-a67b-a0c405d63089,HD 122562,210.5886904,20.8810286,173.687202,,10.1,,84.96276,552,2022,Radial Velocity,Feng et al. 2022,1992796880,gas,2026-09-18T14:51:26.782Z,"{""pl_name"":""HD 122562 c"",""hostname"":""HD 122562"",""gaia_dr3_id"":""Gaia DR3 1247279294695975168"",""ra"":210.5886904,""dec"":20.8810286,""sy_dist"":53.2528,""sy_gaiamag"":7.4131,""pl_rade"":10.1,""pl_radelim"":0,""pl_bmasse"":73.10053361,""pl_bmasselim"":0,""pl_bmassprov"":""Msini"",""pl_orbper"":84.96276,""pl_orbperlim"":0,""pl_orbsmax"":0.406,""pl_eqt"":552.02,""pl_eqtlim"":0,""disc_year"":2022,""discoverymethod"":""Radial Velocity"",""disc_refname"":""<a refstr=FENG_ET_AL__2022 href=https://ui.adsabs.harvard.edu/abs/2022ApJS..262...21F/abstract target=ref>Feng et al. 2022</a>"",""import_batch"":""astralys_nasa_confirmed_planets_20260918"",""discovery_status"":""confirmed"",""table"":""pscomppars"",""gaia_host_source_id"":""1247279294695975168"",""orbit_order"":1,""retrieved_at"":""2026-09-18T14:51:26.782Z"",""sky_position_kind"":""host_system_direction"",""visual_is_interpretation"":true,""best_mass_is_minimum"":true}"
planet,NASA_EXOPLANET_ARCHIVE,HD 115404 A c,HD 115404 A c,a2bf58ae-9ad3-4a33-b94e-a735c49d90a2,HD 115404 A,199.2155793,17.0160384,35.817147,,12.5,3279.67133183,15319.22517,61,2022,Radial Velocity,Feng et al. 2022,1077133542,gas,2026-09-18T14:51:26.782Z,"{""pl_name"":""HD 115404 A c"",""hostname"":""HD 115404 A"",""gaia_dr3_id"":""Gaia DR3 3936909723803146368"",""ra"":199.2155793,""dec"":17.0160384,""sy_dist"":10.9816,""sy_gaiamag"":6.28558,""pl_rade"":12.5,""pl_radelim"":0,""pl_bmasse"":3279.67133183,""pl_bmasselim"":0,""pl_bmassprov"":""Mass"",""pl_orbper"":15319.22517,""pl_orbperlim"":0,""pl_orbsmax"":11.364,""pl_eqt"":61.22,""pl_eqtlim"":0,""disc_year"":2022,""discoverymethod"":""Radial Velocity"",""disc_refname"":""<a refstr=FENG_ET_AL__2022 href=https://ui.adsabs.harvard.edu/abs/2022ApJS..262...21F/abstract target=ref>Feng et al. 2022</a>"",""import_batch"":""astralys_nasa_confirmed_planets_20260918"",""discovery_status"":""confirmed"",""table"":""pscomppars"",""gaia_host_source_id"":""3936909723803146368"",""orbit_order"":2,""retrieved_at"":""2026-09-18T14:51:26.782Z"",""sky_position_kind"":""host_system_direction"",""visual_is_interpretation"":true,""best_mass_is_minimum"":false}"
planet,NASA_EXOPLANET_ARCHIVE,HD 203387 b,HD 203387 b,204927b3-dd8c-45c7-8ed2-c4435c860fbf,HD 203387,320.561782,-16.8345229,201.393828,,13.1,,512.5352,610,2022,Radial Velocity,Feng et al. 2022,1441204721,gas,2026-09-18T14:51:26.782Z,"{""pl_name"":""HD 203387 b"",""hostname"":""HD 203387"",""gaia_dr3_id"":""Gaia DR3 6835905927256722688"",""ra"":320.561782,""dec"":-16.8345229,""sy_dist"":61.7477,""sy_gaiamag"":4.05534,""pl_rade"":13.1,""pl_radelim"":0,""pl_bmasse"":1106.04285636,""pl_bmasselim"":0,""pl_bmassprov"":""Msini"",""pl_orbper"":512.5352,""pl_orbperlim"":0,""pl_orbsmax"":1.771,""pl_eqt"":610,""pl_eqtlim"":0,""disc_year"":2022,""discoverymethod"":""Radial Velocity"",""disc_refname"":""<a refstr=FENG_ET_AL__2022 href=https://ui.adsabs.harvard.edu/abs/2022ApJS..262...21F/abstract target=ref>Feng et al. 2022</a>"",""import_batch"":""astralys_nasa_confirmed_planets_20260918"",""discovery_status"":""confirmed"",""table"":""pscomppars"",""gaia_host_source_id"":""6835905927256722688"",""orbit_order"":1,""retrieved_at"":""2026-09-18T14:51:26.782Z"",""sky_position_kind"":""host_system_direction"",""visual_is_interpretation"":true,""best_mass_is_minimum"":true}"
planet,NASA_EXOPLANET_ARCHIVE,HIP 99770 b,HIP 99770 b,9782ae30-9136-4a5f-b708-9fb9766f2cff,HIP 99770,303.6338344,36.8066046,130.711909,,12.2,5403.082919,18600,135,2023,Imaging,Currie et al. 2023,1155726124,gas,2026-09-18T14:51:26.782Z,"{""pl_name"":""HIP 99770 b"",""hostname"":""HIP 99770"",""gaia_dr3_id"":""Gaia DR3 2060523518197844608"",""ra"":303.6338344,""dec"":36.8066046,""sy_dist"":40.0765,""sy_gaiamag"":4.9147,""pl_rade"":12.2,""pl_radelim"":0,""pl_bmasse"":5403.082919,""pl_bmasselim"":0,""pl_bmassprov"":""Mass"",""pl_orbper"":18600,""pl_orbperlim"":0,""pl_orbsmax"":15.8,""pl_eqt"":135.17,""pl_eqtlim"":0,""disc_year"":2023,""discoverymethod"":""Imaging"",""disc_refname"":""<a refstr=CURRIE_ET_AL_2023 href=https://ui.adsabs.harvard.edu/abs/2023Sci...380..198C/abstract target=ref>Currie et al. 2023</a>"",""import_batch"":""astralys_nasa_confirmed_planets_20260918"",""discovery_status"":""confirmed"",""table"":""pscomppars"",""gaia_host_source_id"":""2060523518197844608"",""orbit_order"":1,""retrieved_at"":""2026-09-18T14:51:26.782Z"",""sky_position_kind"":""host_system_direction"",""visual_is_interpretation"":true,""best_mass_is_minimum"":false}"
planet,NASA_EXOPLANET_ARCHIVE,HD 68475 b,HD 68475 b,686e4567-2ee9-44cf-ba0e-18331385d543,HD 68475,122.7192621,-42.8128841,109.032972,,12.8,1639.99458012,7832,80,2026,Radial Velocity,Wu et al. 2026,1627994498,gas,2026-09-18T14:51:26.782Z,"{""pl_name"":""HD 68475 b"",""hostname"":""HD 68475"",""gaia_dr3_id"":""Gaia DR3 5521268527328372096"",""ra"":122.7192621,""dec"":-42.8128841,""sy_dist"":33.4297,""sy_gaiamag"":8.51672,""pl_rade"":12.8,""pl_radelim"":0,""pl_bmasse"":1639.99458012,""pl_bmasselim"":0,""pl_bmassprov"":""Mass"",""pl_orbper"":7832,""pl_orbperlim"":0,""pl_orbsmax"":7.27,""pl_eqt"":79.88,""pl_eqtlim"":0,""disc_year"":2026,""discoverymethod"":""Radial Velocity"",""disc_refname"":""<a refstr=WU_ET_AL_2026 href=https://ui.adsabs.harvard.edu/abs/2026AJ....171..189W/abstract target=ref>Wu et al. 2026</a>"",""import_batch"":""astralys_nasa_confirmed_planets_20260918"",""discovery_status"":""confirmed"",""table"":""pscomppars"",""gaia_host_source_id"":""5521268527328372096"",""orbit_order"":1,""retrieved_at"":""2026-09-18T14:51:26.782Z"",""sky_position_kind"":""host_system_direction"",""visual_is_interpretation"":true,""best_mass_is_minimum"":false}"
planet,NASA_EXOPLANET_ARCHIVE,HD 48265 c,HD 48265 c,968abe84-2f1d-4fa6-8b61-aa2ebad9a3e4,HD 48265,100.0073683,-48.5418284,295.316646,,12.9,1414.33641115,10418,124,2026,Radial Velocity,Wu et al. 2026,923040479,gas,2026-09-18T14:51:26.782Z,"{""pl_name"":""HD 48265 c"",""hostname"":""HD 48265"",""gaia_dr3_id"":""Gaia DR3 5551551998119947648"",""ra"":100.0073683,""dec"":-48.5418284,""sy_dist"":90.5446,""sy_gaiamag"":7.87925,""pl_rade"":12.9,""pl_radelim"":0,""pl_bmasse"":1414.33641115,""pl_bmasselim"":0,""pl_bmassprov"":""Mass"",""pl_orbper"":10418,""pl_orbperlim"":0,""pl_orbsmax"":10.4,""pl_eqt"":124.28,""pl_eqtlim"":0,""disc_year"":2026,""discoverymethod"":""Radial Velocity"",""disc_refname"":""<a refstr=WU_ET_AL_2026 href=https://ui.adsabs.harvard.edu/abs/2026AJ....171..189W/abstract target=ref>Wu et al. 2026</a>"",""import_batch"":""astralys_nasa_confirmed_planets_20260918"",""discovery_status"":""confirmed"",""table"":""pscomppars"",""gaia_host_source_id"":""5551551998119947648"",""orbit_order"":2,""retrieved_at"":""2026-09-18T14:51:26.782Z"",""sky_position_kind"":""host_system_direction"",""visual_is_interpretation"":true,""best_mass_is_minimum"":false}"
planet,NASA_EXOPLANET_ARCHIVE,HD 219134 c,HD 219134 c,a027f84d-ac42-4b04-aa81-4b4eabf9e2ce,HD 219134,348.3372026,57.1696255,21.302129,,1.511,4.36,6.76458,782,2015,Radial Velocity,Motalebi et al. 2015,619461878,lava,2026-09-18T14:51:26.782Z,"{""pl_name"":""HD 219134 c"",""hostname"":""HD 219134"",""gaia_dr3_id"":""Gaia DR3 2009481748875806976"",""ra"":348.3372026,""dec"":57.1696255,""sy_dist"":6.53127,""sy_gaiamag"":5.2402,""pl_rade"":1.511,""pl_radelim"":0,""pl_bmasse"":4.36,""pl_bmasselim"":0,""pl_bmassprov"":""Mass"",""pl_orbper"":6.76458,""pl_orbperlim"":0,""pl_orbsmax"":0.0653,""pl_eqt"":782,""pl_eqtlim"":0,""disc_year"":2015,""discoverymethod"":""Radial Velocity"",""disc_refname"":""<a refstr=MOTALEBI_ET_AL__2015 href=https://ui.adsabs.harvard.edu/abs/2015A&A...584A..72M/abstract target=ref>Motalebi et al. 2015</a>"",""import_batch"":""astralys_nasa_confirmed_planets_20260918"",""discovery_status"":""confirmed"",""table"":""pscomppars"",""gaia_host_source_id"":""2009481748875806976"",""orbit_order"":2,""retrieved_at"":""2026-09-18T14:51:26.782Z"",""sky_position_kind"":""host_system_direction"",""visual_is_interpretation"":true,""best_mass_is_minimum"":false}"
planet,NASA_EXOPLANET_ARCHIVE,HD 24085 b,HD 24085 b,6e295c14-071c-418a-a274-f7f07d4b06dc,HD 24085,56.2563447,-70.0245193,179.060949,,3.46,,2.0455,1875,2019,Radial Velocity,Feng et al. 2019,187216062,lava,2026-09-18T14:51:26.782Z,"{""pl_name"":""HD 24085 b"",""hostname"":""HD 24085"",""gaia_dr3_id"":""Gaia DR3 4666907516760096512"",""ra"":56.2563447,""dec"":-70.0245193,""sy_dist"":54.9004,""sy_gaiamag"":7.42496,""pl_rade"":3.46,""pl_radelim"":0,""pl_bmasse"":11.8,""pl_bmasselim"":0,""pl_bmassprov"":""Msini"",""pl_orbper"":2.0455,""pl_orbperlim"":0,""pl_orbsmax"":0.034,""pl_eqt"":1875.43,""pl_eqtlim"":0,""disc_year"":2019,""discoverymethod"":""Radial Velocity"",""disc_refname"":""<a refstr=FENG_ET_AL__2019 href=https://ui.adsabs.harvard.edu/abs/2019ApJS..242...25F/abstract target=ref>Feng et al. 2019</a>"",""import_batch"":""astralys_nasa_confirmed_planets_20260918"",""discovery_status"":""confirmed"",""table"":""pscomppars"",""gaia_host_source_id"":""4666907516760096512"",""orbit_order"":1,""retrieved_at"":""2026-09-18T14:51:26.782Z"",""sky_position_kind"":""host_system_direction"",""visual_is_interpretation"":true,""best_mass_is_minimum"":true}"
planet,NASA_EXOPLANET_ARCHIVE,HD 216520 b,HD 216520 b,9a6a8c7a-dd8a-4c42-bf79-907b5a8c753f,HD 216520,341.8768719,83.6975307,63.770021,,3.18,,35.45,482,2020,Radial Velocity,Burt et al. 2021,1554059904,rocky,2026-09-18T14:51:26.782Z,"{""pl_name"":""HD 216520 b"",""hostname"":""HD 216520"",""gaia_dr3_id"":""Gaia DR3 2299942278201276288"",""ra"":341.8768719,""dec"":83.6975307,""sy_dist"":19.552,""sy_gaiamag"":7.27896,""pl_rade"":3.18,""pl_radelim"":0,""pl_bmasse"":10.26,""pl_bmasselim"":0,""pl_bmassprov"":""Msini"",""pl_orbper"":35.45,""pl_orbperlim"":0,""pl_orbsmax"":0.198,""pl_eqt"":482.1,""pl_eqtlim"":0,""disc_year"":2020,""discoverymethod"":""Radial Velocity"",""disc_refname"":""<a refstr=BURT_ET_AL__2021 href=https://ui.adsabs.harvard.edu/abs/2021AJ....161...10B/abstract target=ref>Burt et al. 2021</a>"",""import_batch"":""astralys_nasa_confirmed_planets_20260918"",""discovery_status"":""confirmed"",""table"":""pscomppars"",""gaia_host_source_id"":""2299942278201276288"",""orbit_order"":1,""retrieved_at"":""2026-09-18T14:51:26.782Z"",""sky_position_kind"":""host_system_direction"",""visual_is_interpretation"":true,""best_mass_is_minimum"":true}"
planet,NASA_EXOPLANET_ARCHIVE,GJ 514 b,GJ 514 b,3398365b-6f78-45ae-9149-63d3d78a706a,GJ 514,202.5040424,10.3725387,24.845847,,2.13,,140.43,202,2022,Radial Velocity,Damasso et al. 2022,180933928,rocky,2026-09-18T14:51:26.782Z,"{""pl_name"":""GJ 514 b"",""hostname"":""GJ 514"",""gaia_dr3_id"":""Gaia DR3 3738099879558957952"",""ra"":202.5040424,""dec"":10.3725387,""sy_dist"":7.61778,""sy_gaiamag"":8.20621,""pl_rade"":2.13,""pl_radelim"":0,""pl_bmasse"":5.2,""pl_bmasselim"":0,""pl_bmassprov"":""Msini"",""pl_orbper"":140.43,""pl_orbperlim"":0,""pl_orbsmax"":0.422,""pl_eqt"":202,""pl_eqtlim"":0,""disc_year"":2022,""discoverymethod"":""Radial Velocity"",""disc_refname"":""<a refstr=DAMASSO_ET_AL_2022 href=https://ui.adsabs.harvard.edu/abs/2022A&A...666A.187D/abstract target=ref>Damasso et al. 2022</a>"",""import_batch"":""astralys_nasa_confirmed_planets_20260918"",""discovery_status"":""confirmed"",""table"":""pscomppars"",""gaia_host_source_id"":""3738099879558957952"",""orbit_order"":1,""retrieved_at"":""2026-09-18T14:51:26.782Z"",""sky_position_kind"":""host_system_direction"",""visual_is_interpretation"":true,""best_mass_is_minimum"":true}"
planet,NASA_EXOPLANET_ARCHIVE,GJ 687 c,GJ 687 c,0d4beeb6-e893-43d4-abb2-32bb96caafc4,GJ 687,264.1041731,68.3336741,14.838108,,4.14,,727.562,99,2020,Radial Velocity,Feng et al. 2020,959146106,gas,2026-09-18T14:51:26.782Z,"{""pl_name"":""GJ 687 c"",""hostname"":""GJ 687"",""gaia_dr3_id"":""Gaia DR3 1637645127018395776"",""ra"":264.1041731,""dec"":68.3336741,""sy_dist"":4.54939,""sy_gaiamag"":8.02754,""pl_rade"":4.14,""pl_radelim"":0,""pl_bmasse"":16,""pl_bmasselim"":0,""pl_bmassprov"":""Msini"",""pl_orbper"":727.562,""pl_orbperlim"":0,""pl_orbsmax"":1.165,""pl_eqt"":98.62,""pl_eqtlim"":0,""disc_year"":2020,""discoverymethod"":""Radial Velocity"",""disc_refname"":""<a refstr=FENG_ET_AL__2020 href=https://ui.adsabs.harvard.edu/abs/2020ApJS..250...29F/abstract target=ref>Feng et al. 2020</a>"",""import_batch"":""astralys_nasa_confirmed_planets_20260918"",""discovery_status"":""confirmed"",""table"":""pscomppars"",""gaia_host_source_id"":""1637645127018395776"",""orbit_order"":2,""retrieved_at"":""2026-09-18T14:51:26.782Z"",""sky_position_kind"":""host_system_direction"",""visual_is_interpretation"":true,""best_mass_is_minimum"":true}"
planet,NASA_EXOPLANET_ARCHIVE,HD 164922 d,HD 164922 d,716c6a9d-686e-4853-a855-7ccd009ad194,HD 164922,270.6304652,26.3104077,71.759538,,1.83,,12.458,788,2020,Radial Velocity,Benatti et al. 2020,346416131,lava,2026-09-18T14:51:26.782Z,"{""pl_name"":""HD 164922 d"",""hostname"":""HD 164922"",""gaia_dr3_id"":""Gaia DR3 4582680493669880704"",""ra"":270.6304652,""dec"":26.3104077,""sy_dist"":22.0016,""sy_gaiamag"":6.78614,""pl_rade"":1.83,""pl_radelim"":0,""pl_bmasse"":4,""pl_bmasselim"":0,""pl_bmassprov"":""Msini"",""pl_orbper"":12.458,""pl_orbperlim"":0,""pl_orbsmax"":0.103,""pl_eqt"":787.68,""pl_eqtlim"":0,""disc_year"":2020,""discoverymethod"":""Radial Velocity"",""disc_refname"":""<a refstr=BENATTI_ET_AL__2020 href=https://ui.adsabs.harvard.edu/abs/2020A&A...639A..50B/abstract target=ref>Benatti et al. 2020</a>"",""import_batch"":""astralys_nasa_confirmed_planets_20260918"",""discovery_status"":""confirmed"",""table"":""pscomppars"",""gaia_host_source_id"":""4582680493669880704"",""orbit_order"":1,""retrieved_at"":""2026-09-18T14:51:26.782Z"",""sky_position_kind"":""host_system_direction"",""visual_is_interpretation"":true,""best_mass_is_minimum"":true}"
planet,NASA_EXOPLANET_ARCHIVE,TOI-1860 b,TOI-1860 b,8cd24cb1-f9e6-47a2-9e57-b57ecfdb69e0,TOI-1860,226.4567308,64.0476821,149.588188,,1.31,,1.0662107,1885,2022,Transit,Giacalone et al. 2022,485289108,lava,2026-09-18T14:51:26.782Z,"{""pl_name"":""TOI-1860 b"",""hostname"":""TOI-1860"",""gaia_dr3_id"":""Gaia DR3 1620024491110370688"",""ra"":226.4567308,""dec"":64.0476821,""sy_dist"":45.864,""sy_gaiamag"":8.23223,""pl_rade"":1.31,""pl_radelim"":0,""pl_bmasse"":2.27,""pl_bmasselim"":0,""pl_bmassprov"":""M-R relationship"",""pl_orbper"":1.0662107,""pl_orbperlim"":0,""pl_orbsmax"":0.0204,""pl_eqt"":1885,""pl_eqtlim"":0,""disc_year"":2022,""discoverymethod"":""Transit"",""disc_refname"":""<a refstr=GIACALONE_ET_AL__2022 href=https://ui.adsabs.harvard.edu/abs/2022AJ....163...99G/abstract target=ref>Giacalone et al. 2022</a>"",""import_batch"":""astralys_nasa_confirmed_planets_20260918"",""discovery_status"":""confirmed"",""table"":""pscomppars"",""gaia_host_source_id"":""1620024491110370688"",""orbit_order"":1,""retrieved_at"":""2026-09-18T14:51:26.782Z"",""sky_position_kind"":""host_system_direction"",""visual_is_interpretation"":true,""best_mass_is_minimum"":false}"
planet,NASA_EXOPLANET_ARCHIVE,TOI-2194 b,TOI-2194 b,11f47a2a-164b-4fc6-a9f6-cc2d0877a74b,TOI-2194,299.1563393,-31.3351812,63.832317,,1.9892,,15.337597,591,2023,Transit,Mistry et al. 2023,236936253,rocky,2026-09-18T14:51:26.782Z,"{""pl_name"":""TOI-2194 b"",""hostname"":""TOI-2194"",""gaia_dr3_id"":""Gaia DR3 6748283784056800384"",""ra"":299.1563393,""dec"":-31.3351812,""sy_dist"":19.5711,""sy_gaiamag"":8.06594,""pl_rade"":1.9892,""pl_radelim"":0,""pl_bmasse"":4.61,""pl_bmasselim"":0,""pl_bmassprov"":""M-R relationship"",""pl_orbper"":15.337597,""pl_orbperlim"":0,""pl_orbsmax"":null,""pl_eqt"":590.88,""pl_eqtlim"":0,""disc_year"":2023,""discoverymethod"":""Transit"",""disc_refname"":""<a refstr=MISTRY_ET_AL_2023 href=https://ui.adsabs.harvard.edu/abs/2023AJ....166....9M/abstract target=ref>Mistry et al. 2023</a>"",""import_batch"":""astralys_nasa_confirmed_planets_20260918"",""discovery_status"":""confirmed"",""table"":""pscomppars"",""gaia_host_source_id"":""6748283784056800384"",""orbit_order"":1,""retrieved_at"":""2026-09-18T14:51:26.782Z"",""sky_position_kind"":""host_system_direction"",""visual_is_interpretation"":true,""best_mass_is_minimum"":false}"
planet,NASA_EXOPLANET_ARCHIVE,Kepler-444 d,Kepler-444 d,e1d1dda0-8b82-4ddf-82db-227ec7efffa8,Kepler-444,289.7528323,41.631884,118.849942,,0.53,0.2,6.189392,783,2015,Transit,Campante et al. 2015,1916641159,lava,2026-09-18T14:51:26.782Z,"{""pl_name"":""Kepler-444 d"",""hostname"":""Kepler-444"",""gaia_dr3_id"":""Gaia DR3 2101486923385239808"",""ra"":289.7528323,""dec"":41.631884,""sy_dist"":36.4396,""sy_gaiamag"":8.643251,""pl_rade"":0.53,""pl_radelim"":0,""pl_bmasse"":0.2,""pl_bmasselim"":0,""pl_bmassprov"":""Mass"",""pl_orbper"":6.189392,""pl_orbperlim"":0,""pl_orbsmax"":0.06,""pl_eqt"":783,""pl_eqtlim"":0,""disc_year"":2015,""discoverymethod"":""Transit"",""disc_refname"":""<a refstr=CAMPANTE_ET_AL__2015 href=https://ui.adsabs.harvard.edu/abs/2015ApJ...799..170C/abstract target=ref>Campante et al. 2015</a>"",""import_batch"":""astralys_nasa_confirmed_planets_20260918"",""discovery_status"":""confirmed"",""table"":""pscomppars"",""gaia_host_source_id"":""2101486923385239808"",""orbit_order"":3,""retrieved_at"":""2026-09-18T14:51:26.782Z"",""sky_position_kind"":""host_system_direction"",""visual_is_interpretation"":true,""best_mass_is_minimum"":false}"
planet,NASA_EXOPLANET_ARCHIVE,GJ 229 b,GJ 229 b,bdae4443-cfcb-4a7b-9d1b-532cc09f33c2,GJ 229,92.6435993,-21.8677233,18.774322,,3.97,,579.47495,112,2014,Radial Velocity,Tuomi et al. 2014,394194833,ice,2026-09-18T14:51:26.782Z,"{""pl_name"":""GJ 229 b"",""hostname"":""GJ 229"",""gaia_dr3_id"":""Gaia DR3 2940856402123426176"",""ra"":92.6435993,""dec"":-21.8677233,""sy_dist"":5.75624,""sy_gaiamag"":7.30724,""pl_rade"":3.97,""pl_radelim"":0,""pl_bmasse"":14.93793513,""pl_bmasselim"":0,""pl_bmassprov"":""Msini"",""pl_orbper"":579.47495,""pl_orbperlim"":0,""pl_orbsmax"":1.086,""pl_eqt"":111.85,""pl_eqtlim"":0,""disc_year"":2014,""discoverymethod"":""Radial Velocity"",""disc_refname"":""<a refstr=TUOMI_ET_AL__2014 href=https://ui.adsabs.harvard.edu/abs/2014MNRAS.441.1545T/abstract target=ref>Tuomi et al. 2014</a>"",""import_batch"":""astralys_nasa_confirmed_planets_20260918"",""discovery_status"":""confirmed"",""table"":""pscomppars"",""gaia_host_source_id"":""2940856402123426176"",""orbit_order"":2,""retrieved_at"":""2026-09-18T14:51:26.782Z"",""sky_position_kind"":""host_system_direction"",""visual_is_interpretation"":true,""best_mass_is_minimum"":true}"
planet,NASA_EXOPLANET_ARCHIVE,HD 92788 c,HD 92788 c,ac4f25a2-ca31-4b4c-be72-a4ffa33f266a,HD 92788,160.7021351,-2.1847173,113.025448,,13,,11611.2975,91,2019,Radial Velocity,Rickman et al. 2019,864198409,gas,2026-09-18T14:51:26.782Z,"{""pl_name"":""HD 92788 c"",""hostname"":""HD 92788"",""gaia_dr3_id"":""Gaia DR3 3802549437248150656"",""ra"":160.7021351,""dec"":-2.1847173,""sy_dist"":34.6538,""sy_gaiamag"":7.13929,""pl_rade"":13,""pl_radelim"":0,""pl_bmasse"":1166.4361,""pl_bmasselim"":0,""pl_bmassprov"":""Msini"",""pl_orbper"":11611.2975,""pl_orbperlim"":0,""pl_orbsmax"":10.5,""pl_eqt"":91.27,""pl_eqtlim"":0,""disc_year"":2019,""discoverymethod"":""Radial Velocity"",""disc_refname"":""<a refstr=RICKMAN_ET_AL__2019 href=https://ui.adsabs.harvard.edu/abs/2019A&A...625A..71R/abstract target=ref>Rickman et al. 2019</a>"",""import_batch"":""astralys_nasa_confirmed_planets_20260918"",""discovery_status"":""confirmed"",""table"":""pscomppars"",""gaia_host_source_id"":""3802549437248150656"",""orbit_order"":2,""retrieved_at"":""2026-09-18T14:51:26.782Z"",""sky_position_kind"":""host_system_direction"",""visual_is_interpretation"":true,""best_mass_is_minimum"":true}"
planet,NASA_EXOPLANET_ARCHIVE,GJ 414 A c,GJ 414 A c,4e012122-436a-46b5-be14-0a2d9db54ddd,GJ 414 A,167.7745044,30.4451688,38.777665,,8.4,,749.83,125,2021,Radial Velocity,Dedrick et al. 2021,394522416,gas,2026-09-18T14:51:26.782Z,"{""pl_name"":""GJ 414 A c"",""hostname"":""GJ 414 A"",""gaia_dr3_id"":""Gaia DR3 732857558276385664"",""ra"":167.7745044,""dec"":30.4451688,""sy_dist"":11.8893,""sy_gaiamag"":7.72808,""pl_rade"":8.4,""pl_radelim"":0,""pl_bmasse"":53.83,""pl_bmasselim"":0,""pl_bmassprov"":""Msini"",""pl_orbper"":749.83,""pl_orbperlim"":0,""pl_orbsmax"":1.4,""pl_eqt"":124.7,""pl_eqtlim"":0,""disc_year"":2021,""discoverymethod"":""Radial Velocity"",""disc_refname"":""<a refstr=DEDRICK_ET_AL__2021 href=https://ui.adsabs.harvard.edu/abs/2021AJ....161...86D/abstract target=ref>Dedrick et al. 2021</a>"",""import_batch"":""astralys_nasa_confirmed_planets_20260918"",""discovery_status"":""confirmed"",""table"":""pscomppars"",""gaia_host_source_id"":""732857558276385664"",""orbit_order"":2,""retrieved_at"":""2026-09-18T14:51:26.782Z"",""sky_position_kind"":""host_system_direction"",""visual_is_interpretation"":true,""best_mass_is_minimum"":true}"
planet,NASA_EXOPLANET_ARCHIVE,HD 98649 b,HD 98649 b,4d0784bb-e5f7-4abd-8c4d-a243307ace88,HD 98649,170.2147665,-23.2181063,137.548791,,12.5,3082.9355479,5384,114,2012,Radial Velocity, Marmier et al. 2013 ,1774416601,gas,2026-09-18T14:51:26.782Z,"{""pl_name"":""HD 98649 b"",""hostname"":""HD 98649"",""gaia_dr3_id"":""Gaia DR3 3538141457982396928"",""ra"":170.2147665,""dec"":-23.2181063,""sy_dist"":42.1727,""sy_gaiamag"":7.82889,""pl_rade"":12.5,""pl_radelim"":0,""pl_bmasse"":3082.9355479,""pl_bmasselim"":0,""pl_bmassprov"":""Mass"",""pl_orbper"":5384,""pl_orbperlim"":0,""pl_orbsmax"":5.97,""pl_eqt"":114.22,""pl_eqtlim"":0,""disc_year"":2012,""discoverymethod"":""Radial Velocity"",""disc_refname"":""<a refstr=MARMIER_ET_AL__2013 href=https://ui.adsabs.harvard.edu/abs/2013A%26A...551A..90M/abstract target=ref> Marmier et al. 2013 </a>"",""import_batch"":""astralys_nasa_confirmed_planets_20260918"",""discovery_status"":""confirmed"",""table"":""pscomppars"",""gaia_host_source_id"":""3538141457982396928"",""orbit_order"":1,""retrieved_at"":""2026-09-18T14:51:26.782Z"",""sky_position_kind"":""host_system_direction"",""visual_is_interpretation"":true,""best_mass_is_minimum"":false}"
planet,NASA_EXOPLANET_ARCHIVE,HD 42012 b,HD 42012 b,0294185a-fe7d-40f5-81d8-5532f4f3e979,HD 42012,92.485473,34.1341722,120.02019,,13.5,,857.5,183,2017,Radial Velocity,Rey et al. 2017,1935086839,gas,2026-09-18T14:51:26.782Z,"{""pl_name"":""HD 42012 b"",""hostname"":""HD 42012"",""gaia_dr3_id"":""Gaia DR3 3452333199728743936"",""ra"":92.485473,""dec"":34.1341722,""sy_dist"":36.7984,""sy_gaiamag"":8.22949,""pl_rade"":13.5,""pl_radelim"":0,""pl_bmasse"":508.528,""pl_bmasselim"":0,""pl_bmassprov"":""Msini"",""pl_orbper"":857.5,""pl_orbperlim"":0,""pl_orbsmax"":1.67,""pl_eqt"":182.63,""pl_eqtlim"":0,""disc_year"":2017,""discoverymethod"":""Radial Velocity"",""disc_refname"":""<a refstr=REY_ET_AL__2017 href=https://ui.adsabs.harvard.edu/abs/2017A&A...601A...9R/abstract target=ref>Rey et al. 2017</a>"",""import_batch"":""astralys_nasa_confirmed_planets_20260918"",""discovery_status"":""confirmed"",""table"":""pscomppars"",""gaia_host_source_id"":""3452333199728743936"",""orbit_order"":1,""retrieved_at"":""2026-09-18T14:51:26.782Z"",""sky_position_kind"":""host_system_direction"",""visual_is_interpretation"":true,""best_mass_is_minimum"":true}"
planet,NASA_EXOPLANET_ARCHIVE,HD 1605 b,HD 1605 b,4c6ddefe-34a6-4dc5-994d-29f45b20a349,HD 1605,5.1317548,30.9750611,289.641857,,13.8,,577.2,362,2015,Radial Velocity,Harakawa et al. 2015,240297029,gas,2026-09-18T14:51:26.782Z,"{""pl_name"":""HD 1605 b"",""hostname"":""HD 1605"",""gaia_dr3_id"":""Gaia DR3 2862328869351558272"",""ra"":5.1317548,""dec"":30.9750611,""sy_dist"":88.8047,""sy_gaiamag"":7.25688,""pl_rade"":13.8,""pl_radelim"":0,""pl_bmasse"":296.85322,""pl_bmasselim"":0,""pl_bmassprov"":""Msini"",""pl_orbper"":577.2,""pl_orbperlim"":0,""pl_orbsmax"":1.492,""pl_eqt"":362.48,""pl_eqtlim"":0,""disc_year"":2015,""discoverymethod"":""Radial Velocity"",""disc_refname"":""<a refstr=HARAKAWA_ET_AL__2015 href=https://ui.adsabs.harvard.edu/abs/2015ApJ...806....5H/abstract target=ref>Harakawa et al. 2015</a>"",""import_batch"":""astralys_nasa_confirmed_planets_20260918"",""discovery_status"":""confirmed"",""table"":""pscomppars"",""gaia_host_source_id"":""2862328869351558272"",""orbit_order"":1,""retrieved_at"":""2026-09-18T14:51:26.782Z"",""sky_position_kind"":""host_system_direction"",""visual_is_interpretation"":true,""best_mass_is_minimum"":true}"
planet,NASA_EXOPLANET_ARCHIVE,HD 39855 b,HD 39855 b,5548a7fc-5433-4979-83da-9af93deae875,HD 39855,88.6260731,-19.7044472,75.863559,,2.85,,3.2498,1146,2019,Radial Velocity,Feng et al. 2019,986576201,lava,2026-09-18T14:51:26.782Z,"{""pl_name"":""HD 39855 b"",""hostname"":""HD 39855"",""gaia_dr3_id"":""Gaia DR3 2966316109264052096"",""ra"":88.6260731,""dec"":-19.7044472,""sy_dist"":23.2599,""sy_gaiamag"":7.32113,""pl_rade"":2.85,""pl_radelim"":0,""pl_bmasse"":8.5,""pl_bmasselim"":0,""pl_bmassprov"":""Msini"",""pl_orbper"":3.2498,""pl_orbperlim"":0,""pl_orbsmax"":0.041,""pl_eqt"":1145.89,""pl_eqtlim"":0,""disc_year"":2019,""discoverymethod"":""Radial Velocity"",""disc_refname"":""<a refstr=FENG_ET_AL__2019 href=https://ui.adsabs.harvard.edu/abs/2019ApJS..242...25F/abstract target=ref>Feng et al. 2019</a>"",""import_batch"":""astralys_nasa_confirmed_planets_20260918"",""discovery_status"":""confirmed"",""table"":""pscomppars"",""gaia_host_source_id"":""2966316109264052096"",""orbit_order"":1,""retrieved_at"":""2026-09-18T14:51:26.782Z"",""sky_position_kind"":""host_system_direction"",""visual_is_interpretation"":true,""best_mass_is_minimum"":true}"
planet,NASA_EXOPLANET_ARCHIVE,HD 224538 b,HD 224538 b,9c753748-c4c2-4e5e-b6ce-a6c232901afb,HD 224538,359.7164302,-61.5868613,257.861543,,12.7,2075.73732612,1202.05199,237,2016,Radial Velocity,Jenkins et al. 2017,1026960090,gas,2026-09-18T14:51:26.782Z,"{""pl_name"":""HD 224538 b"",""hostname"":""HD 224538"",""gaia_dr3_id"":""Gaia DR3 6488009143872441216"",""ra"":359.7164302,""dec"":-61.5868613,""sy_dist"":79.0608,""sy_gaiamag"":7.92192,""pl_rade"":12.7,""pl_radelim"":0,""pl_bmasse"":2075.73732612,""pl_bmasselim"":0,""pl_bmassprov"":""Mass"",""pl_orbper"":1202.05199,""pl_orbperlim"":0,""pl_orbsmax"":2.375,""pl_eqt"":236.74,""pl_eqtlim"":0,""disc_year"":2016,""discoverymethod"":""Radial Velocity"",""disc_refname"":""<a refstr=JENKINS_ET_AL__2017 href=https://ui.adsabs.harvard.edu/abs/2017MNRAS.466..443J/abstract target=ref>Jenkins et al. 2017</a>"",""import_batch"":""astralys_nasa_confirmed_planets_20260918"",""discovery_status"":""confirmed"",""table"":""pscomppars"",""gaia_host_source_id"":""6488009143872441216"",""orbit_order"":1,""retrieved_at"":""2026-09-18T14:51:26.782Z"",""sky_position_kind"":""host_system_direction"",""visual_is_interpretation"":true,""best_mass_is_minimum"":false}"
planet,NASA_EXOPLANET_ARCHIVE,HD 7924 c,HD 7924 c,da932155-9ba5-4cc9-b66c-79848ef632ce,HD 7924,20.4956562,76.7101475,55.42108,,,,15.299,584,2015,Radial Velocity,Fulton et al. 2015,765378912,rocky,2026-09-18T14:51:26.782Z,"{""pl_name"":""HD 7924 c"",""hostname"":""HD 7924"",""gaia_dr3_id"":""Gaia DR3 560130775546153344"",""ra"":20.4956562,""dec"":76.7101475,""sy_dist"":16.9922,""sy_gaiamag"":6.92516,""pl_rade"":null,""pl_radelim"":null,""pl_bmasse"":1762.67634522,""pl_bmasselim"":1,""pl_bmassprov"":""Mass"",""pl_orbper"":15.299,""pl_orbperlim"":0,""pl_orbsmax"":0.1134,""pl_eqt"":583.6,""pl_eqtlim"":0,""disc_year"":2015,""discoverymethod"":""Radial Velocity"",""disc_refname"":""<a refstr=FULTON_ET_AL__2015 href=https://ui.adsabs.harvard.edu/abs/2015ApJ...805..175F/abstract target=ref>Fulton et al. 2015</a>"",""import_batch"":""astralys_nasa_confirmed_planets_20260918"",""discovery_status"":""confirmed"",""table"":""pscomppars"",""gaia_host_source_id"":""560130775546153344"",""orbit_order"":2,""retrieved_at"":""2026-09-18T14:51:26.782Z"",""sky_position_kind"":""host_system_direction"",""visual_is_interpretation"":true,""best_mass_is_minimum"":false}"
planet,NASA_EXOPLANET_ARCHIVE,GJ 143 b,GJ 143 b,6e8ddadf-5939-46ac-b495-8f0fe4316b40,GJ 143,51.7501882,-63.500166,53.228659,,2.61,22.7,35.61253,422,2019,Transit,Trifonov et al. 2019,208051001,rocky,2026-09-18T14:51:26.782Z,"{""pl_name"":""GJ 143 b"",""hostname"":""GJ 143"",""gaia_dr3_id"":""Gaia DR3 4673947174316727040"",""ra"":51.7501882,""dec"":-63.500166,""sy_dist"":16.32,""sy_gaiamag"":7.67906,""pl_rade"":2.61,""pl_radelim"":0,""pl_bmasse"":22.7,""pl_bmasselim"":0,""pl_bmassprov"":""Mass"",""pl_orbper"":35.61253,""pl_orbperlim"":0,""pl_orbsmax"":0.1915,""pl_eqt"":422,""pl_eqtlim"":0,""disc_year"":2019,""discoverymethod"":""Transit"",""disc_refname"":""<a refstr=TRIFONOV_ET_AL__2019 href=https://ui.adsabs.harvard.edu/abs/2019A&A...622L...7T/abstract target=ref>Trifonov et al. 2019</a>"",""import_batch"":""astralys_nasa_confirmed_planets_20260918"",""discovery_status"":""confirmed"",""table"":""pscomppars"",""gaia_host_source_id"":""4673947174316727040"",""orbit_order"":2,""retrieved_at"":""2026-09-18T14:51:26.782Z"",""sky_position_kind"":""host_system_direction"",""visual_is_interpretation"":true,""best_mass_is_minimum"":false}"
planet,NASA_EXOPLANET_ARCHIVE,HD 107148 c,HD 107148 c,d4413e2c-5d8d-4fc7-b2a1-c237becc11d7,HD 107148,184.8059773,-3.3199927,161.171944,,4.7,,18.3267,800,2021,Radial Velocity,Rosenthal et al. 2021,1843254203,gas,2026-09-18T14:51:26.782Z,"{""pl_name"":""HD 107148 c"",""hostname"":""HD 107148"",""gaia_dr3_id"":""Gaia DR3 3693358861640279296"",""ra"":184.8059773,""dec"":-3.3199927,""sy_dist"":49.4156,""sy_gaiamag"":7.85111,""pl_rade"":4.7,""pl_radelim"":0,""pl_bmasse"":19.89605828,""pl_bmasselim"":0,""pl_bmassprov"":""Msini"",""pl_orbper"":18.3267,""pl_orbperlim"":0,""pl_orbsmax"":0.1407,""pl_eqt"":799.68,""pl_eqtlim"":0,""disc_year"":2021,""discoverymethod"":""Radial Velocity"",""disc_refname"":""<a refstr=ROSENTHAL_ET_AL__2021 href=https://ui.adsabs.harvard.edu/abs/2021ApJS..255....8R/abstract target=ref>Rosenthal et al. 2021</a>"",""import_batch"":""astralys_nasa_confirmed_planets_20260918"",""discovery_status"":""confirmed"",""table"":""pscomppars"",""gaia_host_source_id"":""3693358861640279296"",""orbit_order"":1,""retrieved_at"":""2026-09-18T14:51:26.782Z"",""sky_position_kind"":""host_system_direction"",""visual_is_interpretation"":true,""best_mass_is_minimum"":true}"
planet,NASA_EXOPLANET_ARCHIVE,HD 27969 b,HD 27969 b,ec0a0589-dd17-4331-9e6d-899fe4b90422,HD 27969,66.7068364,42.90872,221.566903,,12.9,,654.5,261,2021,Radial Velocity,Demangeon et al. 2021,1518313113,gas,2026-09-18T14:51:26.782Z,"{""pl_name"":""HD 27969 b"",""hostname"":""HD 27969"",""gaia_dr3_id"":""Gaia DR3 228532602782156288"",""ra"":66.7068364,""dec"":42.90872,""sy_dist"":67.9328,""sy_gaiamag"":7.5139,""pl_rade"":12.9,""pl_radelim"":0,""pl_bmasse"":1525.5763536,""pl_bmasselim"":0,""pl_bmassprov"":""Msini"",""pl_orbper"":654.5,""pl_orbperlim"":0,""pl_orbsmax"":1.552,""pl_eqt"":261,""pl_eqtlim"":0,""disc_year"":2021,""discoverymethod"":""Radial Velocity"",""disc_refname"":""<a refstr=DEMANGEON_ET_AL__2021 href=https://ui.adsabs.harvard.edu/abs/2021A&A...653A..78D/abstract target=ref>Demangeon et al. 2021</a>"",""import_batch"":""astralys_nasa_confirmed_planets_20260918"",""discovery_status"":""confirmed"",""table"":""pscomppars"",""gaia_host_source_id"":""228532602782156288"",""orbit_order"":1,""retrieved_at"":""2026-09-18T14:51:26.782Z"",""sky_position_kind"":""host_system_direction"",""visual_is_interpretation"":true,""best_mass_is_minimum"":true}"
planet,NASA_EXOPLANET_ARCHIVE,HD 95544 b,HD 95544 b,3725084f-709a-4969-9793-73d3b41c6264,HD 95544,166.3231784,81.0389868,286.38095,,12.8,1913.64483855,2041.54152,157,2021,Radial Velocity,Demangeon et al. 2021,253749650,gas,2026-09-18T14:51:26.782Z,"{""pl_name"":""HD 95544 b"",""hostname"":""HD 95544"",""gaia_dr3_id"":""Gaia DR3 1133573746387113856"",""ra"":166.3231784,""dec"":81.0389868,""sy_dist"":87.8049,""sy_gaiamag"":8.210671,""pl_rade"":12.8,""pl_radelim"":0,""pl_bmasse"":1913.64483855,""pl_bmasselim"":0,""pl_bmassprov"":""Mass"",""pl_orbper"":2041.54152,""pl_orbperlim"":0,""pl_orbsmax"":3.166,""pl_eqt"":156.5,""pl_eqtlim"":0,""disc_year"":2021,""discoverymethod"":""Radial Velocity"",""disc_refname"":""<a refstr=DEMANGEON_ET_AL__2021 href=https://ui.adsabs.harvard.edu/abs/2021A&A...653A..78D/abstract target=ref>Demangeon et al. 2021</a>"",""import_batch"":""astralys_nasa_confirmed_planets_20260918"",""discovery_status"":""confirmed"",""table"":""pscomppars"",""gaia_host_source_id"":""1133573746387113856"",""orbit_order"":1,""retrieved_at"":""2026-09-18T14:51:26.782Z"",""sky_position_kind"":""host_system_direction"",""visual_is_interpretation"":true,""best_mass_is_minimum"":false}"
planet,NASA_EXOPLANET_ARCHIVE,HD 168009 b,HD 168009 b,eb8b0624-5d15-4794-8900-09cfea9b7898,HD 168009,273.8847918,45.2088229,76.004785,,3.05,,15.1479,888,2021,Radial Velocity,Rosenthal et al. 2021,889215146,lava,2026-09-18T14:51:26.782Z,"{""pl_name"":""HD 168009 b"",""hostname"":""HD 168009"",""gaia_dr3_id"":""Gaia DR3 2115351387048328832"",""ra"":273.8847918,""dec"":45.2088229,""sy_dist"":23.3032,""sy_gaiamag"":6.14052,""pl_rade"":3.05,""pl_radelim"":0,""pl_bmasse"":9.53485221,""pl_bmasselim"":0,""pl_bmassprov"":""Msini"",""pl_orbper"":15.1479,""pl_orbperlim"":0,""pl_orbsmax"":0.1192,""pl_eqt"":887.57,""pl_eqtlim"":0,""disc_year"":2021,""discoverymethod"":""Radial Velocity"",""disc_refname"":""<a refstr=ROSENTHAL_ET_AL__2021 href=https://ui.adsabs.harvard.edu/abs/2021ApJS..255....8R/abstract target=ref>Rosenthal et al. 2021</a>"",""import_batch"":""astralys_nasa_confirmed_planets_20260918"",""discovery_status"":""confirmed"",""table"":""pscomppars"",""gaia_host_source_id"":""2115351387048328832"",""orbit_order"":1,""retrieved_at"":""2026-09-18T14:51:26.782Z"",""sky_position_kind"":""host_system_direction"",""visual_is_interpretation"":true,""best_mass_is_minimum"":true}"
planet,NASA_EXOPLANET_ARCHIVE,HD 164922 e,HD 164922 e,716c6a9d-686e-4853-a855-7ccd009ad194,HD 164922,270.6304652,26.3104077,71.759538,,3.23,,41.763,544,2021,Radial Velocity,Rosenthal et al. 2021,329638512,rocky,2026-09-18T14:51:26.782Z,"{""pl_name"":""HD 164922 e"",""hostname"":""HD 164922"",""gaia_dr3_id"":""Gaia DR3 4582680493669880704"",""ra"":270.6304652,""dec"":26.3104077,""sy_dist"":22.0016,""sy_gaiamag"":6.78614,""pl_rade"":3.23,""pl_radelim"":0,""pl_bmasse"":10.52012027,""pl_bmasselim"":0,""pl_bmassprov"":""Msini"",""pl_orbper"":41.763,""pl_orbperlim"":0,""pl_orbsmax"":0.2292,""pl_eqt"":543.73,""pl_eqtlim"":0,""disc_year"":2021,""discoverymethod"":""Radial Velocity"",""disc_refname"":""<a refstr=ROSENTHAL_ET_AL__2021 href=https://ui.adsabs.harvard.edu/abs/2021ApJS..255....8R/abstract target=ref>Rosenthal et al. 2021</a>"",""import_batch"":""astralys_nasa_confirmed_planets_20260918"",""discovery_status"":""confirmed"",""table"":""pscomppars"",""gaia_host_source_id"":""4582680493669880704"",""orbit_order"":2,""retrieved_at"":""2026-09-18T14:51:26.782Z"",""sky_position_kind"":""host_system_direction"",""visual_is_interpretation"":true,""best_mass_is_minimum"":true}"
planet,NASA_EXOPLANET_ARCHIVE,HD 115954 b,HD 115954 b,ac105085-6f07-4f6b-8778-78b3cfac498c,HD 115954,199.9853694,38.3691383,285.855186,,12.6,2685.65003915,3700,145,2021,Radial Velocity,Demangeon et al. 2021,1912431436,gas,2026-09-18T14:51:26.782Z,"{""pl_name"":""HD 115954 b"",""hostname"":""HD 115954"",""gaia_dr3_id"":""Gaia DR3 1476407794120339328"",""ra"":199.9853694,""dec"":38.3691383,""sy_dist"":87.6437,""sy_gaiamag"":8.18736,""pl_rade"":12.6,""pl_radelim"":0,""pl_bmasse"":2685.65003915,""pl_bmasselim"":0,""pl_bmassprov"":""Mass"",""pl_orbper"":3700,""pl_orbperlim"":0,""pl_orbsmax"":5,""pl_eqt"":144.9,""pl_eqtlim"":0,""disc_year"":2021,""discoverymethod"":""Radial Velocity"",""disc_refname"":""<a refstr=DEMANGEON_ET_AL__2021 href=https://ui.adsabs.harvard.edu/abs/2021A&A...653A..78D/abstract target=ref>Demangeon et al. 2021</a>"",""import_batch"":""astralys_nasa_confirmed_planets_20260918"",""discovery_status"":""confirmed"",""table"":""pscomppars"",""gaia_host_source_id"":""1476407794120339328"",""orbit_order"":1,""retrieved_at"":""2026-09-18T14:51:26.782Z"",""sky_position_kind"":""host_system_direction"",""visual_is_interpretation"":true,""best_mass_is_minimum"":false}"
planet,NASA_EXOPLANET_ARCHIVE,HD 39194 d,HD 39194 d,de9ada87-f664-4eaa-ad7a-24cab36dfd2d,HD 39194,86.129071,-70.1382377,86.14791,,2.12,,33.874,503,2021,Radial Velocity,Unger et al. 2021,1473456464,rocky,2026-09-18T14:51:26.782Z,"{""pl_name"":""HD 39194 d"",""hostname"":""HD 39194"",""gaia_dr3_id"":""Gaia DR3 4657193606465368704"",""ra"":86.129071,""dec"":-70.1382377,""sy_dist"":26.4131,""sy_gaiamag"":7.85201,""pl_rade"":2.12,""pl_radelim"":0,""pl_bmasse"":5.16,""pl_bmasselim"":0,""pl_bmassprov"":""Msini"",""pl_orbper"":33.874,""pl_orbperlim"":0,""pl_orbsmax"":0.1949,""pl_eqt"":503.31,""pl_eqtlim"":0,""disc_year"":2021,""discoverymethod"":""Radial Velocity"",""disc_refname"":""<a refstr=UNGER_ET_AL__2021 href=https://ui.adsabs.harvard.edu/abs/2021A&A...654A.104U/abstract target=ref>Unger et al. 2021</a>"",""import_batch"":""astralys_nasa_confirmed_planets_20260918"",""discovery_status"":""confirmed"",""table"":""pscomppars"",""gaia_host_source_id"":""4657193606465368704"",""orbit_order"":3,""retrieved_at"":""2026-09-18T14:51:26.782Z"",""sky_position_kind"":""host_system_direction"",""visual_is_interpretation"":true,""best_mass_is_minimum"":true}"
